ISO-10303-21;
HEADER;

/* File generated by HOOPS Exchange Version 25.8.0 */

FILE_DESCRIPTION(('HOOPS Exchange Step'),'2;1');

FILE_NAME('remote-arm.stp',
'2026-09-29T11:05:24+03:00',
(''),
(''),
'HOOPS Exchange 2025.8',
'HOOPS Exchange',
'');

FILE_SCHEMA( ('AP203_CONFIGURATION_CONTROLLED_3D_DESIGN_OF_MECHANICAL_PARTS_AND_ASSEMBLIES_MIM_LF') );

ENDSEC;

DATA;
#3=(NAMED_UNIT(*)PLANE_ANGLE_UNIT()SI_UNIT($,.RADIAN.));
#4=PLANE_ANGLE_MEASURE_WITH_UNIT(PLANE_ANGLE_MEASURE(0.0174532925),#3);
#5=(CONVERSION_BASED_UNIT('DEGREE',#4)NAMED_UNIT(#6)PLANE_ANGLE_UNIT());
#6=DIMENSIONAL_EXPONENTS(0.,0.,0.,0.,0.,0.,0.);
#7=(NAMED_UNIT(*)SI_UNIT($,.STERADIAN.)SOLID_ANGLE_UNIT());
#8=(LENGTH_UNIT()NAMED_UNIT(*)SI_UNIT(.MILLI.,.METRE.));
#9=UNCERTAINTY_MEASURE_WITH_UNIT(LENGTH_MEASURE(1.000000E-03),#8,'DISTANCE_ACCURACY_VALUE','Maximum Tolerance applied to model');
#10=(GEOMETRIC_REPRESENTATION_CONTEXT(3)GLOBAL_UNCERTAINTY_ASSIGNED_CONTEXT((#9))GLOBAL_UNIT_ASSIGNED_CONTEXT((#8,#5,#7))REPRESENTATION_CONTEXT('','root'));
#12=CARTESIAN_POINT('',(0.,0.,0.));
#13=DIRECTION('',(0.,0.,1.));
#14=DIRECTION('',(1.,0.,0.));
#15=AXIS2_PLACEMENT_3D('',#12,#13,#14);
#27=CARTESIAN_POINT('',(22.346283212,11.348586998,10.5));
#28=DIRECTION('',(1.,0.,0.));
#29=DIRECTION('',(0.,0.,-1.));
#30=AXIS2_PLACEMENT_3D('',#27,#28,#29);
#31=PLANE('',#30);
#32=CARTESIAN_POINT('',(22.346283212,10.058816311,-4.535831819));
#33=VERTEX_POINT('',#32);
#34=CARTESIAN_POINT('',(22.346283212,-35.435733758,-4.535831819));
#35=VERTEX_POINT('',#34);
#36=CARTESIAN_POINT('',(22.346283212,10.058816311,-4.535831819));
#37=DIRECTION('',(0.,-1.,0.));
#38=VECTOR('',#37,45.49455007);
#39=LINE('',#36,#38);
#40=EDGE_CURVE('',#33,#35,#39,.T.);
#41=ORIENTED_EDGE('',*,*,#40,.F.);
#42=CARTESIAN_POINT('',(22.346283212,10.058816311,0.));
#43=VERTEX_POINT('',#42);
#44=CARTESIAN_POINT('',(22.346283212,10.058816311,-4.535831819));
#45=DIRECTION('',(0.,-0.,1.));
#46=VECTOR('',#45,4.535831819);
#47=LINE('',#44,#46);
#48=EDGE_CURVE('',#33,#43,#47,.T.);
#49=ORIENTED_EDGE('',*,*,#48,.T.);
#50=CARTESIAN_POINT('',(22.346283212,-35.435733758,0.));
#51=VERTEX_POINT('',#50);
#52=CARTESIAN_POINT('',(22.346283212,-35.435733758,0.));
#53=DIRECTION('',(0.,1.,0.));
#54=VECTOR('',#53,45.49455007);
#55=LINE('',#52,#54);
#56=EDGE_CURVE('',#51,#43,#55,.T.);
#57=ORIENTED_EDGE('',*,*,#56,.F.);
#58=CARTESIAN_POINT('',(22.346283212,-35.435733758,-4.535831819));
#59=DIRECTION('',(0.,-0.,1.));
#60=VECTOR('',#59,4.535831819);
#61=LINE('',#58,#60);
#62=EDGE_CURVE('',#35,#51,#61,.T.);
#63=ORIENTED_EDGE('',*,*,#62,.F.);
#64=EDGE_LOOP('',(#41,#49,#57,#63));
#65=FACE_BOUND('',#64,.T.);
#66=ADVANCED_FACE('',(#65),#31,.T.);
#67=CARTESIAN_POINT('',(-10.932518295,11.348586998,10.5));
#68=DIRECTION('',(1.,0.,0.));
#69=DIRECTION('',(0.,0.,-1.));
#70=AXIS2_PLACEMENT_3D('',#67,#68,#69);
#71=PLANE('',#70);
#72=CARTESIAN_POINT('',(-10.932518295,10.058816311,0.));
#73=VERTEX_POINT('',#72);
#74=CARTESIAN_POINT('',(-10.932518295,-35.435733758,0.));
#75=VERTEX_POINT('',#74);
#76=CARTESIAN_POINT('',(-10.932518295,10.058816311,0.));
#77=DIRECTION('',(0.,-1.,0.));
#78=VECTOR('',#77,45.49455007);
#79=LINE('',#76,#78);
#80=EDGE_CURVE('',#73,#75,#79,.T.);
#81=ORIENTED_EDGE('',*,*,#80,.F.);
#82=CARTESIAN_POINT('',(-10.932518295,10.058816311,-4.535831819));
#83=VERTEX_POINT('',#82);
#84=CARTESIAN_POINT('',(-10.932518295,10.058816311,-4.535831819));
#85=DIRECTION('',(0.,-0.,1.));
#86=VECTOR('',#85,4.535831819);
#87=LINE('',#84,#86);
#88=EDGE_CURVE('',#83,#73,#87,.T.);
#89=ORIENTED_EDGE('',*,*,#88,.F.);
#90=CARTESIAN_POINT('',(-10.932518295,-35.435733758,-4.535831819));
#91=VERTEX_POINT('',#90);
#92=CARTESIAN_POINT('',(-10.932518295,10.058816311,-4.535831819));
#93=DIRECTION('',(0.,-1.,0.));
#94=VECTOR('',#93,45.49455007);
#95=LINE('',#92,#94);
#96=EDGE_CURVE('',#83,#91,#95,.T.);
#97=ORIENTED_EDGE('',*,*,#96,.T.);
#98=CARTESIAN_POINT('',(-10.932518295,-35.435733758,-4.535831819));
#99=DIRECTION('',(0.,-0.,1.));
#100=VECTOR('',#99,4.535831819);
#101=LINE('',#98,#100);
#102=EDGE_CURVE('',#91,#75,#101,.T.);
#103=ORIENTED_EDGE('',*,*,#102,.T.);
#104=EDGE_LOOP('',(#81,#89,#97,#103));
#105=FACE_BOUND('',#104,.T.);
#106=ADVANCED_FACE('',(#105),#71,.F.);
#107=CARTESIAN_POINT('',(41.857420749,-35.435733758,26.159097636));
#108=DIRECTION('',(0.,-1.,-0.));
#109=DIRECTION('',(0.,0.,-1.));
#110=AXIS2_PLACEMENT_3D('',#107,#108,#109);
#111=PLANE('',#110);
#112=CARTESIAN_POINT('',(-10.932518295,-35.435733758,-4.535831819));
#113=DIRECTION('',(1.,0.,0.));
#114=VECTOR('',#113,33.278801507);
#115=LINE('',#112,#114);
#116=EDGE_CURVE('',#91,#35,#115,.T.);
#117=ORIENTED_EDGE('',*,*,#116,.T.);
#118=ORIENTED_EDGE('',*,*,#62,.T.);
#119=CARTESIAN_POINT('',(22.346283212,-35.435733758,0.));
#120=DIRECTION('',(-1.,-0.,0.));
#121=VECTOR('',#120,33.278801507);
#122=LINE('',#119,#121);
#123=EDGE_CURVE('',#51,#75,#122,.T.);
#124=ORIENTED_EDGE('',*,*,#123,.T.);
#125=ORIENTED_EDGE('',*,*,#102,.F.);
#126=EDGE_LOOP('',(#117,#118,#124,#125));
#127=FACE_BOUND('',#126,.T.);
#128=ADVANCED_FACE('',(#127),#111,.T.);
#129=CARTESIAN_POINT('',(41.857420749,10.058816311,26.159097636));
#130=DIRECTION('',(0.,-1.,-0.));
#131=DIRECTION('',(0.,0.,-1.));
#132=AXIS2_PLACEMENT_3D('',#129,#130,#131);
#133=PLANE('',#132);
#134=ORIENTED_EDGE('',*,*,#48,.F.);
#135=CARTESIAN_POINT('',(-10.932518295,10.058816311,-4.535831819));
#136=DIRECTION('',(1.,0.,0.));
#137=VECTOR('',#136,33.278801507);
#138=LINE('',#135,#137);
#139=EDGE_CURVE('',#83,#33,#138,.T.);
#140=ORIENTED_EDGE('',*,*,#139,.F.);
#141=ORIENTED_EDGE('',*,*,#88,.T.);
#142=CARTESIAN_POINT('',(22.346283212,10.058816311,0.));
#143=DIRECTION('',(-1.,-0.,0.));
#144=VECTOR('',#143,33.278801507);
#145=LINE('',#142,#144);
#146=EDGE_CURVE('',#43,#73,#145,.T.);
#147=ORIENTED_EDGE('',*,*,#146,.F.);
#148=EDGE_LOOP('',(#134,#140,#141,#147));
#149=FACE_BOUND('',#148,.T.);
#150=ADVANCED_FACE('',(#149),#133,.F.);
#151=CARTESIAN_POINT('',(13.930765564,-4.909951034,-4.535831819));
#152=DIRECTION('',(0.,0.,-1.));
#153=DIRECTION('',(-1.,0.,0.));
#154=AXIS2_PLACEMENT_3D('',#151,#152,#153);
#155=PLANE('',#154);
#156=ORIENTED_EDGE('',*,*,#139,.T.);
#157=ORIENTED_EDGE('',*,*,#40,.T.);
#158=ORIENTED_EDGE('',*,*,#116,.F.);
#159=ORIENTED_EDGE('',*,*,#96,.F.);
#160=EDGE_LOOP('',(#156,#157,#158,#159));
#161=FACE_BOUND('',#160,.T.);
#162=ADVANCED_FACE('',(#161),#155,.T.);
#163=CARTESIAN_POINT('',(0.,0.,0.));
#164=DIRECTION('',(0.,0.,1.));
#165=DIRECTION('',(1.,0.,0.));
#166=AXIS2_PLACEMENT_3D('',#163,#164,#165);
#167=PLANE('',#166);
#168=ORIENTED_EDGE('',*,*,#123,.F.);
#169=ORIENTED_EDGE('',*,*,#56,.T.);
#170=ORIENTED_EDGE('',*,*,#146,.T.);
#171=ORIENTED_EDGE('',*,*,#80,.T.);
#172=EDGE_LOOP('',(#168,#169,#170,#171));
#173=FACE_BOUND('',#172,.T.);
#174=ADVANCED_FACE('',(#173),#167,.T.);
#175=CLOSED_SHELL('',(#66,#106,#128,#150,#162,#174));
#176=MANIFOLD_SOLID_BREP('Solid 80',#175);
#26=STYLED_ITEM('',(),#176);
#178=CARTESIAN_POINT('',(0.,0.,0.));
#179=DIRECTION('',(0.,0.,1.));
#180=DIRECTION('',(1.,0.,0.));
#181=AXIS2_PLACEMENT_3D('',#178,#179,#180);
#182=PLANE('',#181);
#183=CARTESIAN_POINT('',(22.346283212,-10.142641951,0.));
#184=VERTEX_POINT('',#183);
#185=CARTESIAN_POINT('',(22.346283212,-4.909951034,0.));
#186=VERTEX_POINT('',#185);
#187=CARTESIAN_POINT('',(22.346283212,-10.142641951,0.));
#188=DIRECTION('',(0.,1.,0.));
#189=VECTOR('',#188,5.232690917);
#190=LINE('',#187,#189);
#191=EDGE_CURVE('',#184,#186,#190,.T.);
#192=ORIENTED_EDGE('',*,*,#191,.F.);
#193=CARTESIAN_POINT('',(69.784075934,-10.142641951,0.));
#194=VERTEX_POINT('',#193);
#195=CARTESIAN_POINT('',(69.784075934,-10.142641951,0.));
#196=DIRECTION('',(-1.,-0.,0.));
#197=VECTOR('',#196,47.437792721);
#198=LINE('',#195,#197);
#199=EDGE_CURVE('',#194,#184,#198,.T.);
#200=ORIENTED_EDGE('',*,*,#199,.F.);
#201=CARTESIAN_POINT('',(69.784075934,-4.909951034,0.));
#202=VERTEX_POINT('',#201);
#203=CARTESIAN_POINT('',(69.784075934,-4.909951034,0.));
#204=DIRECTION('',(0.,-1.,0.));
#205=VECTOR('',#204,5.232690917);
#206=LINE('',#203,#205);
#207=EDGE_CURVE('',#202,#194,#206,.T.);
#208=ORIENTED_EDGE('',*,*,#207,.F.);
#209=CARTESIAN_POINT('',(69.784075934,-4.909951034,0.));
#210=DIRECTION('',(-1.,-0.,0.));
#211=VECTOR('',#210,47.437792721);
#212=LINE('',#209,#211);
#213=EDGE_CURVE('',#202,#186,#212,.T.);
#214=ORIENTED_EDGE('',*,*,#213,.T.);
#215=EDGE_LOOP('',(#192,#200,#208,#214));
#216=FACE_BOUND('',#215,.T.);
#217=ADVANCED_FACE('',(#216),#182,.T.);
#218=CARTESIAN_POINT('',(13.930765564,-4.909951034,-4.535831819));
#219=DIRECTION('',(0.,0.,-1.));
#220=DIRECTION('',(-1.,0.,0.));
#221=AXIS2_PLACEMENT_3D('',#218,#219,#220);
#222=PLANE('',#221);
#223=CARTESIAN_POINT('',(22.346283212,-4.909951034,-4.535831819));
#224=VERTEX_POINT('',#223);
#225=CARTESIAN_POINT('',(22.346283212,-10.142641951,-4.535831819));
#226=VERTEX_POINT('',#225);
#227=CARTESIAN_POINT('',(22.346283212,-4.909951034,-4.535831819));
#228=DIRECTION('',(0.,-1.,0.));
#229=VECTOR('',#228,5.232690917);
#230=LINE('',#227,#229);
#231=EDGE_CURVE('',#224,#226,#230,.T.);
#232=ORIENTED_EDGE('',*,*,#231,.F.);
#233=CARTESIAN_POINT('',(69.784075934,-4.909951034,-4.535831819));
#234=VERTEX_POINT('',#233);
#235=CARTESIAN_POINT('',(22.346283212,-4.909951034,-4.535831819));
#236=DIRECTION('',(1.,0.,0.));
#237=VECTOR('',#236,47.437792721);
#238=LINE('',#235,#237);
#239=EDGE_CURVE('',#224,#234,#238,.T.);
#240=ORIENTED_EDGE('',*,*,#239,.T.);
#241=CARTESIAN_POINT('',(69.784075934,-10.142641951,-4.535831819));
#242=VERTEX_POINT('',#241);
#243=CARTESIAN_POINT('',(69.784075934,-4.909951034,-4.535831819));
#244=DIRECTION('',(0.,-1.,0.));
#245=VECTOR('',#244,5.232690917);
#246=LINE('',#243,#245);
#247=EDGE_CURVE('',#234,#242,#246,.T.);
#248=ORIENTED_EDGE('',*,*,#247,.T.);
#249=CARTESIAN_POINT('',(22.346283212,-10.142641951,-4.535831819));
#250=DIRECTION('',(1.,0.,0.));
#251=VECTOR('',#250,47.437792721);
#252=LINE('',#249,#251);
#253=EDGE_CURVE('',#226,#242,#252,.T.);
#254=ORIENTED_EDGE('',*,*,#253,.F.);
#255=EDGE_LOOP('',(#232,#240,#248,#254));
#256=FACE_BOUND('',#255,.T.);
#257=ADVANCED_FACE('',(#256),#222,.T.);
#258=CARTESIAN_POINT('',(41.857420749,-4.909951034,26.159097636));
#259=DIRECTION('',(0.,-1.,-0.));
#260=DIRECTION('',(0.,0.,-1.));
#261=AXIS2_PLACEMENT_3D('',#258,#259,#260);
#262=PLANE('',#261);
#263=ORIENTED_EDGE('',*,*,#239,.F.);
#264=CARTESIAN_POINT('',(22.346283212,-4.909951034,-4.535831819));
#265=DIRECTION('',(0.,-0.,1.));
#266=VECTOR('',#265,4.535831819);
#267=LINE('',#264,#266);
#268=EDGE_CURVE('',#224,#186,#267,.T.);
#269=ORIENTED_EDGE('',*,*,#268,.T.);
#270=ORIENTED_EDGE('',*,*,#213,.F.);
#271=CARTESIAN_POINT('',(69.784075934,-4.909951034,-4.535831819));
#272=DIRECTION('',(0.,-0.,1.));
#273=VECTOR('',#272,4.535831819);
#274=LINE('',#271,#273);
#275=EDGE_CURVE('',#234,#202,#274,.T.);
#276=ORIENTED_EDGE('',*,*,#275,.F.);
#277=EDGE_LOOP('',(#263,#269,#270,#276));
#278=FACE_BOUND('',#277,.T.);
#279=ADVANCED_FACE('',(#278),#262,.F.);
#280=CARTESIAN_POINT('',(69.784075934,-4.909951034,15.59180775));
#281=DIRECTION('',(1.,0.,0.));
#282=DIRECTION('',(0.,0.,-1.));
#283=AXIS2_PLACEMENT_3D('',#280,#281,#282);
#284=PLANE('',#283);
#285=ORIENTED_EDGE('',*,*,#275,.T.);
#286=ORIENTED_EDGE('',*,*,#207,.T.);
#287=CARTESIAN_POINT('',(69.784075934,-10.142641951,-4.535831819));
#288=DIRECTION('',(0.,-0.,1.));
#289=VECTOR('',#288,4.535831819);
#290=LINE('',#287,#289);
#291=EDGE_CURVE('',#242,#194,#290,.T.);
#292=ORIENTED_EDGE('',*,*,#291,.F.);
#293=ORIENTED_EDGE('',*,*,#247,.F.);
#294=EDGE_LOOP('',(#285,#286,#292,#293));
#295=FACE_BOUND('',#294,.T.);
#296=ADVANCED_FACE('',(#295),#284,.T.);
#297=CARTESIAN_POINT('',(41.857420749,-10.142641951,26.159097636));
#298=DIRECTION('',(0.,-1.,-0.));
#299=DIRECTION('',(0.,0.,-1.));
#300=AXIS2_PLACEMENT_3D('',#297,#298,#299);
#301=PLANE('',#300);
#302=CARTESIAN_POINT('',(22.346283212,-10.142641951,-4.535831819));
#303=DIRECTION('',(0.,-0.,1.));
#304=VECTOR('',#303,4.535831819);
#305=LINE('',#302,#304);
#306=EDGE_CURVE('',#226,#184,#305,.T.);
#307=ORIENTED_EDGE('',*,*,#306,.F.);
#308=ORIENTED_EDGE('',*,*,#253,.T.);
#309=ORIENTED_EDGE('',*,*,#291,.T.);
#310=ORIENTED_EDGE('',*,*,#199,.T.);
#311=EDGE_LOOP('',(#307,#308,#309,#310));
#312=FACE_BOUND('',#311,.T.);
#313=ADVANCED_FACE('',(#312),#301,.T.);
#314=CARTESIAN_POINT('',(22.346283212,11.348586998,10.5));
#315=DIRECTION('',(1.,0.,0.));
#316=DIRECTION('',(0.,0.,-1.));
#317=AXIS2_PLACEMENT_3D('',#314,#315,#316);
#318=PLANE('',#317);
#319=ORIENTED_EDGE('',*,*,#231,.T.);
#320=ORIENTED_EDGE('',*,*,#306,.T.);
#321=ORIENTED_EDGE('',*,*,#191,.T.);
#322=ORIENTED_EDGE('',*,*,#268,.F.);
#323=EDGE_LOOP('',(#319,#320,#321,#322));
#324=FACE_BOUND('',#323,.T.);
#325=ADVANCED_FACE('',(#324),#318,.F.);
#326=CLOSED_SHELL('',(#217,#257,#279,#296,#313,#325));
#327=MANIFOLD_SOLID_BREP('Solid 79',#326);
#177=STYLED_ITEM('',(),#327);
#329=CARTESIAN_POINT('',(22.346283212,11.348586998,10.5));
#330=DIRECTION('',(1.,0.,0.));
#331=DIRECTION('',(0.,0.,-1.));
#332=AXIS2_PLACEMENT_3D('',#329,#330,#331);
#333=PLANE('',#332);
#334=CARTESIAN_POINT('',(22.346283212,-10.142641951,36.726387522));
#335=VERTEX_POINT('',#334);
#336=CARTESIAN_POINT('',(22.346283212,-4.909951034,36.726387522));
#337=VERTEX_POINT('',#336);
#338=CARTESIAN_POINT('',(22.346283212,-10.142641951,36.726387522));
#339=DIRECTION('',(0.,1.,0.));
#340=VECTOR('',#339,5.232690917);
#341=LINE('',#338,#340);
#342=EDGE_CURVE('',#335,#337,#341,.T.);
#343=ORIENTED_EDGE('',*,*,#342,.F.);
#344=CARTESIAN_POINT('',(22.346283212,-10.142641951,35.701142454));
#345=VERTEX_POINT('',#344);
#346=CARTESIAN_POINT('',(22.346283212,-10.142641951,35.701142454));
#347=DIRECTION('',(0.,-0.,1.));
#348=VECTOR('',#347,1.025245068);
#349=LINE('',#346,#348);
#350=EDGE_CURVE('',#345,#335,#349,.T.);
#351=ORIENTED_EDGE('',*,*,#350,.F.);
#352=CARTESIAN_POINT('',(22.346283212,-7.092168662,35.701142454));
#353=VERTEX_POINT('',#352);
#354=CARTESIAN_POINT('',(22.346283212,-10.142641951,35.701142454));
#355=DIRECTION('',(-0.,1.,0.));
#356=VECTOR('',#355,3.050473289);
#357=LINE('',#354,#356);
#358=EDGE_CURVE('',#345,#353,#357,.T.);
#359=ORIENTED_EDGE('',*,*,#358,.T.);
#360=CARTESIAN_POINT('',(22.346283212,-7.092168662,34.944105437));
#361=VERTEX_POINT('',#360);
#362=CARTESIAN_POINT('',(22.346283212,-7.092168662,34.944105437));
#363=DIRECTION('',(0.,-0.,1.));
#364=VECTOR('',#363,0.757037017);
#365=LINE('',#362,#364);
#366=EDGE_CURVE('',#361,#353,#365,.T.);
#367=ORIENTED_EDGE('',*,*,#366,.F.);
#368=CARTESIAN_POINT('',(22.346283212,-6.342168662,34.944105437));
#369=VERTEX_POINT('',#368);
#370=CARTESIAN_POINT('',(22.346283212,-7.092168662,34.944105437));
#371=DIRECTION('',(-0.,1.,0.));
#372=VECTOR('',#371,0.75);
#373=LINE('',#370,#372);
#374=EDGE_CURVE('',#361,#369,#373,.T.);
#375=ORIENTED_EDGE('',*,*,#374,.T.);
#376=CARTESIAN_POINT('',(22.346283212,-6.342168662,30.69640301));
#377=VERTEX_POINT('',#376);
#378=CARTESIAN_POINT('',(22.346283212,-6.342168662,30.69640301));
#379=DIRECTION('',(0.,-0.,1.));
#380=VECTOR('',#379,4.247702426);
#381=LINE('',#378,#380);
#382=EDGE_CURVE('',#377,#369,#381,.T.);
#383=ORIENTED_EDGE('',*,*,#382,.F.);
#384=CARTESIAN_POINT('',(22.346283212,-4.909951034,30.69640301));
#385=VERTEX_POINT('',#384);
#386=CARTESIAN_POINT('',(22.346283212,-6.342168662,30.69640301));
#387=DIRECTION('',(0.,1.,0.));
#388=VECTOR('',#387,1.432217628);
#389=LINE('',#386,#388);
#390=EDGE_CURVE('',#377,#385,#389,.T.);
#391=ORIENTED_EDGE('',*,*,#390,.T.);
#392=CARTESIAN_POINT('',(22.346283212,-4.909951034,30.69640301));
#393=DIRECTION('',(0.,-0.,1.));
#394=VECTOR('',#393,6.029984512);
#395=LINE('',#392,#394);
#396=EDGE_CURVE('',#385,#337,#395,.T.);
#397=ORIENTED_EDGE('',*,*,#396,.T.);
#398=EDGE_LOOP('',(#343,#351,#359,#367,#375,#383,#391,#397));
#399=FACE_BOUND('',#398,.T.);
#400=ADVANCED_FACE('',(#399),#333,.T.);
#401=CARTESIAN_POINT('',(15.190821506,-9.592168662,26.357523624));
#402=DIRECTION('',(0.158284463,-0.987393553,-0.));
#403=DIRECTION('',(-0.987393553,-0.158284463,-0.));
#404=AXIS2_PLACEMENT_3D('',#401,#402,#403);
#405=PLANE('',#404);
#406=CARTESIAN_POINT('',(15.190821506,-9.592168662,26.957523624));
#407=VERTEX_POINT('',#406);
#408=CARTESIAN_POINT('',(15.190821506,-9.592168662,25.757523624));
#409=VERTEX_POINT('',#408);
#410=CARTESIAN_POINT('',(15.190821506,-9.592168662,26.957523624));
#411=DIRECTION('',(0.,0.,-1.));
#412=VECTOR('',#411,1.2);
#413=LINE('',#410,#412);
#414=EDGE_CURVE('NONE',#407,#409,#413,.T.);
#415=ORIENTED_EDGE('',*,*,#414,.T.);
#416=CARTESIAN_POINT('',(21.740821506,-8.542168662,25.757523624));
#417=VERTEX_POINT('',#416);
#418=CARTESIAN_POINT('',(21.740821506,-8.542168662,25.757523624));
#419=DIRECTION('',(-0.987393553,-0.158284463,-0.));
#420=VECTOR('',#419,6.633626459);
#421=LINE('',#418,#420);
#422=EDGE_CURVE('NONE',#417,#409,#421,.T.);
#423=ORIENTED_EDGE('',*,*,#422,.F.);
#424=CARTESIAN_POINT('',(21.740821506,-8.542168662,26.957523624));
#425=VERTEX_POINT('',#424);
#426=CARTESIAN_POINT('',(21.740821506,-8.542168662,25.757523624));
#427=DIRECTION('',(-0.,-0.,1.));
#428=VECTOR('',#427,1.2);
#429=LINE('',#426,#428);
#430=EDGE_CURVE('NONE',#417,#425,#429,.T.);
#431=ORIENTED_EDGE('',*,*,#430,.T.);
#432=CARTESIAN_POINT('',(21.740821506,-8.542168662,26.957523624));
#433=DIRECTION('',(-0.987393553,-0.158284463,-0.));
#434=VECTOR('',#433,6.633626459);
#435=LINE('',#432,#434);
#436=EDGE_CURVE('NONE',#425,#407,#435,.T.);
#437=ORIENTED_EDGE('',*,*,#436,.T.);
#438=EDGE_LOOP('',(#415,#423,#431,#437));
#439=FACE_BOUND('',#438,.T.);
#440=ADVANCED_FACE('NONE',(#439),#405,.T.);
#441=CARTESIAN_POINT('',(18.684382052,-9.683762048,26.957523624));
#442=DIRECTION('',(-0.,-0.,1.));
#443=DIRECTION('',(-0.,1.,0.));
#444=AXIS2_PLACEMENT_3D('',#441,#442,#443);
#445=PLANE('',#444);
#446=CARTESIAN_POINT('',(21.740821506,-10.142641951,26.957523624));
#447=VERTEX_POINT('',#446);
#448=CARTESIAN_POINT('',(15.190821506,-10.142641951,26.957523624));
#449=VERTEX_POINT('',#448);
#450=CARTESIAN_POINT('',(21.740821506,-10.142641951,26.957523624));
#451=DIRECTION('',(-1.,-0.,-0.));
#452=VECTOR('',#451,6.55);
#453=LINE('',#450,#452);
#454=EDGE_CURVE('',#447,#449,#453,.T.);
#455=ORIENTED_EDGE('',*,*,#454,.T.);
#456=CARTESIAN_POINT('',(15.190821506,-9.592168662,26.957523624));
#457=DIRECTION('',(0.,-1.,-0.));
#458=VECTOR('',#457,0.550473289);
#459=LINE('',#456,#458);
#460=EDGE_CURVE('NONE',#407,#449,#459,.T.);
#461=ORIENTED_EDGE('',*,*,#460,.F.);
#462=ORIENTED_EDGE('',*,*,#436,.F.);
#463=CARTESIAN_POINT('',(21.740821506,-8.542168662,26.957523624));
#464=DIRECTION('',(0.,-1.,-0.));
#465=VECTOR('',#464,1.600473289);
#466=LINE('',#463,#465);
#467=EDGE_CURVE('NONE',#425,#447,#466,.T.);
#468=ORIENTED_EDGE('',*,*,#467,.T.);
#469=EDGE_LOOP('',(#455,#461,#462,#468));
#470=FACE_BOUND('',#469,.T.);
#471=ADVANCED_FACE('NONE',(#470),#445,.F.);
#472=CARTESIAN_POINT('',(15.190821506,-12.842168662,22.732523624));
#473=DIRECTION('',(1.,0.,0.));
#474=DIRECTION('',(0.,-1.,-0.));
#475=AXIS2_PLACEMENT_3D('',#472,#473,#474);
#476=PLANE('',#475);
#477=CARTESIAN_POINT('',(15.190821506,-10.142641951,25.757523624));
#478=VERTEX_POINT('',#477);
#479=CARTESIAN_POINT('',(15.190821506,-10.142641951,25.757523624));
#480=DIRECTION('',(-0.,1.,0.));
#481=VECTOR('',#480,0.550473289);
#482=LINE('',#479,#481);
#483=EDGE_CURVE('',#478,#409,#482,.T.);
#484=ORIENTED_EDGE('',*,*,#483,.T.);
#485=ORIENTED_EDGE('',*,*,#414,.F.);
#486=ORIENTED_EDGE('',*,*,#460,.T.);
#487=CARTESIAN_POINT('',(15.190821506,-10.142641951,25.757523624));
#488=DIRECTION('',(-0.,-0.,1.));
#489=VECTOR('',#488,1.2);
#490=LINE('',#487,#489);
#491=EDGE_CURVE('',#478,#449,#490,.T.);
#492=ORIENTED_EDGE('',*,*,#491,.F.);
#493=EDGE_LOOP('',(#484,#485,#486,#492));
#494=FACE_BOUND('',#493,.T.);
#495=ADVANCED_FACE('NONE',(#494),#476,.T.);
#496=CARTESIAN_POINT('',(18.684382052,-9.683762048,25.757523624));
#497=DIRECTION('',(-0.,-0.,1.));
#498=DIRECTION('',(-0.,1.,0.));
#499=AXIS2_PLACEMENT_3D('',#496,#497,#498);
#500=PLANE('',#499);
#501=CARTESIAN_POINT('',(21.740821506,-10.142641951,25.757523624));
#502=VERTEX_POINT('',#501);
#503=CARTESIAN_POINT('',(21.740821506,-10.142641951,25.757523624));
#504=DIRECTION('',(-0.,1.,0.));
#505=VECTOR('',#504,1.600473289);
#506=LINE('',#503,#505);
#507=EDGE_CURVE('',#502,#417,#506,.T.);
#508=ORIENTED_EDGE('',*,*,#507,.T.);
#509=ORIENTED_EDGE('',*,*,#422,.T.);
#510=ORIENTED_EDGE('',*,*,#483,.F.);
#511=CARTESIAN_POINT('',(21.740821506,-10.142641951,25.757523624));
#512=DIRECTION('',(-1.,-0.,-0.));
#513=VECTOR('',#512,6.55);
#514=LINE('',#511,#513);
#515=EDGE_CURVE('',#502,#478,#514,.T.);
#516=ORIENTED_EDGE('',*,*,#515,.F.);
#517=EDGE_LOOP('',(#508,#509,#510,#516));
#518=FACE_BOUND('',#517,.T.);
#519=ADVANCED_FACE('NONE',(#518),#500,.T.);
#520=CARTESIAN_POINT('',(13.930765564,-4.909951034,36.726387522));
#521=DIRECTION('',(-1.,0.,0.));
#522=DIRECTION('',(0.,0.,1.));
#523=AXIS2_PLACEMENT_3D('',#520,#521,#522);
#524=PLANE('',#523);
#525=CARTESIAN_POINT('',(13.930765564,-10.142641951,36.726387522));
#526=VERTEX_POINT('',#525);
#527=CARTESIAN_POINT('',(13.930765564,-10.142641951,15.59180775));
#528=VERTEX_POINT('',#527);
#529=CARTESIAN_POINT('',(13.930765564,-10.142641951,36.726387522));
#530=DIRECTION('',(0.,0.,-1.));
#531=VECTOR('',#530,21.134579772);
#532=LINE('',#529,#531);
#533=EDGE_CURVE('',#526,#528,#532,.T.);
#534=ORIENTED_EDGE('',*,*,#533,.F.);
#535=CARTESIAN_POINT('',(13.930765564,-4.909951034,36.726387522));
#536=VERTEX_POINT('',#535);
#537=CARTESIAN_POINT('',(13.930765564,-4.909951034,36.726387522));
#538=DIRECTION('',(0.,-1.,0.));
#539=VECTOR('',#538,5.232690917);
#540=LINE('',#537,#539);
#541=EDGE_CURVE('',#536,#526,#540,.T.);
#542=ORIENTED_EDGE('',*,*,#541,.F.);
#543=CARTESIAN_POINT('',(13.930765564,-4.909951034,15.59180775));
#544=VERTEX_POINT('',#543);
#545=CARTESIAN_POINT('',(13.930765564,-4.909951034,36.726387522));
#546=DIRECTION('',(0.,0.,-1.));
#547=VECTOR('',#546,21.134579772);
#548=LINE('',#545,#547);
#549=EDGE_CURVE('',#536,#544,#548,.T.);
#550=ORIENTED_EDGE('',*,*,#549,.T.);
#551=CARTESIAN_POINT('',(13.930765564,-4.909951034,15.59180775));
#552=DIRECTION('',(0.,-1.,0.));
#553=VECTOR('',#552,5.232690917);
#554=LINE('',#551,#553);
#555=EDGE_CURVE('',#544,#528,#554,.T.);
#556=ORIENTED_EDGE('',*,*,#555,.T.);
#557=EDGE_LOOP('',(#534,#542,#550,#556));
#558=FACE_BOUND('',#557,.T.);
#559=ADVANCED_FACE('',(#558),#524,.T.);
#560=CARTESIAN_POINT('',(17.615821506,-12.842168662,21.357523624));
#561=DIRECTION('',(0.,-1.,-0.));
#562=DIRECTION('',(-1.,0.,-0.));
#563=AXIS2_PLACEMENT_3D('',#560,#561,#562);
#564=CYLINDRICAL_SURFACE('',#563,2.21);
#565=CARTESIAN_POINT('',(15.405821506,-10.142641951,21.357523624));
#566=VERTEX_POINT('',#565);
#567=CARTESIAN_POINT('',(15.405821506,-4.909951034,21.357523624));
#568=VERTEX_POINT('',#567);
#569=CARTESIAN_POINT('',(15.405821506,-10.142641951,21.357523624));
#570=DIRECTION('',(-0.,1.,0.));
#571=VECTOR('',#570,5.232690917);
#572=LINE('',#569,#571);
#573=EDGE_CURVE('',#566,#568,#572,.T.);
#574=ORIENTED_EDGE('',*,*,#573,.F.);
#575=CARTESIAN_POINT('',(17.615821506,-10.142641951,19.147523624));
#576=VERTEX_POINT('',#575);
#577=CARTESIAN_POINT('',(17.615821506,-10.142641951,21.357523624));
#578=DIRECTION('',(0.,-1.,-0.));
#579=DIRECTION('',(0.,0.,-1.));
#580=AXIS2_PLACEMENT_3D('',#577,#578,#579);
#581=CIRCLE('',#580,2.21);
#582=EDGE_CURVE('',#566,#576,#581,.T.);
#583=ORIENTED_EDGE('',*,*,#582,.T.);
#584=CARTESIAN_POINT('',(17.615821506,-10.142641951,21.357523624));
#585=DIRECTION('',(0.,-1.,-0.));
#586=DIRECTION('',(0.,0.,-1.));
#587=AXIS2_PLACEMENT_3D('',#584,#585,#586);
#588=CIRCLE('',#587,2.21);
#589=EDGE_CURVE('',#576,#566,#588,.T.);
#590=ORIENTED_EDGE('',*,*,#589,.T.);
#591=ORIENTED_EDGE('',*,*,#573,.T.);
#592=CARTESIAN_POINT('',(17.615821506,-4.909951034,19.147523624));
#593=VERTEX_POINT('',#592);
#594=CARTESIAN_POINT('',(17.615821506,-4.909951034,21.357523624));
#595=DIRECTION('',(0.,-1.,-0.));
#596=DIRECTION('',(0.,0.,-1.));
#597=AXIS2_PLACEMENT_3D('',#594,#595,#596);
#598=CIRCLE('',#597,2.21);
#599=EDGE_CURVE('',#593,#568,#598,.T.);
#600=ORIENTED_EDGE('',*,*,#599,.F.);
#601=CARTESIAN_POINT('',(17.615821506,-4.909951034,21.357523624));
#602=DIRECTION('',(0.,-1.,-0.));
#603=DIRECTION('',(0.,0.,-1.));
#604=AXIS2_PLACEMENT_3D('',#601,#602,#603);
#605=CIRCLE('',#604,2.21);
#606=EDGE_CURVE('',#568,#593,#605,.T.);
#607=ORIENTED_EDGE('',*,*,#606,.F.);
#608=EDGE_LOOP('',(#574,#583,#590,#591,#600,#607));
#609=FACE_BOUND('',#608,.T.);
#610=ADVANCED_FACE('',(#609),#564,.F.);
#611=CARTESIAN_POINT('',(17.615821506,-12.842168662,31.357523624));
#612=DIRECTION('',(0.,-1.,-0.));
#613=DIRECTION('',(-1.,0.,-0.));
#614=AXIS2_PLACEMENT_3D('',#611,#612,#613);
#615=CYLINDRICAL_SURFACE('',#614,2.21);
#616=CARTESIAN_POINT('',(15.405821506,-10.142641951,31.357523624));
#617=VERTEX_POINT('',#616);
#618=CARTESIAN_POINT('',(15.405821506,-4.909951034,31.357523624));
#619=VERTEX_POINT('',#618);
#620=CARTESIAN_POINT('',(15.405821506,-10.142641951,31.357523624));
#621=DIRECTION('',(-0.,1.,0.));
#622=VECTOR('',#621,5.232690917);
#623=LINE('',#620,#622);
#624=EDGE_CURVE('',#617,#619,#623,.T.);
#625=ORIENTED_EDGE('',*,*,#624,.F.);
#626=CARTESIAN_POINT('',(17.615821506,-10.142641951,29.147523624));
#627=VERTEX_POINT('',#626);
#628=CARTESIAN_POINT('',(17.615821506,-10.142641951,31.357523624));
#629=DIRECTION('',(0.,-1.,-0.));
#630=DIRECTION('',(0.,0.,-1.));
#631=AXIS2_PLACEMENT_3D('',#628,#629,#630);
#632=CIRCLE('',#631,2.21);
#633=EDGE_CURVE('',#617,#627,#632,.T.);
#634=ORIENTED_EDGE('',*,*,#633,.T.);
#635=CARTESIAN_POINT('',(17.615821506,-10.142641951,31.357523624));
#636=DIRECTION('',(0.,-1.,-0.));
#637=DIRECTION('',(0.,0.,-1.));
#638=AXIS2_PLACEMENT_3D('',#635,#636,#637);
#639=CIRCLE('',#638,2.21);
#640=EDGE_CURVE('',#627,#617,#639,.T.);
#641=ORIENTED_EDGE('',*,*,#640,.T.);
#642=ORIENTED_EDGE('',*,*,#624,.T.);
#643=CARTESIAN_POINT('',(17.615821506,-4.909951034,29.147523624));
#644=VERTEX_POINT('',#643);
#645=CARTESIAN_POINT('',(17.615821506,-4.909951034,31.357523624));
#646=DIRECTION('',(0.,-1.,-0.));
#647=DIRECTION('',(0.,0.,-1.));
#648=AXIS2_PLACEMENT_3D('',#645,#646,#647);
#649=CIRCLE('',#648,2.21);
#650=EDGE_CURVE('',#644,#619,#649,.T.);
#651=ORIENTED_EDGE('',*,*,#650,.F.);
#652=CARTESIAN_POINT('',(17.615821506,-4.909951034,31.357523624));
#653=DIRECTION('',(0.,-1.,-0.));
#654=DIRECTION('',(0.,0.,-1.));
#655=AXIS2_PLACEMENT_3D('',#652,#653,#654);
#656=CIRCLE('',#655,2.21);
#657=EDGE_CURVE('',#619,#644,#656,.T.);
#658=ORIENTED_EDGE('',*,*,#657,.F.);
#659=EDGE_LOOP('',(#625,#634,#641,#642,#651,#658));
#660=FACE_BOUND('',#659,.T.);
#661=ADVANCED_FACE('',(#660),#615,.F.);
#662=CARTESIAN_POINT('',(41.740821506,-6.342168662,26.357523624));
#663=DIRECTION('',(0.,-1.,-0.));
#664=DIRECTION('',(-1.,0.,-0.));
#665=AXIS2_PLACEMENT_3D('',#662,#663,#664);
#666=PLANE('',#665);
#667=CARTESIAN_POINT('',(22.190821506,-6.342168662,30.351354096));
#668=VERTEX_POINT('',#667);
#669=CARTESIAN_POINT('',(22.190821506,-6.342168662,22.363693153));
#670=VERTEX_POINT('',#669);
#671=CARTESIAN_POINT('',(22.190821506,-6.342168662,30.351354096));
#672=DIRECTION('',(0.,0.,-1.));
#673=VECTOR('',#672,7.987660943);
#674=LINE('',#671,#673);
#675=EDGE_CURVE('',#668,#670,#674,.T.);
#676=ORIENTED_EDGE('',*,*,#675,.T.);
#677=CARTESIAN_POINT('',(21.371546922,-6.342168662,26.357523624));
#678=VERTEX_POINT('',#677);
#679=CARTESIAN_POINT('',(31.515821506,-6.342168662,26.357523624));
#680=DIRECTION('',(-0.,1.,0.));
#681=DIRECTION('',(0.,0.,-1.));
#682=AXIS2_PLACEMENT_3D('',#679,#680,#681);
#683=CIRCLE('',#682,10.144274584);
#684=EDGE_CURVE('',#670,#678,#683,.T.);
#685=ORIENTED_EDGE('',*,*,#684,.T.);
#686=CARTESIAN_POINT('',(31.515821506,-6.342168662,26.357523624));
#687=DIRECTION('',(-0.,1.,0.));
#688=DIRECTION('',(0.,0.,-1.));
#689=AXIS2_PLACEMENT_3D('',#686,#687,#688);
#690=CIRCLE('',#689,10.144274584);
#691=EDGE_CURVE('NONE',#678,#668,#690,.T.);
#692=ORIENTED_EDGE('',*,*,#691,.T.);
#693=EDGE_LOOP('',(#676,#685,#692));
#694=FACE_BOUND('',#693,.T.);
#695=ADVANCED_FACE('',(#694),#666,.F.);
#696=CARTESIAN_POINT('',(22.190821506,-6.342168662,18.447523624));
#697=DIRECTION('',(-1.,0.,-0.));
#698=DIRECTION('',(-0.,1.,0.));
#699=AXIS2_PLACEMENT_3D('',#696,#697,#698);
#700=PLANE('',#699);
#701=CARTESIAN_POINT('',(22.190821506,-6.342168662,34.267523624));
#702=VERTEX_POINT('',#701);
#703=CARTESIAN_POINT('',(22.190821506,-6.342168662,34.267523624));
#704=DIRECTION('',(0.,0.,-1.));
#705=VECTOR('',#704,3.916169528);
#706=LINE('',#703,#705);
#707=EDGE_CURVE('NONE',#702,#668,#706,.T.);
#708=ORIENTED_EDGE('',*,*,#707,.F.);
#709=CARTESIAN_POINT('',(22.190821506,-7.092168662,34.267523624));
#710=VERTEX_POINT('',#709);
#711=CARTESIAN_POINT('',(22.190821506,-6.342168662,34.267523624));
#712=DIRECTION('',(0.,-1.,-0.));
#713=VECTOR('',#712,0.75);
#714=LINE('',#711,#713);
#715=EDGE_CURVE('NONE',#702,#710,#714,.T.);
#716=ORIENTED_EDGE('',*,*,#715,.T.);
#717=CARTESIAN_POINT('',(22.190821506,-7.092168662,18.447523624));
#718=VERTEX_POINT('',#717);
#719=CARTESIAN_POINT('',(22.190821506,-7.092168662,18.447523624));
#720=DIRECTION('',(-0.,-0.,1.));
#721=VECTOR('',#720,15.82);
#722=LINE('',#719,#721);
#723=EDGE_CURVE('NONE',#718,#710,#722,.T.);
#724=ORIENTED_EDGE('',*,*,#723,.F.);
#725=CARTESIAN_POINT('',(22.190821506,-6.342168662,18.447523624));
#726=VERTEX_POINT('',#725);
#727=CARTESIAN_POINT('',(22.190821506,-7.092168662,18.447523624));
#728=DIRECTION('',(-0.,1.,0.));
#729=VECTOR('',#728,0.75);
#730=LINE('',#727,#729);
#731=EDGE_CURVE('NONE',#718,#726,#730,.T.);
#732=ORIENTED_EDGE('',*,*,#731,.T.);
#733=CARTESIAN_POINT('',(22.190821506,-6.342168662,22.363693153));
#734=DIRECTION('',(0.,0.,-1.));
#735=VECTOR('',#734,3.916169528);
#736=LINE('',#733,#735);
#737=EDGE_CURVE('',#670,#726,#736,.T.);
#738=ORIENTED_EDGE('',*,*,#737,.F.);
#739=ORIENTED_EDGE('',*,*,#675,.F.);
#740=EDGE_LOOP('',(#708,#716,#724,#732,#738,#739));
#741=FACE_BOUND('',#740,.T.);
#742=ADVANCED_FACE('NONE',(#741),#700,.F.);
#743=CARTESIAN_POINT('',(21.740821506,-6.342168662,16.447523624));
#744=DIRECTION('',(-1.,0.,-0.));
#745=DIRECTION('',(-0.,1.,0.));
#746=AXIS2_PLACEMENT_3D('',#743,#744,#745);
#747=PLANE('',#746);
#748=CARTESIAN_POINT('',(21.740821506,-10.142641951,34.267523624));
#749=VERTEX_POINT('',#748);
#750=CARTESIAN_POINT('',(21.740821506,-10.142641951,34.267523624));
#751=DIRECTION('',(0.,0.,-1.));
#752=VECTOR('',#751,7.31);
#753=LINE('',#750,#752);
#754=EDGE_CURVE('',#749,#447,#753,.T.);
#755=ORIENTED_EDGE('',*,*,#754,.T.);
#756=ORIENTED_EDGE('',*,*,#467,.F.);
#757=ORIENTED_EDGE('',*,*,#430,.F.);
#758=ORIENTED_EDGE('',*,*,#507,.F.);
#759=CARTESIAN_POINT('',(21.740821506,-10.142641951,18.447523624));
#760=VERTEX_POINT('',#759);
#761=CARTESIAN_POINT('',(21.740821506,-10.142641951,25.757523624));
#762=DIRECTION('',(0.,0.,-1.));
#763=VECTOR('',#762,7.31);
#764=LINE('',#761,#763);
#765=EDGE_CURVE('',#502,#760,#764,.T.);
#766=ORIENTED_EDGE('',*,*,#765,.T.);
#767=CARTESIAN_POINT('',(21.740821506,-7.092168662,18.447523624));
#768=VERTEX_POINT('',#767);
#769=CARTESIAN_POINT('',(21.740821506,-10.142641951,18.447523624));
#770=DIRECTION('',(-0.,1.,0.));
#771=VECTOR('',#770,3.050473289);
#772=LINE('',#769,#771);
#773=EDGE_CURVE('',#760,#768,#772,.T.);
#774=ORIENTED_EDGE('',*,*,#773,.T.);
#775=CARTESIAN_POINT('',(21.740821506,-7.092168662,34.267523624));
#776=VERTEX_POINT('',#775);
#777=CARTESIAN_POINT('',(21.740821506,-7.092168662,34.267523624));
#778=DIRECTION('',(0.,0.,-1.));
#779=VECTOR('',#778,15.82);
#780=LINE('',#777,#779);
#781=EDGE_CURVE('NONE',#776,#768,#780,.T.);
#782=ORIENTED_EDGE('',*,*,#781,.F.);
#783=CARTESIAN_POINT('',(21.740821506,-10.142641951,34.267523624));
#784=DIRECTION('',(-0.,1.,0.));
#785=VECTOR('',#784,3.050473289);
#786=LINE('',#783,#785);
#787=EDGE_CURVE('',#749,#776,#786,.T.);
#788=ORIENTED_EDGE('',*,*,#787,.F.);
#789=EDGE_LOOP('',(#755,#756,#757,#758,#766,#774,#782,#788));
#790=FACE_BOUND('',#789,.T.);
#791=ADVANCED_FACE('NONE',(#790),#747,.F.);
#792=CARTESIAN_POINT('',(23.740821506,-6.342168662,34.267523624));
#793=DIRECTION('',(0.,-1.,-0.));
#794=DIRECTION('',(-1.,0.,-0.));
#795=AXIS2_PLACEMENT_3D('',#792,#793,#794);
#796=CYLINDRICAL_SURFACE('',#795,2.);
#797=ORIENTED_EDGE('',*,*,#358,.F.);
#798=CARTESIAN_POINT('',(23.740821506,-10.142641951,34.267523624));
#799=DIRECTION('',(0.,-1.,-0.));
#800=DIRECTION('',(0.,0.,-1.));
#801=AXIS2_PLACEMENT_3D('',#798,#799,#800);
#802=CIRCLE('',#801,2.);
#803=EDGE_CURVE('',#345,#749,#802,.T.);
#804=ORIENTED_EDGE('',*,*,#803,.T.);
#805=ORIENTED_EDGE('',*,*,#787,.T.);
#806=CARTESIAN_POINT('',(23.740821506,-7.092168662,34.267523624));
#807=DIRECTION('',(0.,-1.,-0.));
#808=DIRECTION('',(-1.,0.,-0.));
#809=AXIS2_PLACEMENT_3D('',#806,#807,#808);
#810=CIRCLE('',#809,2.);
#811=EDGE_CURVE('',#353,#776,#810,.T.);
#812=ORIENTED_EDGE('',*,*,#811,.F.);
#813=EDGE_LOOP('',(#797,#804,#805,#812));
#814=FACE_BOUND('',#813,.T.);
#815=ADVANCED_FACE('',(#814),#796,.F.);
#816=CARTESIAN_POINT('',(23.740821506,-6.342168662,18.447523624));
#817=DIRECTION('',(0.,-1.,-0.));
#818=DIRECTION('',(-1.,0.,-0.));
#819=AXIS2_PLACEMENT_3D('',#816,#817,#818);
#820=CYLINDRICAL_SURFACE('',#819,2.);
#821=CARTESIAN_POINT('',(22.346283212,-7.092168662,17.013904795));
#822=VERTEX_POINT('',#821);
#823=CARTESIAN_POINT('',(22.346283212,-10.142641951,17.013904795));
#824=VERTEX_POINT('',#823);
#825=CARTESIAN_POINT('',(22.346283212,-7.092168662,17.013904795));
#826=DIRECTION('',(0.,-1.,-0.));
#827=VECTOR('',#826,3.050473289);
#828=LINE('',#825,#827);
#829=EDGE_CURVE('',#822,#824,#828,.T.);
#830=ORIENTED_EDGE('',*,*,#829,.F.);
#831=CARTESIAN_POINT('',(23.740821506,-7.092168662,18.447523624));
#832=DIRECTION('',(0.,-1.,-0.));
#833=DIRECTION('',(-1.,0.,-0.));
#834=AXIS2_PLACEMENT_3D('',#831,#832,#833);
#835=CIRCLE('',#834,2.);
#836=EDGE_CURVE('NONE',#768,#822,#835,.T.);
#837=ORIENTED_EDGE('',*,*,#836,.F.);
#838=ORIENTED_EDGE('',*,*,#773,.F.);
#839=CARTESIAN_POINT('',(23.740821506,-10.142641951,18.447523624));
#840=DIRECTION('',(0.,-1.,-0.));
#841=DIRECTION('',(0.,0.,-1.));
#842=AXIS2_PLACEMENT_3D('',#839,#840,#841);
#843=CIRCLE('',#842,2.);
#844=EDGE_CURVE('',#760,#824,#843,.T.);
#845=ORIENTED_EDGE('',*,*,#844,.T.);
#846=EDGE_LOOP('',(#830,#837,#838,#845));
#847=FACE_BOUND('',#846,.T.);
#848=ADVANCED_FACE('',(#847),#820,.F.);
#849=CARTESIAN_POINT('',(41.740821506,-7.092168662,26.357523624));
#850=DIRECTION('',(0.,-1.,-0.));
#851=DIRECTION('',(-1.,0.,-0.));
#852=AXIS2_PLACEMENT_3D('',#849,#850,#851);
#853=PLANE('',#852);
#854=ORIENTED_EDGE('',*,*,#836,.T.);
#855=CARTESIAN_POINT('',(22.346283212,-7.092168662,17.770941812));
#856=VERTEX_POINT('',#855);
#857=CARTESIAN_POINT('',(22.346283212,-7.092168662,17.013904795));
#858=DIRECTION('',(0.,-0.,1.));
#859=VECTOR('',#858,0.757037017);
#860=LINE('',#857,#859);
#861=EDGE_CURVE('',#822,#856,#860,.T.);
#862=ORIENTED_EDGE('',*,*,#861,.T.);
#863=CARTESIAN_POINT('',(23.740821506,-7.092168662,18.447523624));
#864=DIRECTION('',(-0.,1.,0.));
#865=DIRECTION('',(-1.,0.,-0.));
#866=AXIS2_PLACEMENT_3D('',#863,#864,#865);
#867=CIRCLE('',#866,1.55);
#868=EDGE_CURVE('',#856,#718,#867,.T.);
#869=ORIENTED_EDGE('',*,*,#868,.T.);
#870=ORIENTED_EDGE('',*,*,#723,.T.);
#871=CARTESIAN_POINT('',(23.740821506,-7.092168662,34.267523624));
#872=DIRECTION('',(-0.,1.,0.));
#873=DIRECTION('',(-1.,0.,-0.));
#874=AXIS2_PLACEMENT_3D('',#871,#872,#873);
#875=CIRCLE('',#874,1.55);
#876=EDGE_CURVE('NONE',#710,#361,#875,.T.);
#877=ORIENTED_EDGE('',*,*,#876,.T.);
#878=ORIENTED_EDGE('',*,*,#366,.T.);
#879=ORIENTED_EDGE('',*,*,#811,.T.);
#880=ORIENTED_EDGE('',*,*,#781,.T.);
#881=EDGE_LOOP('',(#854,#862,#869,#870,#877,#878,#879,#880));
#882=FACE_BOUND('',#881,.T.);
#883=ADVANCED_FACE('',(#882),#853,.T.);
#884=CARTESIAN_POINT('',(23.740821506,-6.342168662,34.267523624));
#885=DIRECTION('',(0.,-1.,-0.));
#886=DIRECTION('',(-1.,0.,-0.));
#887=AXIS2_PLACEMENT_3D('',#884,#885,#886);
#888=CYLINDRICAL_SURFACE('',#887,1.55);
#889=ORIENTED_EDGE('',*,*,#374,.F.);
#890=ORIENTED_EDGE('',*,*,#876,.F.);
#891=ORIENTED_EDGE('',*,*,#715,.F.);
#892=CARTESIAN_POINT('',(23.740821506,-6.342168662,34.267523624));
#893=DIRECTION('',(0.,-1.,-0.));
#894=DIRECTION('',(-1.,0.,-0.));
#895=AXIS2_PLACEMENT_3D('',#892,#893,#894);
#896=CIRCLE('',#895,1.55);
#897=EDGE_CURVE('',#369,#702,#896,.T.);
#898=ORIENTED_EDGE('',*,*,#897,.F.);
#899=EDGE_LOOP('',(#889,#890,#891,#898));
#900=FACE_BOUND('',#899,.T.);
#901=ADVANCED_FACE('',(#900),#888,.F.);
#902=CARTESIAN_POINT('',(23.740821506,-6.342168662,18.447523624));
#903=DIRECTION('',(0.,-1.,-0.));
#904=DIRECTION('',(-1.,0.,-0.));
#905=AXIS2_PLACEMENT_3D('',#902,#903,#904);
#906=CYLINDRICAL_SURFACE('',#905,1.55);
#907=CARTESIAN_POINT('',(22.346283212,-6.342168662,17.770941812));
#908=VERTEX_POINT('',#907);
#909=CARTESIAN_POINT('',(22.346283212,-6.342168662,17.770941812));
#910=DIRECTION('',(0.,-1.,-0.));
#911=VECTOR('',#910,0.75);
#912=LINE('',#909,#911);
#913=EDGE_CURVE('',#908,#856,#912,.T.);
#914=ORIENTED_EDGE('',*,*,#913,.F.);
#915=CARTESIAN_POINT('',(23.740821506,-6.342168662,18.447523624));
#916=DIRECTION('',(0.,-1.,-0.));
#917=DIRECTION('',(-1.,0.,-0.));
#918=AXIS2_PLACEMENT_3D('',#915,#916,#917);
#919=CIRCLE('',#918,1.55);
#920=EDGE_CURVE('NONE',#726,#908,#919,.T.);
#921=ORIENTED_EDGE('',*,*,#920,.F.);
#922=ORIENTED_EDGE('',*,*,#731,.F.);
#923=ORIENTED_EDGE('',*,*,#868,.F.);
#924=EDGE_LOOP('',(#914,#921,#922,#923));
#925=FACE_BOUND('',#924,.T.);
#926=ADVANCED_FACE('',(#925),#906,.F.);
#927=CARTESIAN_POINT('',(31.515821506,-4.982168662,26.357523624));
#928=DIRECTION('',(-0.,-1.,-0.));
#929=DIRECTION('',(-1.,0.,-0.));
#930=AXIS2_PLACEMENT_3D('',#927,#928,#929);
#931=CYLINDRICAL_SURFACE('',#930,10.144274584);
#932=ORIENTED_EDGE('',*,*,#390,.F.);
#933=CARTESIAN_POINT('',(31.515821506,-6.342168662,26.357523624));
#934=DIRECTION('',(-0.,1.,0.));
#935=DIRECTION('',(0.,0.,-1.));
#936=AXIS2_PLACEMENT_3D('',#933,#934,#935);
#937=CIRCLE('',#936,10.144274584);
#938=EDGE_CURVE('',#668,#377,#937,.T.);
#939=ORIENTED_EDGE('',*,*,#938,.F.);
#940=ORIENTED_EDGE('',*,*,#691,.F.);
#941=CARTESIAN_POINT('',(21.371546922,-4.909951034,26.357523624));
#942=VERTEX_POINT('',#941);
#943=CARTESIAN_POINT('',(21.371546922,-4.909951034,26.357523624));
#944=DIRECTION('',(-0.,-1.,-0.));
#945=VECTOR('',#944,1.432217628);
#946=LINE('',#943,#945);
#947=EDGE_CURVE('',#942,#678,#946,.T.);
#948=ORIENTED_EDGE('',*,*,#947,.F.);
#949=CARTESIAN_POINT('',(31.515821506,-4.909951034,26.357523624));
#950=DIRECTION('',(0.,-1.,-0.));
#951=DIRECTION('',(0.,0.,-1.));
#952=AXIS2_PLACEMENT_3D('',#949,#950,#951);
#953=CIRCLE('',#952,10.144274584);
#954=EDGE_CURVE('',#385,#942,#953,.T.);
#955=ORIENTED_EDGE('',*,*,#954,.F.);
#956=EDGE_LOOP('',(#932,#939,#940,#948,#955));
#957=FACE_BOUND('',#956,.T.);
#958=ADVANCED_FACE('',(#957),#931,.F.);
#959=CARTESIAN_POINT('',(31.515821506,-4.982168662,26.357523624));
#960=DIRECTION('',(-0.,-1.,-0.));
#961=DIRECTION('',(-1.,0.,-0.));
#962=AXIS2_PLACEMENT_3D('',#959,#960,#961);
#963=CYLINDRICAL_SURFACE('',#962,10.144274584);
#964=CARTESIAN_POINT('',(22.346283212,-4.909951034,22.018644239));
#965=VERTEX_POINT('',#964);
#966=CARTESIAN_POINT('',(22.346283212,-6.342168662,22.018644239));
#967=VERTEX_POINT('',#966);
#968=CARTESIAN_POINT('',(22.346283212,-4.909951034,22.018644239));
#969=DIRECTION('',(-0.,-1.,-0.));
#970=VECTOR('',#969,1.432217628);
#971=LINE('',#968,#970);
#972=EDGE_CURVE('',#965,#967,#971,.T.);
#973=ORIENTED_EDGE('',*,*,#972,.F.);
#974=CARTESIAN_POINT('',(31.515821506,-4.909951034,26.357523624));
#975=DIRECTION('',(0.,-1.,-0.));
#976=DIRECTION('',(0.,0.,-1.));
#977=AXIS2_PLACEMENT_3D('',#974,#975,#976);
#978=CIRCLE('',#977,10.144274584);
#979=EDGE_CURVE('',#942,#965,#978,.T.);
#980=ORIENTED_EDGE('',*,*,#979,.F.);
#981=ORIENTED_EDGE('',*,*,#947,.T.);
#982=ORIENTED_EDGE('',*,*,#684,.F.);
#983=CARTESIAN_POINT('',(31.515821506,-6.342168662,26.357523624));
#984=DIRECTION('',(-0.,1.,0.));
#985=DIRECTION('',(0.,0.,-1.));
#986=AXIS2_PLACEMENT_3D('',#983,#984,#985);
#987=CIRCLE('',#986,10.144274584);
#988=EDGE_CURVE('',#967,#670,#987,.T.);
#989=ORIENTED_EDGE('',*,*,#988,.F.);
#990=EDGE_LOOP('',(#973,#980,#981,#982,#989));
#991=FACE_BOUND('',#990,.T.);
#992=ADVANCED_FACE('',(#991),#963,.F.);
#993=CARTESIAN_POINT('',(41.857420749,-4.909951034,26.159097636));
#994=DIRECTION('',(0.,-1.,-0.));
#995=DIRECTION('',(0.,0.,-1.));
#996=AXIS2_PLACEMENT_3D('',#993,#994,#995);
#997=PLANE('',#996);
#998=ORIENTED_EDGE('',*,*,#650,.T.);
#999=ORIENTED_EDGE('',*,*,#657,.T.);
#1000=EDGE_LOOP('',(#998,#999));
#1001=FACE_BOUND('',#1000,.T.);
#1002=ORIENTED_EDGE('',*,*,#599,.T.);
#1003=ORIENTED_EDGE('',*,*,#606,.T.);
#1004=EDGE_LOOP('',(#1002,#1003));
#1005=FACE_BOUND('',#1004,.T.);
#1006=CARTESIAN_POINT('',(22.346283212,-4.909951034,15.59180775));
#1007=VERTEX_POINT('',#1006);
#1008=CARTESIAN_POINT('',(22.346283212,-4.909951034,15.59180775));
#1009=DIRECTION('',(0.,-0.,1.));
#1010=VECTOR('',#1009,6.426836489);
#1011=LINE('',#1008,#1010);
#1012=EDGE_CURVE('',#1007,#965,#1011,.T.);
#1013=ORIENTED_EDGE('',*,*,#1012,.F.);
#1014=CARTESIAN_POINT('',(13.930765564,-4.909951034,15.59180775));
#1015=DIRECTION('',(1.,0.,0.));
#1016=VECTOR('',#1015,8.415517648);
#1017=LINE('',#1014,#1016);
#1018=EDGE_CURVE('',#544,#1007,#1017,.T.);
#1019=ORIENTED_EDGE('',*,*,#1018,.F.);
#1020=ORIENTED_EDGE('',*,*,#549,.F.);
#1021=CARTESIAN_POINT('',(22.346283212,-4.909951034,36.726387522));
#1022=DIRECTION('',(-1.,-0.,0.));
#1023=VECTOR('',#1022,8.415517648);
#1024=LINE('',#1021,#1023);
#1025=EDGE_CURVE('',#337,#536,#1024,.T.);
#1026=ORIENTED_EDGE('',*,*,#1025,.F.);
#1027=ORIENTED_EDGE('',*,*,#396,.F.);
#1028=ORIENTED_EDGE('',*,*,#954,.T.);
#1029=ORIENTED_EDGE('',*,*,#979,.T.);
#1030=EDGE_LOOP('',(#1013,#1019,#1020,#1026,#1027,#1028,#1029));
#1031=FACE_BOUND('',#1030,.T.);
#1032=ADVANCED_FACE('',(#1001,#1005,#1031),#997,.F.);
#1033=CARTESIAN_POINT('',(69.784075934,-4.909951034,36.726387522));
#1034=DIRECTION('',(0.,0.,1.));
#1035=DIRECTION('',(1.,0.,0.));
#1036=AXIS2_PLACEMENT_3D('',#1033,#1034,#1035);
#1037=PLANE('',#1036);
#1038=CARTESIAN_POINT('',(22.346283212,-10.142641951,36.726387522));
#1039=DIRECTION('',(-1.,-0.,0.));
#1040=VECTOR('',#1039,8.415517648);
#1041=LINE('',#1038,#1040);
#1042=EDGE_CURVE('',#335,#526,#1041,.T.);
#1043=ORIENTED_EDGE('',*,*,#1042,.F.);
#1044=ORIENTED_EDGE('',*,*,#342,.T.);
#1045=ORIENTED_EDGE('',*,*,#1025,.T.);
#1046=ORIENTED_EDGE('',*,*,#541,.T.);
#1047=EDGE_LOOP('',(#1043,#1044,#1045,#1046));
#1048=FACE_BOUND('',#1047,.T.);
#1049=ADVANCED_FACE('',(#1048),#1037,.T.);
#1050=CARTESIAN_POINT('',(13.930765564,-4.909951034,15.59180775));
#1051=DIRECTION('',(0.,0.,-1.));
#1052=DIRECTION('',(-1.,0.,0.));
#1053=AXIS2_PLACEMENT_3D('',#1050,#1051,#1052);
#1054=PLANE('',#1053);
#1055=ORIENTED_EDGE('',*,*,#1018,.T.);
#1056=CARTESIAN_POINT('',(22.346283212,-10.142641951,15.59180775));
#1057=VERTEX_POINT('',#1056);
#1058=CARTESIAN_POINT('',(22.346283212,-4.909951034,15.59180775));
#1059=DIRECTION('',(0.,-1.,0.));
#1060=VECTOR('',#1059,5.232690917);
#1061=LINE('',#1058,#1060);
#1062=EDGE_CURVE('',#1007,#1057,#1061,.T.);
#1063=ORIENTED_EDGE('',*,*,#1062,.T.);
#1064=CARTESIAN_POINT('',(13.930765564,-10.142641951,15.59180775));
#1065=DIRECTION('',(1.,0.,0.));
#1066=VECTOR('',#1065,8.415517648);
#1067=LINE('',#1064,#1066);
#1068=EDGE_CURVE('',#528,#1057,#1067,.T.);
#1069=ORIENTED_EDGE('',*,*,#1068,.F.);
#1070=ORIENTED_EDGE('',*,*,#555,.F.);
#1071=EDGE_LOOP('',(#1055,#1063,#1069,#1070));
#1072=FACE_BOUND('',#1071,.T.);
#1073=ADVANCED_FACE('',(#1072),#1054,.T.);
#1074=CARTESIAN_POINT('',(41.857420749,-10.142641951,26.159097636));
#1075=DIRECTION('',(0.,-1.,-0.));
#1076=DIRECTION('',(0.,0.,-1.));
#1077=AXIS2_PLACEMENT_3D('',#1074,#1075,#1076);
#1078=PLANE('',#1077);
#1079=ORIENTED_EDGE('',*,*,#633,.F.);
#1080=ORIENTED_EDGE('',*,*,#640,.F.);
#1081=EDGE_LOOP('',(#1079,#1080));
#1082=FACE_BOUND('',#1081,.T.);
#1083=ORIENTED_EDGE('',*,*,#582,.F.);
#1084=ORIENTED_EDGE('',*,*,#589,.F.);
#1085=EDGE_LOOP('',(#1083,#1084));
#1086=FACE_BOUND('',#1085,.T.);
#1087=ORIENTED_EDGE('',*,*,#1068,.T.);
#1088=CARTESIAN_POINT('',(22.346283212,-10.142641951,15.59180775));
#1089=DIRECTION('',(0.,-0.,1.));
#1090=VECTOR('',#1089,1.422097045);
#1091=LINE('',#1088,#1090);
#1092=EDGE_CURVE('',#1057,#824,#1091,.T.);
#1093=ORIENTED_EDGE('',*,*,#1092,.T.);
#1094=ORIENTED_EDGE('',*,*,#844,.F.);
#1095=ORIENTED_EDGE('',*,*,#765,.F.);
#1096=ORIENTED_EDGE('',*,*,#515,.T.);
#1097=ORIENTED_EDGE('',*,*,#491,.T.);
#1098=ORIENTED_EDGE('',*,*,#454,.F.);
#1099=ORIENTED_EDGE('',*,*,#754,.F.);
#1100=ORIENTED_EDGE('',*,*,#803,.F.);
#1101=ORIENTED_EDGE('',*,*,#350,.T.);
#1102=ORIENTED_EDGE('',*,*,#1042,.T.);
#1103=ORIENTED_EDGE('',*,*,#533,.T.);
#1104=EDGE_LOOP('',(#1087,#1093,#1094,#1095,#1096,#1097,#1098,#1099,#1100,#1101,#1102,#1103));
#1105=FACE_BOUND('',#1104,.T.);
#1106=ADVANCED_FACE('',(#1082,#1086,#1105),#1078,.T.);
#1107=CARTESIAN_POINT('',(41.740821506,-6.342168662,26.357523624));
#1108=DIRECTION('',(0.,-1.,-0.));
#1109=DIRECTION('',(-1.,0.,-0.));
#1110=AXIS2_PLACEMENT_3D('',#1107,#1108,#1109);
#1111=PLANE('',#1110);
#1112=ORIENTED_EDGE('',*,*,#920,.T.);
#1113=CARTESIAN_POINT('',(22.346283212,-6.342168662,17.770941812));
#1114=DIRECTION('',(0.,-0.,1.));
#1115=VECTOR('',#1114,4.247702426);
#1116=LINE('',#1113,#1115);
#1117=EDGE_CURVE('',#908,#967,#1116,.T.);
#1118=ORIENTED_EDGE('',*,*,#1117,.T.);
#1119=ORIENTED_EDGE('',*,*,#988,.T.);
#1120=ORIENTED_EDGE('',*,*,#737,.T.);
#1121=EDGE_LOOP('',(#1112,#1118,#1119,#1120));
#1122=FACE_BOUND('',#1121,.T.);
#1123=ADVANCED_FACE('',(#1122),#1111,.T.);
#1124=CARTESIAN_POINT('',(41.740821506,-6.342168662,26.357523624));
#1125=DIRECTION('',(0.,-1.,-0.));
#1126=DIRECTION('',(-1.,0.,-0.));
#1127=AXIS2_PLACEMENT_3D('',#1124,#1125,#1126);
#1128=PLANE('',#1127);
#1129=ORIENTED_EDGE('',*,*,#938,.T.);
#1130=ORIENTED_EDGE('',*,*,#382,.T.);
#1131=ORIENTED_EDGE('',*,*,#897,.T.);
#1132=ORIENTED_EDGE('',*,*,#707,.T.);
#1133=EDGE_LOOP('',(#1129,#1130,#1131,#1132));
#1134=FACE_BOUND('',#1133,.T.);
#1135=ADVANCED_FACE('',(#1134),#1128,.T.);
#1136=CARTESIAN_POINT('',(22.346283212,11.348586998,10.5));
#1137=DIRECTION('',(1.,0.,0.));
#1138=DIRECTION('',(0.,0.,-1.));
#1139=AXIS2_PLACEMENT_3D('',#1136,#1137,#1138);
#1140=PLANE('',#1139);
#1141=ORIENTED_EDGE('',*,*,#1062,.F.);
#1142=ORIENTED_EDGE('',*,*,#1012,.T.);
#1143=ORIENTED_EDGE('',*,*,#972,.T.);
#1144=ORIENTED_EDGE('',*,*,#1117,.F.);
#1145=ORIENTED_EDGE('',*,*,#913,.T.);
#1146=ORIENTED_EDGE('',*,*,#861,.F.);
#1147=ORIENTED_EDGE('',*,*,#829,.T.);
#1148=ORIENTED_EDGE('',*,*,#1092,.F.);
#1149=EDGE_LOOP('',(#1141,#1142,#1143,#1144,#1145,#1146,#1147,#1148));
#1150=FACE_BOUND('',#1149,.T.);
#1151=ADVANCED_FACE('',(#1150),#1140,.T.);
#1152=CLOSED_SHELL('',(#400,#440,#471,#495,#519,#559,#610,#661,#695,#742,#791,#815,#848,#883,#901,#926,#958,#992,#1032,#1049,#1073,#1106,#1123,#1135,#1151));
#1153=MANIFOLD_SOLID_BREP('Solid 78',#1152);
#1154=COLOUR_RGB('',0.109803922,0.109803922,0.109803922);
#1155=FILL_AREA_STYLE_COLOUR('',#1154);
#1156=FILL_AREA_STYLE('',(#1155));
#1157=SURFACE_STYLE_FILL_AREA(#1156);
#1158=SURFACE_SIDE_STYLE('',(#1157));
#1159=SURFACE_STYLE_USAGE(.BOTH.,#1158);
#1160=PRESENTATION_STYLE_ASSIGNMENT((#1159));
#328=STYLED_ITEM('',(#1160),#1153);
#1162=CARTESIAN_POINT('',(22.346283212,11.348586998,10.5));
#1163=DIRECTION('',(1.,0.,0.));
#1164=DIRECTION('',(0.,0.,-1.));
#1165=AXIS2_PLACEMENT_3D('',#1162,#1163,#1164);
#1166=PLANE('',#1165);
#1167=CARTESIAN_POINT('',(22.346283212,-4.909951034,15.59180775));
#1168=VERTEX_POINT('',#1167);
#1169=CARTESIAN_POINT('',(22.346283212,-10.142641951,15.59180775));
#1170=VERTEX_POINT('',#1169);
#1171=CARTESIAN_POINT('',(22.346283212,-4.909951034,15.59180775));
#1172=DIRECTION('',(0.,-1.,0.));
#1173=VECTOR('',#1172,5.232690917);
#1174=LINE('',#1171,#1173);
#1175=EDGE_CURVE('',#1168,#1170,#1174,.T.);
#1176=ORIENTED_EDGE('',*,*,#1175,.F.);
#1177=CARTESIAN_POINT('',(22.346283212,-4.909951034,0.));
#1178=VERTEX_POINT('',#1177);
#1179=CARTESIAN_POINT('',(22.346283212,-4.909951034,0.));
#1180=DIRECTION('',(0.,-0.,1.));
#1181=VECTOR('',#1180,15.59180775);
#1182=LINE('',#1179,#1181);
#1183=EDGE_CURVE('',#1178,#1168,#1182,.T.);
#1184=ORIENTED_EDGE('',*,*,#1183,.F.);
#1185=CARTESIAN_POINT('',(22.346283212,-10.142641951,0.));
#1186=VERTEX_POINT('',#1185);
#1187=CARTESIAN_POINT('',(22.346283212,-4.909951034,0.));
#1188=DIRECTION('',(0.,-1.,0.));
#1189=VECTOR('',#1188,5.232690917);
#1190=LINE('',#1187,#1189);
#1191=EDGE_CURVE('',#1178,#1186,#1190,.T.);
#1192=ORIENTED_EDGE('',*,*,#1191,.T.);
#1193=CARTESIAN_POINT('',(22.346283212,-10.142641951,0.));
#1194=DIRECTION('',(0.,-0.,1.));
#1195=VECTOR('',#1194,15.59180775);
#1196=LINE('',#1193,#1195);
#1197=EDGE_CURVE('',#1186,#1170,#1196,.T.);
#1198=ORIENTED_EDGE('',*,*,#1197,.T.);
#1199=EDGE_LOOP('',(#1176,#1184,#1192,#1198));
#1200=FACE_BOUND('',#1199,.T.);
#1201=ADVANCED_FACE('',(#1200),#1166,.F.);
#1202=CARTESIAN_POINT('',(41.740821506,-6.342168662,26.357523624));
#1203=DIRECTION('',(0.,-1.,-0.));
#1204=DIRECTION('',(-1.,0.,-0.));
#1205=AXIS2_PLACEMENT_3D('',#1202,#1203,#1204);
#1206=PLANE('',#1205);
#1207=CARTESIAN_POINT('',(23.740821506,-6.342168662,35.817523624));
#1208=VERTEX_POINT('',#1207);
#1209=CARTESIAN_POINT('',(22.190821506,-6.342168662,34.267523624));
#1210=VERTEX_POINT('',#1209);
#1211=CARTESIAN_POINT('',(23.740821506,-6.342168662,34.267523624));
#1212=DIRECTION('',(0.,-1.,-0.));
#1213=DIRECTION('',(-1.,0.,-0.));
#1214=AXIS2_PLACEMENT_3D('',#1211,#1212,#1213);
#1215=CIRCLE('',#1214,1.55);
#1216=EDGE_CURVE('NONE',#1208,#1210,#1215,.T.);
#1217=ORIENTED_EDGE('',*,*,#1216,.T.);
#1218=CARTESIAN_POINT('',(22.190821506,-6.342168662,30.351354096));
#1219=VERTEX_POINT('',#1218);
#1220=CARTESIAN_POINT('',(22.190821506,-6.342168662,34.267523624));
#1221=DIRECTION('',(0.,0.,-1.));
#1222=VECTOR('',#1221,3.916169528);
#1223=LINE('',#1220,#1222);
#1224=EDGE_CURVE('NONE',#1210,#1219,#1223,.T.);
#1225=ORIENTED_EDGE('',*,*,#1224,.T.);
#1226=CARTESIAN_POINT('',(27.853212212,-6.342168662,35.817523624));
#1227=VERTEX_POINT('',#1226);
#1228=CARTESIAN_POINT('',(31.515821506,-6.342168662,26.357523624));
#1229=DIRECTION('',(-0.,1.,0.));
#1230=DIRECTION('',(0.,0.,-1.));
#1231=AXIS2_PLACEMENT_3D('',#1228,#1229,#1230);
#1232=CIRCLE('',#1231,10.144274584);
#1233=EDGE_CURVE('',#1219,#1227,#1232,.T.);
#1234=ORIENTED_EDGE('',*,*,#1233,.T.);
#1235=CARTESIAN_POINT('',(27.853212212,-6.342168662,35.817523624));
#1236=DIRECTION('',(-1.,0.,-0.));
#1237=VECTOR('',#1236,4.112390706);
#1238=LINE('',#1235,#1237);
#1239=EDGE_CURVE('',#1227,#1208,#1238,.T.);
#1240=ORIENTED_EDGE('',*,*,#1239,.T.);
#1241=EDGE_LOOP('',(#1217,#1225,#1234,#1240));
#1242=FACE_BOUND('',#1241,.T.);
#1243=ADVANCED_FACE('',(#1242),#1206,.T.);
#1244=CARTESIAN_POINT('',(41.740821506,-6.342168662,26.357523624));
#1245=DIRECTION('',(0.,-1.,-0.));
#1246=DIRECTION('',(-1.,0.,-0.));
#1247=AXIS2_PLACEMENT_3D('',#1244,#1245,#1246);
#1248=PLANE('',#1247);
#1249=CARTESIAN_POINT('',(27.853212212,-6.342168662,16.897523624));
#1250=VERTEX_POINT('',#1249);
#1251=CARTESIAN_POINT('',(22.190821506,-6.342168662,22.363693153));
#1252=VERTEX_POINT('',#1251);
#1253=CARTESIAN_POINT('',(31.515821506,-6.342168662,26.357523624));
#1254=DIRECTION('',(-0.,1.,0.));
#1255=DIRECTION('',(0.,0.,-1.));
#1256=AXIS2_PLACEMENT_3D('',#1253,#1254,#1255);
#1257=CIRCLE('',#1256,10.144274584);
#1258=EDGE_CURVE('',#1250,#1252,#1257,.T.);
#1259=ORIENTED_EDGE('',*,*,#1258,.T.);
#1260=CARTESIAN_POINT('',(22.190821506,-6.342168662,18.447523624));
#1261=VERTEX_POINT('',#1260);
#1262=CARTESIAN_POINT('',(22.190821506,-6.342168662,22.363693153));
#1263=DIRECTION('',(0.,0.,-1.));
#1264=VECTOR('',#1263,3.916169528);
#1265=LINE('',#1262,#1264);
#1266=EDGE_CURVE('',#1252,#1261,#1265,.T.);
#1267=ORIENTED_EDGE('',*,*,#1266,.T.);
#1268=CARTESIAN_POINT('',(23.740821506,-6.342168662,16.897523624));
#1269=VERTEX_POINT('',#1268);
#1270=CARTESIAN_POINT('',(23.740821506,-6.342168662,18.447523624));
#1271=DIRECTION('',(0.,-1.,-0.));
#1272=DIRECTION('',(-1.,0.,-0.));
#1273=AXIS2_PLACEMENT_3D('',#1270,#1271,#1272);
#1274=CIRCLE('',#1273,1.55);
#1275=EDGE_CURVE('',#1261,#1269,#1274,.T.);
#1276=ORIENTED_EDGE('',*,*,#1275,.T.);
#1277=CARTESIAN_POINT('',(23.740821506,-6.342168662,16.897523624));
#1278=DIRECTION('',(1.,-0.,0.));
#1279=VECTOR('',#1278,4.112390706);
#1280=LINE('',#1277,#1279);
#1281=EDGE_CURVE('NONE',#1269,#1250,#1280,.T.);
#1282=ORIENTED_EDGE('',*,*,#1281,.T.);
#1283=EDGE_LOOP('',(#1259,#1267,#1276,#1282));
#1284=FACE_BOUND('',#1283,.T.);
#1285=ADVANCED_FACE('',(#1284),#1248,.T.);
#1286=CARTESIAN_POINT('',(41.740821506,-6.342168662,26.357523624));
#1287=DIRECTION('',(0.,-1.,-0.));
#1288=DIRECTION('',(-1.,0.,-0.));
#1289=AXIS2_PLACEMENT_3D('',#1286,#1287,#1288);
#1290=PLANE('',#1289);
#1291=CARTESIAN_POINT('',(35.021490947,-6.342168662,16.83824904));
#1292=VERTEX_POINT('',#1291);
#1293=CARTESIAN_POINT('',(31.515821506,-6.342168662,26.357523624));
#1294=DIRECTION('',(-0.,1.,0.));
#1295=DIRECTION('',(0.,0.,-1.));
#1296=AXIS2_PLACEMENT_3D('',#1293,#1294,#1295);
#1297=CIRCLE('',#1296,10.144274584);
#1298=EDGE_CURVE('NONE',#1292,#1250,#1297,.T.);
#1299=ORIENTED_EDGE('',*,*,#1298,.T.);
#1300=CARTESIAN_POINT('',(54.551429812,-6.342168662,16.897523624));
#1301=VERTEX_POINT('',#1300);
#1302=CARTESIAN_POINT('',(27.853212212,-6.342168662,16.897523624));
#1303=DIRECTION('',(1.,-0.,0.));
#1304=VECTOR('',#1303,26.6982176);
#1305=LINE('',#1302,#1304);
#1306=EDGE_CURVE('',#1250,#1301,#1305,.T.);
#1307=ORIENTED_EDGE('',*,*,#1306,.T.);
#1308=CARTESIAN_POINT('',(54.090821506,-6.342168662,16.83824904));
#1309=VERTEX_POINT('',#1308);
#1310=CARTESIAN_POINT('',(54.090821506,-6.342168662,18.657523624));
#1311=DIRECTION('',(-0.,1.,0.));
#1312=DIRECTION('',(0.,0.,-1.));
#1313=AXIS2_PLACEMENT_3D('',#1310,#1311,#1312);
#1314=CIRCLE('',#1313,1.819274584);
#1315=EDGE_CURVE('',#1301,#1309,#1314,.T.);
#1316=ORIENTED_EDGE('',*,*,#1315,.T.);
#1317=CARTESIAN_POINT('',(54.090821506,-6.342168662,16.83824904));
#1318=DIRECTION('',(-1.,0.,-0.));
#1319=VECTOR('',#1318,19.069330559);
#1320=LINE('',#1317,#1319);
#1321=EDGE_CURVE('NONE',#1309,#1292,#1320,.T.);
#1322=ORIENTED_EDGE('',*,*,#1321,.T.);
#1323=EDGE_LOOP('',(#1299,#1307,#1316,#1322));
#1324=FACE_BOUND('',#1323,.T.);
#1325=ADVANCED_FACE('',(#1324),#1290,.F.);
#1326=CARTESIAN_POINT('',(41.740821506,-6.342168662,26.357523624));
#1327=DIRECTION('',(0.,-1.,-0.));
#1328=DIRECTION('',(-1.,0.,-0.));
#1329=AXIS2_PLACEMENT_3D('',#1326,#1327,#1328);
#1330=PLANE('',#1329);
#1331=CARTESIAN_POINT('',(54.551429812,-6.342168662,35.817523624));
#1332=VERTEX_POINT('',#1331);
#1333=CARTESIAN_POINT('',(54.551429812,-6.342168662,35.817523624));
#1334=DIRECTION('',(-1.,0.,-0.));
#1335=VECTOR('',#1334,26.6982176);
#1336=LINE('',#1333,#1335);
#1337=EDGE_CURVE('',#1332,#1227,#1336,.T.);
#1338=ORIENTED_EDGE('',*,*,#1337,.T.);
#1339=CARTESIAN_POINT('',(35.021490947,-6.342168662,35.876798208));
#1340=VERTEX_POINT('',#1339);
#1341=CARTESIAN_POINT('',(31.515821506,-6.342168662,26.357523624));
#1342=DIRECTION('',(-0.,1.,0.));
#1343=DIRECTION('',(0.,0.,-1.));
#1344=AXIS2_PLACEMENT_3D('',#1341,#1342,#1343);
#1345=CIRCLE('',#1344,10.144274584);
#1346=EDGE_CURVE('',#1227,#1340,#1345,.T.);
#1347=ORIENTED_EDGE('',*,*,#1346,.T.);
#1348=CARTESIAN_POINT('',(54.090821506,-6.342168662,35.876798208));
#1349=VERTEX_POINT('',#1348);
#1350=CARTESIAN_POINT('',(35.021490947,-6.342168662,35.876798208));
#1351=DIRECTION('',(1.,0.,0.));
#1352=VECTOR('',#1351,19.069330559);
#1353=LINE('',#1350,#1352);
#1354=EDGE_CURVE('NONE',#1340,#1349,#1353,.T.);
#1355=ORIENTED_EDGE('',*,*,#1354,.T.);
#1356=CARTESIAN_POINT('',(54.090821506,-6.342168662,34.057523624));
#1357=DIRECTION('',(-0.,1.,0.));
#1358=DIRECTION('',(0.,0.,-1.));
#1359=AXIS2_PLACEMENT_3D('',#1356,#1357,#1358);
#1360=CIRCLE('',#1359,1.819274584);
#1361=EDGE_CURVE('NONE',#1349,#1332,#1360,.T.);
#1362=ORIENTED_EDGE('',*,*,#1361,.T.);
#1363=EDGE_LOOP('',(#1338,#1347,#1355,#1362));
#1364=FACE_BOUND('',#1363,.T.);
#1365=ADVANCED_FACE('',(#1364),#1330,.F.);
#1366=CARTESIAN_POINT('',(13.930765564,-10.142641951,-4.535831819));
#1367=CARTESIAN_POINT('',(32.548535687,-10.142641951,-4.535831819));
#1368=CARTESIAN_POINT('',(51.166305811,-10.142641951,-4.535831819));
#1369=CARTESIAN_POINT('',(69.784075934,-10.142641951,-4.535831819));
#1370=CARTESIAN_POINT('',(13.930765564,-10.142641951,9.218241294));
#1371=CARTESIAN_POINT('',(32.548535687,-10.142641951,9.218241294));
#1372=CARTESIAN_POINT('',(51.166305811,-10.142641951,9.218241294));
#1373=CARTESIAN_POINT('',(69.784075934,-10.142641951,9.218241294));
#1374=CARTESIAN_POINT('',(13.930765564,-10.142641951,22.972314408));
#1375=CARTESIAN_POINT('',(32.548535687,-10.142641951,22.972314408));
#1376=CARTESIAN_POINT('',(51.166305811,-10.142641951,22.972314408));
#1377=CARTESIAN_POINT('',(69.784075934,-10.142641951,22.972314408));
#1378=CARTESIAN_POINT('',(13.930765564,-10.142641951,36.726387522));
#1379=CARTESIAN_POINT('',(32.548535687,-10.142641951,36.726387522));
#1380=CARTESIAN_POINT('',(51.166305811,-10.142641951,36.726387522));
#1381=CARTESIAN_POINT('',(69.784075934,-10.142641951,36.726387522));
#1382=B_SPLINE_SURFACE_WITH_KNOTS('',3,3,((#1366,#1367,#1368,#1369),(#1370,#1371,#1372,#1373),(#1374,#1375,#1376,#1377),(#1378,#1379,#1380,#1381)),.UNSPECIFIED.,.F.,.F.,.U.,(4,4),(4,4),(-0.004535832,0.036726388),(0.013930766,0.069784076),.UNSPECIFIED.);
#1383=CARTESIAN_POINT('',(69.784075934,-10.142641951,36.726387522));
#1384=VERTEX_POINT('',#1383);
#1385=CARTESIAN_POINT('',(13.930765564,-10.142641951,36.726387522));
#1386=VERTEX_POINT('',#1385);
#1387=CARTESIAN_POINT('',(69.784075934,-10.142641951,36.726387522));
#1388=DIRECTION('',(-1.,-0.,0.));
#1389=VECTOR('',#1388,55.85331037);
#1390=LINE('',#1387,#1389);
#1391=EDGE_CURVE('',#1384,#1386,#1390,.T.);
#1392=ORIENTED_EDGE('',*,*,#1391,.T.);
#1393=CARTESIAN_POINT('',(13.930765564,-10.142641951,15.59180775));
#1394=VERTEX_POINT('',#1393);
#1395=CARTESIAN_POINT('',(13.930765564,-10.142641951,36.726387522));
#1396=DIRECTION('',(0.,0.,-1.));
#1397=VECTOR('',#1396,21.134579772);
#1398=LINE('',#1395,#1397);
#1399=EDGE_CURVE('',#1386,#1394,#1398,.T.);
#1400=ORIENTED_EDGE('',*,*,#1399,.T.);
#1401=CARTESIAN_POINT('',(13.930765564,-10.142641951,15.59180775));
#1402=DIRECTION('',(1.,0.,0.));
#1403=VECTOR('',#1402,8.415517648);
#1404=LINE('',#1401,#1403);
#1405=EDGE_CURVE('',#1394,#1170,#1404,.T.);
#1406=ORIENTED_EDGE('',*,*,#1405,.T.);
#1407=ORIENTED_EDGE('',*,*,#1197,.F.);
#1408=CARTESIAN_POINT('',(22.346283212,-10.142641951,-4.535831819));
#1409=VERTEX_POINT('',#1408);
#1410=CARTESIAN_POINT('',(22.346283212,-10.142641951,-4.535831819));
#1411=DIRECTION('',(0.,-0.,1.));
#1412=VECTOR('',#1411,4.535831819);
#1413=LINE('',#1410,#1412);
#1414=EDGE_CURVE('',#1409,#1186,#1413,.T.);
#1415=ORIENTED_EDGE('',*,*,#1414,.F.);
#1416=CARTESIAN_POINT('',(69.784075934,-10.142641951,-4.535831819));
#1417=VERTEX_POINT('',#1416);
#1418=CARTESIAN_POINT('',(22.346283212,-10.142641951,-4.535831819));
#1419=DIRECTION('',(1.,0.,0.));
#1420=VECTOR('',#1419,47.437792721);
#1421=LINE('',#1418,#1420);
#1422=EDGE_CURVE('',#1409,#1417,#1421,.T.);
#1423=ORIENTED_EDGE('',*,*,#1422,.T.);
#1424=CARTESIAN_POINT('',(69.784075934,-10.142641951,-4.535831819));
#1425=DIRECTION('',(0.,-0.,1.));
#1426=VECTOR('',#1425,41.262219342);
#1427=LINE('',#1424,#1426);
#1428=EDGE_CURVE('',#1417,#1384,#1427,.T.);
#1429=ORIENTED_EDGE('',*,*,#1428,.T.);
#1430=EDGE_LOOP('',(#1392,#1400,#1406,#1407,#1415,#1423,#1429));
#1431=FACE_BOUND('',#1430,.T.);
#1432=CARTESIAN_POINT('',(21.740821506,-10.142641951,34.267523624));
#1433=VERTEX_POINT('',#1432);
#1434=CARTESIAN_POINT('',(21.740821506,-10.142641951,26.957523624));
#1435=VERTEX_POINT('',#1434);
#1436=CARTESIAN_POINT('',(21.740821506,-10.142641951,34.267523624));
#1437=DIRECTION('',(0.,0.,-1.));
#1438=VECTOR('',#1437,7.31);
#1439=LINE('',#1436,#1438);
#1440=EDGE_CURVE('',#1433,#1435,#1439,.T.);
#1441=ORIENTED_EDGE('',*,*,#1440,.F.);
#1442=CARTESIAN_POINT('',(23.740821506,-10.142641951,36.267523624));
#1443=VERTEX_POINT('',#1442);
#1444=CARTESIAN_POINT('',(23.740821506,-10.142641951,34.267523624));
#1445=DIRECTION('',(0.,-1.,-0.));
#1446=DIRECTION('',(0.,0.,-1.));
#1447=AXIS2_PLACEMENT_3D('',#1444,#1445,#1446);
#1448=CIRCLE('',#1447,2.);
#1449=EDGE_CURVE('',#1443,#1433,#1448,.T.);
#1450=ORIENTED_EDGE('',*,*,#1449,.F.);
#1451=CARTESIAN_POINT('',(59.740821506,-10.142641951,36.267523624));
#1452=VERTEX_POINT('',#1451);
#1453=CARTESIAN_POINT('',(59.740821506,-10.142641951,36.267523624));
#1454=DIRECTION('',(-1.,-0.,-0.));
#1455=VECTOR('',#1454,36.);
#1456=LINE('',#1453,#1455);
#1457=EDGE_CURVE('',#1452,#1443,#1456,.T.);
#1458=ORIENTED_EDGE('',*,*,#1457,.F.);
#1459=CARTESIAN_POINT('',(61.740821506,-10.142641951,34.267523624));
#1460=VERTEX_POINT('',#1459);
#1461=CARTESIAN_POINT('',(59.740821506,-10.142641951,34.267523624));
#1462=DIRECTION('',(0.,-1.,-0.));
#1463=DIRECTION('',(0.,0.,-1.));
#1464=AXIS2_PLACEMENT_3D('',#1461,#1462,#1463);
#1465=CIRCLE('',#1464,2.);
#1466=EDGE_CURVE('',#1460,#1452,#1465,.T.);
#1467=ORIENTED_EDGE('',*,*,#1466,.F.);
#1468=CARTESIAN_POINT('',(61.740821506,-10.142641951,26.957523624));
#1469=VERTEX_POINT('',#1468);
#1470=CARTESIAN_POINT('',(61.740821506,-10.142641951,26.957523624));
#1471=DIRECTION('',(-0.,-0.,1.));
#1472=VECTOR('',#1471,7.31);
#1473=LINE('',#1470,#1472);
#1474=EDGE_CURVE('',#1469,#1460,#1473,.T.);
#1475=ORIENTED_EDGE('',*,*,#1474,.F.);
#1476=CARTESIAN_POINT('',(68.290821506,-10.142641951,26.957523624));
#1477=VERTEX_POINT('',#1476);
#1478=CARTESIAN_POINT('',(61.740821506,-10.142641951,26.957523624));
#1479=DIRECTION('',(1.,0.,0.));
#1480=VECTOR('',#1479,6.55);
#1481=LINE('',#1478,#1480);
#1482=EDGE_CURVE('',#1469,#1477,#1481,.T.);
#1483=ORIENTED_EDGE('',*,*,#1482,.T.);
#1484=CARTESIAN_POINT('',(68.290821506,-10.142641951,25.757523624));
#1485=VERTEX_POINT('',#1484);
#1486=CARTESIAN_POINT('',(68.290821506,-10.142641951,25.757523624));
#1487=DIRECTION('',(-0.,-0.,1.));
#1488=VECTOR('',#1487,1.2);
#1489=LINE('',#1486,#1488);
#1490=EDGE_CURVE('',#1485,#1477,#1489,.T.);
#1491=ORIENTED_EDGE('',*,*,#1490,.F.);
#1492=CARTESIAN_POINT('',(61.740821506,-10.142641951,25.757523624));
#1493=VERTEX_POINT('',#1492);
#1494=CARTESIAN_POINT('',(61.740821506,-10.142641951,25.757523624));
#1495=DIRECTION('',(1.,0.,0.));
#1496=VECTOR('',#1495,6.55);
#1497=LINE('',#1494,#1496);
#1498=EDGE_CURVE('',#1493,#1485,#1497,.T.);
#1499=ORIENTED_EDGE('',*,*,#1498,.F.);
#1500=CARTESIAN_POINT('',(61.740821506,-10.142641951,18.447523624));
#1501=VERTEX_POINT('',#1500);
#1502=CARTESIAN_POINT('',(61.740821506,-10.142641951,18.447523624));
#1503=DIRECTION('',(-0.,-0.,1.));
#1504=VECTOR('',#1503,7.31);
#1505=LINE('',#1502,#1504);
#1506=EDGE_CURVE('',#1501,#1493,#1505,.T.);
#1507=ORIENTED_EDGE('',*,*,#1506,.F.);
#1508=CARTESIAN_POINT('',(59.740821506,-10.142641951,16.447523624));
#1509=VERTEX_POINT('',#1508);
#1510=CARTESIAN_POINT('',(59.740821506,-10.142641951,18.447523624));
#1511=DIRECTION('',(0.,-1.,-0.));
#1512=DIRECTION('',(0.,0.,-1.));
#1513=AXIS2_PLACEMENT_3D('',#1510,#1511,#1512);
#1514=CIRCLE('',#1513,2.);
#1515=EDGE_CURVE('',#1509,#1501,#1514,.T.);
#1516=ORIENTED_EDGE('',*,*,#1515,.F.);
#1517=CARTESIAN_POINT('',(23.740821506,-10.142641951,16.447523624));
#1518=VERTEX_POINT('',#1517);
#1519=CARTESIAN_POINT('',(23.740821506,-10.142641951,16.447523624));
#1520=DIRECTION('',(1.,0.,0.));
#1521=VECTOR('',#1520,36.);
#1522=LINE('',#1519,#1521);
#1523=EDGE_CURVE('',#1518,#1509,#1522,.T.);
#1524=ORIENTED_EDGE('',*,*,#1523,.F.);
#1525=CARTESIAN_POINT('',(21.740821506,-10.142641951,18.447523624));
#1526=VERTEX_POINT('',#1525);
#1527=CARTESIAN_POINT('',(23.740821506,-10.142641951,18.447523624));
#1528=DIRECTION('',(0.,-1.,-0.));
#1529=DIRECTION('',(0.,0.,-1.));
#1530=AXIS2_PLACEMENT_3D('',#1527,#1528,#1529);
#1531=CIRCLE('',#1530,2.);
#1532=EDGE_CURVE('',#1526,#1518,#1531,.T.);
#1533=ORIENTED_EDGE('',*,*,#1532,.F.);
#1534=CARTESIAN_POINT('',(21.740821506,-10.142641951,25.757523624));
#1535=VERTEX_POINT('',#1534);
#1536=CARTESIAN_POINT('',(21.740821506,-10.142641951,25.757523624));
#1537=DIRECTION('',(0.,0.,-1.));
#1538=VECTOR('',#1537,7.31);
#1539=LINE('',#1536,#1538);
#1540=EDGE_CURVE('',#1535,#1526,#1539,.T.);
#1541=ORIENTED_EDGE('',*,*,#1540,.F.);
#1542=CARTESIAN_POINT('',(15.190821506,-10.142641951,25.757523624));
#1543=VERTEX_POINT('',#1542);
#1544=CARTESIAN_POINT('',(21.740821506,-10.142641951,25.757523624));
#1545=DIRECTION('',(-1.,-0.,-0.));
#1546=VECTOR('',#1545,6.55);
#1547=LINE('',#1544,#1546);
#1548=EDGE_CURVE('',#1535,#1543,#1547,.T.);
#1549=ORIENTED_EDGE('',*,*,#1548,.T.);
#1550=CARTESIAN_POINT('',(15.190821506,-10.142641951,26.957523624));
#1551=VERTEX_POINT('',#1550);
#1552=CARTESIAN_POINT('',(15.190821506,-10.142641951,25.757523624));
#1553=DIRECTION('',(-0.,-0.,1.));
#1554=VECTOR('',#1553,1.2);
#1555=LINE('',#1552,#1554);
#1556=EDGE_CURVE('',#1543,#1551,#1555,.T.);
#1557=ORIENTED_EDGE('',*,*,#1556,.T.);
#1558=CARTESIAN_POINT('',(21.740821506,-10.142641951,26.957523624));
#1559=DIRECTION('',(-1.,-0.,-0.));
#1560=VECTOR('',#1559,6.55);
#1561=LINE('',#1558,#1560);
#1562=EDGE_CURVE('',#1435,#1551,#1561,.T.);
#1563=ORIENTED_EDGE('',*,*,#1562,.F.);
#1564=EDGE_LOOP('',(#1441,#1450,#1458,#1467,#1475,#1483,#1491,#1499,#1507,#1516,#1524,#1533,#1541,#1549,#1557,#1563));
#1565=FACE_BOUND('',#1564,.T.);
#1566=CARTESIAN_POINT('',(68.075821506,-10.142641951,21.357523624));
#1567=VERTEX_POINT('',#1566);
#1568=CARTESIAN_POINT('',(65.865821506,-10.142641951,19.147523624));
#1569=VERTEX_POINT('',#1568);
#1570=CARTESIAN_POINT('',(65.865821506,-10.142641951,21.357523624));
#1571=DIRECTION('',(0.,-1.,-0.));
#1572=DIRECTION('',(0.,0.,-1.));
#1573=AXIS2_PLACEMENT_3D('',#1570,#1571,#1572);
#1574=CIRCLE('',#1573,2.21);
#1575=EDGE_CURVE('',#1567,#1569,#1574,.T.);
#1576=ORIENTED_EDGE('',*,*,#1575,.F.);
#1577=CARTESIAN_POINT('',(65.865821506,-10.142641951,21.357523624));
#1578=DIRECTION('',(0.,-1.,-0.));
#1579=DIRECTION('',(0.,0.,-1.));
#1580=AXIS2_PLACEMENT_3D('',#1577,#1578,#1579);
#1581=CIRCLE('',#1580,2.21);
#1582=EDGE_CURVE('',#1569,#1567,#1581,.T.);
#1583=ORIENTED_EDGE('',*,*,#1582,.F.);
#1584=EDGE_LOOP('',(#1576,#1583));
#1585=FACE_BOUND('',#1584,.T.);
#1586=CARTESIAN_POINT('',(68.075821506,-10.142641951,31.357523624));
#1587=VERTEX_POINT('',#1586);
#1588=CARTESIAN_POINT('',(65.865821506,-10.142641951,29.147523624));
#1589=VERTEX_POINT('',#1588);
#1590=CARTESIAN_POINT('',(65.865821506,-10.142641951,31.357523624));
#1591=DIRECTION('',(0.,-1.,-0.));
#1592=DIRECTION('',(0.,0.,-1.));
#1593=AXIS2_PLACEMENT_3D('',#1590,#1591,#1592);
#1594=CIRCLE('',#1593,2.21);
#1595=EDGE_CURVE('',#1587,#1589,#1594,.T.);
#1596=ORIENTED_EDGE('',*,*,#1595,.F.);
#1597=CARTESIAN_POINT('',(65.865821506,-10.142641951,31.357523624));
#1598=DIRECTION('',(0.,-1.,-0.));
#1599=DIRECTION('',(0.,0.,-1.));
#1600=AXIS2_PLACEMENT_3D('',#1597,#1598,#1599);
#1601=CIRCLE('',#1600,2.21);
#1602=EDGE_CURVE('',#1589,#1587,#1601,.T.);
#1603=ORIENTED_EDGE('',*,*,#1602,.F.);
#1604=EDGE_LOOP('',(#1596,#1603));
#1605=FACE_BOUND('',#1604,.T.);
#1606=CARTESIAN_POINT('',(15.405821506,-10.142641951,31.357523624));
#1607=VERTEX_POINT('',#1606);
#1608=CARTESIAN_POINT('',(17.615821506,-10.142641951,29.147523624));
#1609=VERTEX_POINT('',#1608);
#1610=CARTESIAN_POINT('',(17.615821506,-10.142641951,31.357523624));
#1611=DIRECTION('',(0.,-1.,-0.));
#1612=DIRECTION('',(0.,0.,-1.));
#1613=AXIS2_PLACEMENT_3D('',#1610,#1611,#1612);
#1614=CIRCLE('',#1613,2.21);
#1615=EDGE_CURVE('',#1607,#1609,#1614,.T.);
#1616=ORIENTED_EDGE('',*,*,#1615,.F.);
#1617=CARTESIAN_POINT('',(17.615821506,-10.142641951,31.357523624));
#1618=DIRECTION('',(0.,-1.,-0.));
#1619=DIRECTION('',(0.,0.,-1.));
#1620=AXIS2_PLACEMENT_3D('',#1617,#1618,#1619);
#1621=CIRCLE('',#1620,2.21);
#1622=EDGE_CURVE('',#1609,#1607,#1621,.T.);
#1623=ORIENTED_EDGE('',*,*,#1622,.F.);
#1624=EDGE_LOOP('',(#1616,#1623));
#1625=FACE_BOUND('',#1624,.T.);
#1626=CARTESIAN_POINT('',(15.405821506,-10.142641951,21.357523624));
#1627=VERTEX_POINT('',#1626);
#1628=CARTESIAN_POINT('',(17.615821506,-10.142641951,19.147523624));
#1629=VERTEX_POINT('',#1628);
#1630=CARTESIAN_POINT('',(17.615821506,-10.142641951,21.357523624));
#1631=DIRECTION('',(0.,-1.,-0.));
#1632=DIRECTION('',(0.,0.,-1.));
#1633=AXIS2_PLACEMENT_3D('',#1630,#1631,#1632);
#1634=CIRCLE('',#1633,2.21);
#1635=EDGE_CURVE('',#1627,#1629,#1634,.T.);
#1636=ORIENTED_EDGE('',*,*,#1635,.F.);
#1637=CARTESIAN_POINT('',(17.615821506,-10.142641951,21.357523624));
#1638=DIRECTION('',(0.,-1.,-0.));
#1639=DIRECTION('',(0.,0.,-1.));
#1640=AXIS2_PLACEMENT_3D('',#1637,#1638,#1639);
#1641=CIRCLE('',#1640,2.21);
#1642=EDGE_CURVE('',#1629,#1627,#1641,.T.);
#1643=ORIENTED_EDGE('',*,*,#1642,.F.);
#1644=EDGE_LOOP('',(#1636,#1643));
#1645=FACE_BOUND('',#1644,.T.);
#1646=ADVANCED_FACE('',(#1431,#1565,#1585,#1605,#1625,#1645),#1382,.F.);
#1647=CARTESIAN_POINT('',(69.784075934,-4.909951034,15.59180775));
#1648=DIRECTION('',(1.,0.,0.));
#1649=DIRECTION('',(0.,0.,-1.));
#1650=AXIS2_PLACEMENT_3D('',#1647,#1648,#1649);
#1651=PLANE('',#1650);
#1652=ORIENTED_EDGE('',*,*,#1428,.F.);
#1653=CARTESIAN_POINT('',(69.784075934,-4.909951034,-4.535831819));
#1654=VERTEX_POINT('',#1653);
#1655=CARTESIAN_POINT('',(69.784075934,-4.909951034,-4.535831819));
#1656=DIRECTION('',(0.,-1.,0.));
#1657=VECTOR('',#1656,5.232690917);
#1658=LINE('',#1655,#1657);
#1659=EDGE_CURVE('',#1654,#1417,#1658,.T.);
#1660=ORIENTED_EDGE('',*,*,#1659,.F.);
#1661=CARTESIAN_POINT('',(69.784075934,-4.909951034,36.726387522));
#1662=VERTEX_POINT('',#1661);
#1663=CARTESIAN_POINT('',(69.784075934,-4.909951034,-4.535831819));
#1664=DIRECTION('',(0.,-0.,1.));
#1665=VECTOR('',#1664,41.262219342);
#1666=LINE('',#1663,#1665);
#1667=EDGE_CURVE('',#1654,#1662,#1666,.T.);
#1668=ORIENTED_EDGE('',*,*,#1667,.T.);
#1669=CARTESIAN_POINT('',(69.784075934,-4.909951034,36.726387522));
#1670=DIRECTION('',(0.,-1.,0.));
#1671=VECTOR('',#1670,5.232690917);
#1672=LINE('',#1669,#1671);
#1673=EDGE_CURVE('',#1662,#1384,#1672,.T.);
#1674=ORIENTED_EDGE('',*,*,#1673,.T.);
#1675=EDGE_LOOP('',(#1652,#1660,#1668,#1674));
#1676=FACE_BOUND('',#1675,.T.);
#1677=ADVANCED_FACE('',(#1676),#1651,.T.);
#1678=CARTESIAN_POINT('',(69.784075934,-4.909951034,36.726387522));
#1679=DIRECTION('',(0.,0.,1.));
#1680=DIRECTION('',(1.,0.,0.));
#1681=AXIS2_PLACEMENT_3D('',#1678,#1679,#1680);
#1682=PLANE('',#1681);
#1683=CARTESIAN_POINT('',(13.930765564,-4.909951034,36.726387522));
#1684=VERTEX_POINT('',#1683);
#1685=CARTESIAN_POINT('',(69.784075934,-4.909951034,36.726387522));
#1686=DIRECTION('',(-1.,-0.,0.));
#1687=VECTOR('',#1686,55.85331037);
#1688=LINE('',#1685,#1687);
#1689=EDGE_CURVE('',#1662,#1684,#1688,.T.);
#1690=ORIENTED_EDGE('',*,*,#1689,.T.);
#1691=CARTESIAN_POINT('',(13.930765564,-4.909951034,36.726387522));
#1692=DIRECTION('',(0.,-1.,0.));
#1693=VECTOR('',#1692,5.232690917);
#1694=LINE('',#1691,#1693);
#1695=EDGE_CURVE('',#1684,#1386,#1694,.T.);
#1696=ORIENTED_EDGE('',*,*,#1695,.T.);
#1697=ORIENTED_EDGE('',*,*,#1391,.F.);
#1698=ORIENTED_EDGE('',*,*,#1673,.F.);
#1699=EDGE_LOOP('',(#1690,#1696,#1697,#1698));
#1700=FACE_BOUND('',#1699,.T.);
#1701=ADVANCED_FACE('',(#1700),#1682,.T.);
#1702=CARTESIAN_POINT('',(41.857420749,-4.909951034,26.159097636));
#1703=DIRECTION('',(0.,-1.,-0.));
#1704=DIRECTION('',(0.,0.,-1.));
#1705=AXIS2_PLACEMENT_3D('',#1702,#1703,#1704);
#1706=PLANE('',#1705);
#1707=CARTESIAN_POINT('',(35.021490947,-4.909951034,35.876798208));
#1708=VERTEX_POINT('',#1707);
#1709=CARTESIAN_POINT('',(21.371546922,-4.909951034,26.357523624));
#1710=VERTEX_POINT('',#1709);
#1711=CARTESIAN_POINT('',(31.515821506,-4.909951034,26.357523624));
#1712=DIRECTION('',(0.,-1.,-0.));
#1713=DIRECTION('',(0.,0.,-1.));
#1714=AXIS2_PLACEMENT_3D('',#1711,#1712,#1713);
#1715=CIRCLE('',#1714,10.144274584);
#1716=EDGE_CURVE('',#1708,#1710,#1715,.T.);
#1717=ORIENTED_EDGE('',*,*,#1716,.T.);
#1718=CARTESIAN_POINT('',(35.021490947,-4.909951034,16.83824904));
#1719=VERTEX_POINT('',#1718);
#1720=CARTESIAN_POINT('',(31.515821506,-4.909951034,26.357523624));
#1721=DIRECTION('',(0.,-1.,-0.));
#1722=DIRECTION('',(0.,0.,-1.));
#1723=AXIS2_PLACEMENT_3D('',#1720,#1721,#1722);
#1724=CIRCLE('',#1723,10.144274584);
#1725=EDGE_CURVE('',#1710,#1719,#1724,.T.);
#1726=ORIENTED_EDGE('',*,*,#1725,.T.);
#1727=CARTESIAN_POINT('',(54.090821506,-4.909951034,16.83824904));
#1728=VERTEX_POINT('',#1727);
#1729=CARTESIAN_POINT('',(35.021490947,-4.909951034,16.83824904));
#1730=DIRECTION('',(1.,0.,0.));
#1731=VECTOR('',#1730,19.069330559);
#1732=LINE('',#1729,#1731);
#1733=EDGE_CURVE('',#1719,#1728,#1732,.T.);
#1734=ORIENTED_EDGE('',*,*,#1733,.T.);
#1735=CARTESIAN_POINT('',(55.91009609,-4.909951034,18.657523624));
#1736=VERTEX_POINT('',#1735);
#1737=CARTESIAN_POINT('',(54.090821506,-4.909951034,18.657523624));
#1738=DIRECTION('',(0.,-1.,-0.));
#1739=DIRECTION('',(0.,0.,-1.));
#1740=AXIS2_PLACEMENT_3D('',#1737,#1738,#1739);
#1741=CIRCLE('',#1740,1.819274584);
#1742=EDGE_CURVE('',#1728,#1736,#1741,.T.);
#1743=ORIENTED_EDGE('',*,*,#1742,.T.);
#1744=CARTESIAN_POINT('',(55.91009609,-4.909951034,21.153481054));
#1745=VERTEX_POINT('',#1744);
#1746=CARTESIAN_POINT('',(55.91009609,-4.909951034,18.657523624));
#1747=DIRECTION('',(-0.,-0.,1.));
#1748=VECTOR('',#1747,2.49595743);
#1749=LINE('',#1746,#1748);
#1750=EDGE_CURVE('',#1736,#1745,#1749,.T.);
#1751=ORIENTED_EDGE('',*,*,#1750,.T.);
#1752=CARTESIAN_POINT('',(55.91009609,-4.909951034,31.561566194));
#1753=VERTEX_POINT('',#1752);
#1754=CARTESIAN_POINT('',(51.233445428,-4.909951034,26.357523624));
#1755=DIRECTION('',(0.,-1.,-0.));
#1756=DIRECTION('',(0.,0.,-1.));
#1757=AXIS2_PLACEMENT_3D('',#1754,#1755,#1756);
#1758=CIRCLE('',#1757,6.996650662);
#1759=EDGE_CURVE('',#1745,#1753,#1758,.T.);
#1760=ORIENTED_EDGE('',*,*,#1759,.T.);
#1761=CARTESIAN_POINT('',(55.91009609,-4.909951034,34.057523624));
#1762=VERTEX_POINT('',#1761);
#1763=CARTESIAN_POINT('',(55.91009609,-4.909951034,31.561566194));
#1764=DIRECTION('',(-0.,-0.,1.));
#1765=VECTOR('',#1764,2.49595743);
#1766=LINE('',#1763,#1765);
#1767=EDGE_CURVE('',#1753,#1762,#1766,.T.);
#1768=ORIENTED_EDGE('',*,*,#1767,.T.);
#1769=CARTESIAN_POINT('',(54.090821506,-4.909951034,35.876798208));
#1770=VERTEX_POINT('',#1769);
#1771=CARTESIAN_POINT('',(54.090821506,-4.909951034,34.057523624));
#1772=DIRECTION('',(0.,-1.,-0.));
#1773=DIRECTION('',(0.,0.,-1.));
#1774=AXIS2_PLACEMENT_3D('',#1771,#1772,#1773);
#1775=CIRCLE('',#1774,1.819274584);
#1776=EDGE_CURVE('',#1762,#1770,#1775,.T.);
#1777=ORIENTED_EDGE('',*,*,#1776,.T.);
#1778=CARTESIAN_POINT('',(54.090821506,-4.909951034,35.876798208));
#1779=DIRECTION('',(-1.,-0.,-0.));
#1780=VECTOR('',#1779,19.069330559);
#1781=LINE('',#1778,#1780);
#1782=EDGE_CURVE('',#1770,#1708,#1781,.T.);
#1783=ORIENTED_EDGE('',*,*,#1782,.T.);
#1784=EDGE_LOOP('',(#1717,#1726,#1734,#1743,#1751,#1760,#1768,#1777,#1783));
#1785=FACE_BOUND('',#1784,.T.);
#1786=CARTESIAN_POINT('',(65.865821506,-4.909951034,19.147523624));
#1787=VERTEX_POINT('',#1786);
#1788=CARTESIAN_POINT('',(68.075821506,-4.909951034,21.357523624));
#1789=VERTEX_POINT('',#1788);
#1790=CARTESIAN_POINT('',(65.865821506,-4.909951034,21.357523624));
#1791=DIRECTION('',(0.,-1.,-0.));
#1792=DIRECTION('',(0.,0.,-1.));
#1793=AXIS2_PLACEMENT_3D('',#1790,#1791,#1792);
#1794=CIRCLE('',#1793,2.21);
#1795=EDGE_CURVE('',#1787,#1789,#1794,.T.);
#1796=ORIENTED_EDGE('',*,*,#1795,.T.);
#1797=CARTESIAN_POINT('',(65.865821506,-4.909951034,21.357523624));
#1798=DIRECTION('',(0.,-1.,-0.));
#1799=DIRECTION('',(0.,0.,-1.));
#1800=AXIS2_PLACEMENT_3D('',#1797,#1798,#1799);
#1801=CIRCLE('',#1800,2.21);
#1802=EDGE_CURVE('',#1789,#1787,#1801,.T.);
#1803=ORIENTED_EDGE('',*,*,#1802,.T.);
#1804=EDGE_LOOP('',(#1796,#1803));
#1805=FACE_BOUND('',#1804,.T.);
#1806=CARTESIAN_POINT('',(65.865821506,-4.909951034,29.147523624));
#1807=VERTEX_POINT('',#1806);
#1808=CARTESIAN_POINT('',(68.075821506,-4.909951034,31.357523624));
#1809=VERTEX_POINT('',#1808);
#1810=CARTESIAN_POINT('',(65.865821506,-4.909951034,31.357523624));
#1811=DIRECTION('',(0.,-1.,-0.));
#1812=DIRECTION('',(0.,0.,-1.));
#1813=AXIS2_PLACEMENT_3D('',#1810,#1811,#1812);
#1814=CIRCLE('',#1813,2.21);
#1815=EDGE_CURVE('',#1807,#1809,#1814,.T.);
#1816=ORIENTED_EDGE('',*,*,#1815,.T.);
#1817=CARTESIAN_POINT('',(65.865821506,-4.909951034,31.357523624));
#1818=DIRECTION('',(0.,-1.,-0.));
#1819=DIRECTION('',(0.,0.,-1.));
#1820=AXIS2_PLACEMENT_3D('',#1817,#1818,#1819);
#1821=CIRCLE('',#1820,2.21);
#1822=EDGE_CURVE('',#1809,#1807,#1821,.T.);
#1823=ORIENTED_EDGE('',*,*,#1822,.T.);
#1824=EDGE_LOOP('',(#1816,#1823));
#1825=FACE_BOUND('',#1824,.T.);
#1826=ORIENTED_EDGE('',*,*,#1667,.F.);
#1827=CARTESIAN_POINT('',(22.346283212,-4.909951034,-4.535831819));
#1828=VERTEX_POINT('',#1827);
#1829=CARTESIAN_POINT('',(22.346283212,-4.909951034,-4.535831819));
#1830=DIRECTION('',(1.,0.,0.));
#1831=VECTOR('',#1830,47.437792721);
#1832=LINE('',#1829,#1831);
#1833=EDGE_CURVE('',#1828,#1654,#1832,.T.);
#1834=ORIENTED_EDGE('',*,*,#1833,.F.);
#1835=CARTESIAN_POINT('',(22.346283212,-4.909951034,-4.535831819));
#1836=DIRECTION('',(0.,-0.,1.));
#1837=VECTOR('',#1836,4.535831819);
#1838=LINE('',#1835,#1837);
#1839=EDGE_CURVE('',#1828,#1178,#1838,.T.);
#1840=ORIENTED_EDGE('',*,*,#1839,.T.);
#1841=ORIENTED_EDGE('',*,*,#1183,.T.);
#1842=CARTESIAN_POINT('',(13.930765564,-4.909951034,15.59180775));
#1843=VERTEX_POINT('',#1842);
#1844=CARTESIAN_POINT('',(13.930765564,-4.909951034,15.59180775));
#1845=DIRECTION('',(1.,0.,0.));
#1846=VECTOR('',#1845,8.415517648);
#1847=LINE('',#1844,#1846);
#1848=EDGE_CURVE('',#1843,#1168,#1847,.T.);
#1849=ORIENTED_EDGE('',*,*,#1848,.F.);
#1850=CARTESIAN_POINT('',(13.930765564,-4.909951034,36.726387522));
#1851=DIRECTION('',(0.,0.,-1.));
#1852=VECTOR('',#1851,21.134579772);
#1853=LINE('',#1850,#1852);
#1854=EDGE_CURVE('',#1684,#1843,#1853,.T.);
#1855=ORIENTED_EDGE('',*,*,#1854,.F.);
#1856=ORIENTED_EDGE('',*,*,#1689,.F.);
#1857=EDGE_LOOP('',(#1826,#1834,#1840,#1841,#1849,#1855,#1856));
#1858=FACE_BOUND('',#1857,.T.);
#1859=CARTESIAN_POINT('',(17.615821506,-4.909951034,29.147523624));
#1860=VERTEX_POINT('',#1859);
#1861=CARTESIAN_POINT('',(15.405821506,-4.909951034,31.357523624));
#1862=VERTEX_POINT('',#1861);
#1863=CARTESIAN_POINT('',(17.615821506,-4.909951034,31.357523624));
#1864=DIRECTION('',(0.,-1.,-0.));
#1865=DIRECTION('',(0.,0.,-1.));
#1866=AXIS2_PLACEMENT_3D('',#1863,#1864,#1865);
#1867=CIRCLE('',#1866,2.21);
#1868=EDGE_CURVE('',#1860,#1862,#1867,.T.);
#1869=ORIENTED_EDGE('',*,*,#1868,.T.);
#1870=CARTESIAN_POINT('',(17.615821506,-4.909951034,31.357523624));
#1871=DIRECTION('',(0.,-1.,-0.));
#1872=DIRECTION('',(0.,0.,-1.));
#1873=AXIS2_PLACEMENT_3D('',#1870,#1871,#1872);
#1874=CIRCLE('',#1873,2.21);
#1875=EDGE_CURVE('',#1862,#1860,#1874,.T.);
#1876=ORIENTED_EDGE('',*,*,#1875,.T.);
#1877=EDGE_LOOP('',(#1869,#1876));
#1878=FACE_BOUND('',#1877,.T.);
#1879=CARTESIAN_POINT('',(17.615821506,-4.909951034,19.147523624));
#1880=VERTEX_POINT('',#1879);
#1881=CARTESIAN_POINT('',(15.405821506,-4.909951034,21.357523624));
#1882=VERTEX_POINT('',#1881);
#1883=CARTESIAN_POINT('',(17.615821506,-4.909951034,21.357523624));
#1884=DIRECTION('',(0.,-1.,-0.));
#1885=DIRECTION('',(0.,0.,-1.));
#1886=AXIS2_PLACEMENT_3D('',#1883,#1884,#1885);
#1887=CIRCLE('',#1886,2.21);
#1888=EDGE_CURVE('',#1880,#1882,#1887,.T.);
#1889=ORIENTED_EDGE('',*,*,#1888,.T.);
#1890=CARTESIAN_POINT('',(17.615821506,-4.909951034,21.357523624));
#1891=DIRECTION('',(0.,-1.,-0.));
#1892=DIRECTION('',(0.,0.,-1.));
#1893=AXIS2_PLACEMENT_3D('',#1890,#1891,#1892);
#1894=CIRCLE('',#1893,2.21);
#1895=EDGE_CURVE('',#1882,#1880,#1894,.T.);
#1896=ORIENTED_EDGE('',*,*,#1895,.T.);
#1897=EDGE_LOOP('',(#1889,#1896));
#1898=FACE_BOUND('',#1897,.T.);
#1899=ADVANCED_FACE('',(#1785,#1805,#1825,#1858,#1878,#1898),#1706,.F.);
#1900=CARTESIAN_POINT('',(23.740821506,-6.342168662,18.447523624));
#1901=DIRECTION('',(0.,-1.,-0.));
#1902=DIRECTION('',(-1.,0.,-0.));
#1903=AXIS2_PLACEMENT_3D('',#1900,#1901,#1902);
#1904=CYLINDRICAL_SURFACE('',#1903,1.55);
#1905=ORIENTED_EDGE('',*,*,#1275,.F.);
#1906=CARTESIAN_POINT('',(22.190821506,-7.092168662,18.447523624));
#1907=VERTEX_POINT('',#1906);
#1908=CARTESIAN_POINT('',(22.190821506,-7.092168662,18.447523624));
#1909=DIRECTION('',(-0.,1.,0.));
#1910=VECTOR('',#1909,0.75);
#1911=LINE('',#1908,#1910);
#1912=EDGE_CURVE('NONE',#1907,#1261,#1911,.T.);
#1913=ORIENTED_EDGE('',*,*,#1912,.F.);
#1914=CARTESIAN_POINT('',(23.740821506,-7.092168662,16.897523624));
#1915=VERTEX_POINT('',#1914);
#1916=CARTESIAN_POINT('',(23.740821506,-7.092168662,18.447523624));
#1917=DIRECTION('',(-0.,1.,0.));
#1918=DIRECTION('',(-1.,0.,-0.));
#1919=AXIS2_PLACEMENT_3D('',#1916,#1917,#1918);
#1920=CIRCLE('',#1919,1.55);
#1921=EDGE_CURVE('NONE',#1915,#1907,#1920,.T.);
#1922=ORIENTED_EDGE('',*,*,#1921,.F.);
#1923=CARTESIAN_POINT('',(23.740821506,-6.342168662,16.897523624));
#1924=DIRECTION('',(0.,-1.,-0.));
#1925=VECTOR('',#1924,0.75);
#1926=LINE('',#1923,#1925);
#1927=EDGE_CURVE('NONE',#1269,#1915,#1926,.T.);
#1928=ORIENTED_EDGE('',*,*,#1927,.F.);
#1929=EDGE_LOOP('',(#1905,#1913,#1922,#1928));
#1930=FACE_BOUND('',#1929,.T.);
#1931=ADVANCED_FACE('NONE',(#1930),#1904,.F.);
#1932=CARTESIAN_POINT('',(23.740821506,-6.342168662,34.267523624));
#1933=DIRECTION('',(0.,-1.,-0.));
#1934=DIRECTION('',(-1.,0.,-0.));
#1935=AXIS2_PLACEMENT_3D('',#1932,#1933,#1934);
#1936=CYLINDRICAL_SURFACE('',#1935,1.55);
#1937=CARTESIAN_POINT('',(22.190821506,-7.092168662,34.267523624));
#1938=VERTEX_POINT('',#1937);
#1939=CARTESIAN_POINT('',(23.740821506,-7.092168662,35.817523624));
#1940=VERTEX_POINT('',#1939);
#1941=CARTESIAN_POINT('',(23.740821506,-7.092168662,34.267523624));
#1942=DIRECTION('',(-0.,1.,0.));
#1943=DIRECTION('',(-1.,0.,-0.));
#1944=AXIS2_PLACEMENT_3D('',#1941,#1942,#1943);
#1945=CIRCLE('',#1944,1.55);
#1946=EDGE_CURVE('',#1938,#1940,#1945,.T.);
#1947=ORIENTED_EDGE('',*,*,#1946,.F.);
#1948=CARTESIAN_POINT('',(22.190821506,-6.342168662,34.267523624));
#1949=DIRECTION('',(0.,-1.,-0.));
#1950=VECTOR('',#1949,0.75);
#1951=LINE('',#1948,#1950);
#1952=EDGE_CURVE('NONE',#1210,#1938,#1951,.T.);
#1953=ORIENTED_EDGE('',*,*,#1952,.F.);
#1954=ORIENTED_EDGE('',*,*,#1216,.F.);
#1955=CARTESIAN_POINT('',(23.740821506,-6.342168662,35.817523624));
#1956=DIRECTION('',(0.,-1.,-0.));
#1957=VECTOR('',#1956,0.75);
#1958=LINE('',#1955,#1957);
#1959=EDGE_CURVE('NONE',#1208,#1940,#1958,.T.);
#1960=ORIENTED_EDGE('',*,*,#1959,.T.);
#1961=EDGE_LOOP('',(#1947,#1953,#1954,#1960));
#1962=FACE_BOUND('',#1961,.T.);
#1963=ADVANCED_FACE('NONE',(#1962),#1936,.F.);
#1964=CARTESIAN_POINT('',(23.740821506,-6.342168662,35.817523624));
#1965=DIRECTION('',(-0.,-0.,1.));
#1966=DIRECTION('',(-0.,1.,0.));
#1967=AXIS2_PLACEMENT_3D('',#1964,#1965,#1966);
#1968=PLANE('',#1967);
#1969=CARTESIAN_POINT('',(59.740821506,-6.342168662,35.817523624));
#1970=VERTEX_POINT('',#1969);
#1971=CARTESIAN_POINT('',(59.740821506,-6.342168662,35.817523624));
#1972=DIRECTION('',(-1.,0.,-0.));
#1973=VECTOR('',#1972,5.189391693);
#1974=LINE('',#1971,#1973);
#1975=EDGE_CURVE('NONE',#1970,#1332,#1974,.T.);
#1976=ORIENTED_EDGE('',*,*,#1975,.F.);
#1977=CARTESIAN_POINT('',(59.740821506,-7.092168662,35.817523624));
#1978=VERTEX_POINT('',#1977);
#1979=CARTESIAN_POINT('',(59.740821506,-6.342168662,35.817523624));
#1980=DIRECTION('',(0.,-1.,-0.));
#1981=VECTOR('',#1980,0.75);
#1982=LINE('',#1979,#1981);
#1983=EDGE_CURVE('NONE',#1970,#1978,#1982,.T.);
#1984=ORIENTED_EDGE('',*,*,#1983,.T.);
#1985=CARTESIAN_POINT('',(23.740821506,-7.092168662,35.817523624));
#1986=DIRECTION('',(1.,-0.,0.));
#1987=VECTOR('',#1986,36.);
#1988=LINE('',#1985,#1987);
#1989=EDGE_CURVE('NONE',#1940,#1978,#1988,.T.);
#1990=ORIENTED_EDGE('',*,*,#1989,.F.);
#1991=ORIENTED_EDGE('',*,*,#1959,.F.);
#1992=ORIENTED_EDGE('',*,*,#1239,.F.);
#1993=ORIENTED_EDGE('',*,*,#1337,.F.);
#1994=EDGE_LOOP('',(#1976,#1984,#1990,#1991,#1992,#1993));
#1995=FACE_BOUND('',#1994,.T.);
#1996=ADVANCED_FACE('NONE',(#1995),#1968,.F.);
#1997=CARTESIAN_POINT('',(59.740821506,-6.342168662,34.267523624));
#1998=DIRECTION('',(0.,-1.,-0.));
#1999=DIRECTION('',(-1.,0.,-0.));
#2000=AXIS2_PLACEMENT_3D('',#1997,#1998,#1999);
#2001=CYLINDRICAL_SURFACE('',#2000,1.55);
#2002=CARTESIAN_POINT('',(61.290821506,-6.342168662,34.267523624));
#2003=VERTEX_POINT('',#2002);
#2004=CARTESIAN_POINT('',(59.740821506,-6.342168662,34.267523624));
#2005=DIRECTION('',(0.,-1.,-0.));
#2006=DIRECTION('',(-1.,0.,-0.));
#2007=AXIS2_PLACEMENT_3D('',#2004,#2005,#2006);
#2008=CIRCLE('',#2007,1.55);
#2009=EDGE_CURVE('NONE',#2003,#1970,#2008,.T.);
#2010=ORIENTED_EDGE('',*,*,#2009,.F.);
#2011=CARTESIAN_POINT('',(61.290821506,-7.092168662,34.267523624));
#2012=VERTEX_POINT('',#2011);
#2013=CARTESIAN_POINT('',(61.290821506,-6.342168662,34.267523624));
#2014=DIRECTION('',(0.,-1.,-0.));
#2015=VECTOR('',#2014,0.75);
#2016=LINE('',#2013,#2015);
#2017=EDGE_CURVE('NONE',#2003,#2012,#2016,.T.);
#2018=ORIENTED_EDGE('',*,*,#2017,.T.);
#2019=CARTESIAN_POINT('',(59.740821506,-7.092168662,34.267523624));
#2020=DIRECTION('',(-0.,1.,0.));
#2021=DIRECTION('',(-1.,0.,-0.));
#2022=AXIS2_PLACEMENT_3D('',#2019,#2020,#2021);
#2023=CIRCLE('',#2022,1.55);
#2024=EDGE_CURVE('NONE',#1978,#2012,#2023,.T.);
#2025=ORIENTED_EDGE('',*,*,#2024,.F.);
#2026=ORIENTED_EDGE('',*,*,#1983,.F.);
#2027=EDGE_LOOP('',(#2010,#2018,#2025,#2026));
#2028=FACE_BOUND('',#2027,.T.);
#2029=ADVANCED_FACE('NONE',(#2028),#2001,.F.);
#2030=CARTESIAN_POINT('',(61.290821506,-6.342168662,34.267523624));
#2031=DIRECTION('',(1.,0.,0.));
#2032=DIRECTION('',(0.,-1.,-0.));
#2033=AXIS2_PLACEMENT_3D('',#2030,#2031,#2032);
#2034=PLANE('',#2033);
#2035=CARTESIAN_POINT('',(61.290821506,-6.342168662,18.447523624));
#2036=VERTEX_POINT('',#2035);
#2037=CARTESIAN_POINT('',(61.290821506,-6.342168662,18.447523624));
#2038=DIRECTION('',(-0.,-0.,1.));
#2039=VECTOR('',#2038,15.82);
#2040=LINE('',#2037,#2039);
#2041=EDGE_CURVE('NONE',#2036,#2003,#2040,.T.);
#2042=ORIENTED_EDGE('',*,*,#2041,.F.);
#2043=CARTESIAN_POINT('',(61.290821506,-7.092168662,18.447523624));
#2044=VERTEX_POINT('',#2043);
#2045=CARTESIAN_POINT('',(61.290821506,-6.342168662,18.447523624));
#2046=DIRECTION('',(0.,-1.,-0.));
#2047=VECTOR('',#2046,0.75);
#2048=LINE('',#2045,#2047);
#2049=EDGE_CURVE('NONE',#2036,#2044,#2048,.T.);
#2050=ORIENTED_EDGE('',*,*,#2049,.T.);
#2051=CARTESIAN_POINT('',(61.290821506,-7.092168662,34.267523624));
#2052=DIRECTION('',(0.,0.,-1.));
#2053=VECTOR('',#2052,15.82);
#2054=LINE('',#2051,#2053);
#2055=EDGE_CURVE('NONE',#2012,#2044,#2054,.T.);
#2056=ORIENTED_EDGE('',*,*,#2055,.F.);
#2057=ORIENTED_EDGE('',*,*,#2017,.F.);
#2058=EDGE_LOOP('',(#2042,#2050,#2056,#2057));
#2059=FACE_BOUND('',#2058,.T.);
#2060=ADVANCED_FACE('NONE',(#2059),#2034,.F.);
#2061=CARTESIAN_POINT('',(59.740821506,-6.342168662,18.447523624));
#2062=DIRECTION('',(0.,-1.,-0.));
#2063=DIRECTION('',(-1.,0.,-0.));
#2064=AXIS2_PLACEMENT_3D('',#2061,#2062,#2063);
#2065=CYLINDRICAL_SURFACE('',#2064,1.55);
#2066=CARTESIAN_POINT('',(59.740821506,-6.342168662,16.897523624));
#2067=VERTEX_POINT('',#2066);
#2068=CARTESIAN_POINT('',(59.740821506,-6.342168662,18.447523624));
#2069=DIRECTION('',(0.,-1.,-0.));
#2070=DIRECTION('',(-1.,0.,-0.));
#2071=AXIS2_PLACEMENT_3D('',#2068,#2069,#2070);
#2072=CIRCLE('',#2071,1.55);
#2073=EDGE_CURVE('NONE',#2067,#2036,#2072,.T.);
#2074=ORIENTED_EDGE('',*,*,#2073,.F.);
#2075=CARTESIAN_POINT('',(59.740821506,-7.092168662,16.897523624));
#2076=VERTEX_POINT('',#2075);
#2077=CARTESIAN_POINT('',(59.740821506,-6.342168662,16.897523624));
#2078=DIRECTION('',(0.,-1.,-0.));
#2079=VECTOR('',#2078,0.75);
#2080=LINE('',#2077,#2079);
#2081=EDGE_CURVE('NONE',#2067,#2076,#2080,.T.);
#2082=ORIENTED_EDGE('',*,*,#2081,.T.);
#2083=CARTESIAN_POINT('',(59.740821506,-7.092168662,18.447523624));
#2084=DIRECTION('',(-0.,1.,0.));
#2085=DIRECTION('',(-1.,0.,-0.));
#2086=AXIS2_PLACEMENT_3D('',#2083,#2084,#2085);
#2087=CIRCLE('',#2086,1.55);
#2088=EDGE_CURVE('NONE',#2044,#2076,#2087,.T.);
#2089=ORIENTED_EDGE('',*,*,#2088,.F.);
#2090=ORIENTED_EDGE('',*,*,#2049,.F.);
#2091=EDGE_LOOP('',(#2074,#2082,#2089,#2090));
#2092=FACE_BOUND('',#2091,.T.);
#2093=ADVANCED_FACE('NONE',(#2092),#2065,.F.);
#2094=CARTESIAN_POINT('',(41.740821506,-6.342168662,26.357523624));
#2095=DIRECTION('',(0.,-1.,-0.));
#2096=DIRECTION('',(-1.,0.,-0.));
#2097=AXIS2_PLACEMENT_3D('',#2094,#2095,#2096);
#2098=PLANE('',#2097);
#2099=CARTESIAN_POINT('',(55.91009609,-6.342168662,18.657523624));
#2100=VERTEX_POINT('',#2099);
#2101=CARTESIAN_POINT('',(54.090821506,-6.342168662,18.657523624));
#2102=DIRECTION('',(-0.,1.,0.));
#2103=DIRECTION('',(0.,0.,-1.));
#2104=AXIS2_PLACEMENT_3D('',#2101,#2102,#2103);
#2105=CIRCLE('',#2104,1.819274584);
#2106=EDGE_CURVE('NONE',#2100,#1301,#2105,.T.);
#2107=ORIENTED_EDGE('',*,*,#2106,.T.);
#2108=CARTESIAN_POINT('',(54.551429812,-6.342168662,16.897523624));
#2109=DIRECTION('',(1.,-0.,0.));
#2110=VECTOR('',#2109,5.189391693);
#2111=LINE('',#2108,#2110);
#2112=EDGE_CURVE('',#1301,#2067,#2111,.T.);
#2113=ORIENTED_EDGE('',*,*,#2112,.T.);
#2114=ORIENTED_EDGE('',*,*,#2073,.T.);
#2115=ORIENTED_EDGE('',*,*,#2041,.T.);
#2116=ORIENTED_EDGE('',*,*,#2009,.T.);
#2117=ORIENTED_EDGE('',*,*,#1975,.T.);
#2118=CARTESIAN_POINT('',(55.91009609,-6.342168662,34.057523624));
#2119=VERTEX_POINT('',#2118);
#2120=CARTESIAN_POINT('',(54.090821506,-6.342168662,34.057523624));
#2121=DIRECTION('',(-0.,1.,0.));
#2122=DIRECTION('',(0.,0.,-1.));
#2123=AXIS2_PLACEMENT_3D('',#2120,#2121,#2122);
#2124=CIRCLE('',#2123,1.819274584);
#2125=EDGE_CURVE('',#1332,#2119,#2124,.T.);
#2126=ORIENTED_EDGE('',*,*,#2125,.T.);
#2127=CARTESIAN_POINT('',(55.91009609,-6.342168662,31.561566194));
#2128=VERTEX_POINT('',#2127);
#2129=CARTESIAN_POINT('',(55.91009609,-6.342168662,34.057523624));
#2130=DIRECTION('',(0.,0.,-1.));
#2131=VECTOR('',#2130,2.49595743);
#2132=LINE('',#2129,#2131);
#2133=EDGE_CURVE('NONE',#2119,#2128,#2132,.T.);
#2134=ORIENTED_EDGE('',*,*,#2133,.T.);
#2135=CARTESIAN_POINT('',(55.91009609,-6.342168662,21.153481054));
#2136=VERTEX_POINT('',#2135);
#2137=CARTESIAN_POINT('',(51.233445428,-6.342168662,26.357523624));
#2138=DIRECTION('',(-0.,1.,0.));
#2139=DIRECTION('',(0.,0.,-1.));
#2140=AXIS2_PLACEMENT_3D('',#2137,#2138,#2139);
#2141=CIRCLE('',#2140,6.996650662);
#2142=EDGE_CURVE('NONE',#2128,#2136,#2141,.T.);
#2143=ORIENTED_EDGE('',*,*,#2142,.T.);
#2144=CARTESIAN_POINT('',(55.91009609,-6.342168662,21.153481054));
#2145=DIRECTION('',(0.,0.,-1.));
#2146=VECTOR('',#2145,2.49595743);
#2147=LINE('',#2144,#2146);
#2148=EDGE_CURVE('NONE',#2136,#2100,#2147,.T.);
#2149=ORIENTED_EDGE('',*,*,#2148,.T.);
#2150=EDGE_LOOP('',(#2107,#2113,#2114,#2115,#2116,#2117,#2126,#2134,#2143,#2149));
#2151=FACE_BOUND('',#2150,.T.);
#2152=ADVANCED_FACE('NONE',(#2151),#2098,.T.);
#2153=CARTESIAN_POINT('',(54.090821506,-3.622168662,34.057523624));
#2154=DIRECTION('',(0.,1.,0.));
#2155=DIRECTION('',(1.,-0.,0.));
#2156=AXIS2_PLACEMENT_3D('',#2153,#2154,#2155);
#2157=CYLINDRICAL_SURFACE('',#2156,1.819274584);
#2158=CARTESIAN_POINT('',(55.91009609,-4.909951034,34.057523624));
#2159=DIRECTION('',(-0.,-1.,-0.));
#2160=VECTOR('',#2159,1.432217628);
#2161=LINE('',#2158,#2160);
#2162=EDGE_CURVE('',#1762,#2119,#2161,.T.);
#2163=ORIENTED_EDGE('',*,*,#2162,.T.);
#2164=ORIENTED_EDGE('',*,*,#2125,.F.);
#2165=ORIENTED_EDGE('',*,*,#1361,.F.);
#2166=CARTESIAN_POINT('',(54.090821506,-6.342168662,35.876798208));
#2167=DIRECTION('',(0.,1.,0.));
#2168=VECTOR('',#2167,1.432217628);
#2169=LINE('',#2166,#2168);
#2170=EDGE_CURVE('NONE',#1349,#1770,#2169,.T.);
#2171=ORIENTED_EDGE('',*,*,#2170,.T.);
#2172=ORIENTED_EDGE('',*,*,#1776,.F.);
#2173=EDGE_LOOP('',(#2163,#2164,#2165,#2171,#2172));
#2174=FACE_BOUND('',#2173,.T.);
#2175=ADVANCED_FACE('',(#2174),#2157,.F.);
#2176=CARTESIAN_POINT('',(51.233445428,-3.622168662,26.357523624));
#2177=DIRECTION('',(-0.,-1.,-0.));
#2178=DIRECTION('',(-1.,0.,-0.));
#2179=AXIS2_PLACEMENT_3D('',#2176,#2177,#2178);
#2180=CYLINDRICAL_SURFACE('',#2179,6.996650662);
#2181=CARTESIAN_POINT('',(55.91009609,-4.909951034,21.153481054));
#2182=DIRECTION('',(-0.,-1.,-0.));
#2183=VECTOR('',#2182,1.432217628);
#2184=LINE('',#2181,#2183);
#2185=EDGE_CURVE('',#1745,#2136,#2184,.T.);
#2186=ORIENTED_EDGE('',*,*,#2185,.T.);
#2187=ORIENTED_EDGE('',*,*,#2142,.F.);
#2188=CARTESIAN_POINT('',(55.91009609,-6.342168662,31.561566194));
#2189=DIRECTION('',(0.,1.,0.));
#2190=VECTOR('',#2189,1.432217628);
#2191=LINE('',#2188,#2190);
#2192=EDGE_CURVE('NONE',#2128,#1753,#2191,.T.);
#2193=ORIENTED_EDGE('',*,*,#2192,.T.);
#2194=ORIENTED_EDGE('',*,*,#1759,.F.);
#2195=EDGE_LOOP('',(#2186,#2187,#2193,#2194));
#2196=FACE_BOUND('',#2195,.T.);
#2197=ADVANCED_FACE('',(#2196),#2180,.F.);
#2198=CARTESIAN_POINT('',(55.91009609,-3.622168662,21.532523624));
#2199=DIRECTION('',(1.,0.,0.));
#2200=DIRECTION('',(0.,-1.,-0.));
#2201=AXIS2_PLACEMENT_3D('',#2198,#2199,#2200);
#2202=PLANE('',#2201);
#2203=ORIENTED_EDGE('',*,*,#2192,.F.);
#2204=ORIENTED_EDGE('',*,*,#2133,.F.);
#2205=ORIENTED_EDGE('',*,*,#2162,.F.);
#2206=ORIENTED_EDGE('',*,*,#1767,.F.);
#2207=EDGE_LOOP('',(#2203,#2204,#2205,#2206));
#2208=FACE_BOUND('',#2207,.T.);
#2209=ADVANCED_FACE('',(#2208),#2202,.F.);
#2210=CARTESIAN_POINT('',(54.090821506,-3.622168662,18.657523624));
#2211=DIRECTION('',(0.,1.,0.));
#2212=DIRECTION('',(1.,-0.,0.));
#2213=AXIS2_PLACEMENT_3D('',#2210,#2211,#2212);
#2214=CYLINDRICAL_SURFACE('',#2213,1.819274584);
#2215=CARTESIAN_POINT('',(54.090821506,-4.909951034,16.83824904));
#2216=DIRECTION('',(-0.,-1.,-0.));
#2217=VECTOR('',#2216,1.432217628);
#2218=LINE('',#2215,#2217);
#2219=EDGE_CURVE('',#1728,#1309,#2218,.T.);
#2220=ORIENTED_EDGE('',*,*,#2219,.T.);
#2221=ORIENTED_EDGE('',*,*,#1315,.F.);
#2222=ORIENTED_EDGE('',*,*,#2106,.F.);
#2223=CARTESIAN_POINT('',(55.91009609,-6.342168662,18.657523624));
#2224=DIRECTION('',(0.,1.,0.));
#2225=VECTOR('',#2224,1.432217628);
#2226=LINE('',#2223,#2225);
#2227=EDGE_CURVE('NONE',#2100,#1736,#2226,.T.);
#2228=ORIENTED_EDGE('',*,*,#2227,.T.);
#2229=ORIENTED_EDGE('',*,*,#1742,.F.);
#2230=EDGE_LOOP('',(#2220,#2221,#2222,#2228,#2229));
#2231=FACE_BOUND('',#2230,.T.);
#2232=ADVANCED_FACE('',(#2231),#2214,.F.);
#2233=CARTESIAN_POINT('',(55.91009609,-3.622168662,21.532523624));
#2234=DIRECTION('',(1.,0.,0.));
#2235=DIRECTION('',(0.,-1.,-0.));
#2236=AXIS2_PLACEMENT_3D('',#2233,#2234,#2235);
#2237=PLANE('',#2236);
#2238=ORIENTED_EDGE('',*,*,#2227,.F.);
#2239=ORIENTED_EDGE('',*,*,#2148,.F.);
#2240=ORIENTED_EDGE('',*,*,#2185,.F.);
#2241=ORIENTED_EDGE('',*,*,#1750,.F.);
#2242=EDGE_LOOP('',(#2238,#2239,#2240,#2241));
#2243=FACE_BOUND('',#2242,.T.);
#2244=ADVANCED_FACE('',(#2243),#2237,.F.);
#2245=CARTESIAN_POINT('',(55.090821506,-3.622168662,16.83824904));
#2246=DIRECTION('',(0.,0.,-1.));
#2247=DIRECTION('',(0.,-1.,-0.));
#2248=AXIS2_PLACEMENT_3D('',#2245,#2246,#2247);
#2249=PLANE('',#2248);
#2250=CARTESIAN_POINT('',(35.021490947,-4.909951034,16.83824904));
#2251=DIRECTION('',(-0.,-1.,-0.));
#2252=VECTOR('',#2251,1.432217628);
#2253=LINE('',#2250,#2252);
#2254=EDGE_CURVE('',#1719,#1292,#2253,.T.);
#2255=ORIENTED_EDGE('',*,*,#2254,.T.);
#2256=ORIENTED_EDGE('',*,*,#1321,.F.);
#2257=ORIENTED_EDGE('',*,*,#2219,.F.);
#2258=ORIENTED_EDGE('',*,*,#1733,.F.);
#2259=EDGE_LOOP('',(#2255,#2256,#2257,#2258));
#2260=FACE_BOUND('',#2259,.T.);
#2261=ADVANCED_FACE('',(#2260),#2249,.F.);
#2262=CARTESIAN_POINT('',(31.515821506,-4.982168662,26.357523624));
#2263=DIRECTION('',(-0.,-1.,-0.));
#2264=DIRECTION('',(-1.,0.,-0.));
#2265=AXIS2_PLACEMENT_3D('',#2262,#2263,#2264);
#2266=CYLINDRICAL_SURFACE('',#2265,10.144274584);
#2267=ORIENTED_EDGE('',*,*,#1725,.F.);
#2268=CARTESIAN_POINT('',(21.371546922,-6.342168662,26.357523624));
#2269=VERTEX_POINT('',#2268);
#2270=CARTESIAN_POINT('',(21.371546922,-4.909951034,26.357523624));
#2271=DIRECTION('',(-0.,-1.,-0.));
#2272=VECTOR('',#2271,1.432217628);
#2273=LINE('',#2270,#2272);
#2274=EDGE_CURVE('',#1710,#2269,#2273,.T.);
#2275=ORIENTED_EDGE('',*,*,#2274,.T.);
#2276=CARTESIAN_POINT('',(31.515821506,-6.342168662,26.357523624));
#2277=DIRECTION('',(-0.,1.,0.));
#2278=DIRECTION('',(0.,0.,-1.));
#2279=AXIS2_PLACEMENT_3D('',#2276,#2277,#2278);
#2280=CIRCLE('',#2279,10.144274584);
#2281=EDGE_CURVE('',#1252,#2269,#2280,.T.);
#2282=ORIENTED_EDGE('',*,*,#2281,.F.);
#2283=ORIENTED_EDGE('',*,*,#1258,.F.);
#2284=ORIENTED_EDGE('',*,*,#1298,.F.);
#2285=ORIENTED_EDGE('',*,*,#2254,.F.);
#2286=EDGE_LOOP('',(#2267,#2275,#2282,#2283,#2284,#2285));
#2287=FACE_BOUND('',#2286,.T.);
#2288=ADVANCED_FACE('',(#2287),#2266,.F.);
#2289=CARTESIAN_POINT('',(34.872251901,-3.622168662,35.876798208));
#2290=DIRECTION('',(-0.,-0.,1.));
#2291=DIRECTION('',(-0.,1.,0.));
#2292=AXIS2_PLACEMENT_3D('',#2289,#2290,#2291);
#2293=PLANE('',#2292);
#2294=ORIENTED_EDGE('',*,*,#2170,.F.);
#2295=ORIENTED_EDGE('',*,*,#1354,.F.);
#2296=CARTESIAN_POINT('',(35.021490947,-4.909951034,35.876798208));
#2297=DIRECTION('',(-0.,-1.,-0.));
#2298=VECTOR('',#2297,1.432217628);
#2299=LINE('',#2296,#2298);
#2300=EDGE_CURVE('',#1708,#1340,#2299,.T.);
#2301=ORIENTED_EDGE('',*,*,#2300,.F.);
#2302=ORIENTED_EDGE('',*,*,#1782,.F.);
#2303=EDGE_LOOP('',(#2294,#2295,#2301,#2302));
#2304=FACE_BOUND('',#2303,.T.);
#2305=ADVANCED_FACE('',(#2304),#2293,.F.);
#2306=CARTESIAN_POINT('',(31.515821506,-4.982168662,26.357523624));
#2307=DIRECTION('',(-0.,-1.,-0.));
#2308=DIRECTION('',(-1.,0.,-0.));
#2309=AXIS2_PLACEMENT_3D('',#2306,#2307,#2308);
#2310=CYLINDRICAL_SURFACE('',#2309,10.144274584);
#2311=ORIENTED_EDGE('',*,*,#1233,.F.);
#2312=CARTESIAN_POINT('',(31.515821506,-6.342168662,26.357523624));
#2313=DIRECTION('',(-0.,1.,0.));
#2314=DIRECTION('',(0.,0.,-1.));
#2315=AXIS2_PLACEMENT_3D('',#2312,#2313,#2314);
#2316=CIRCLE('',#2315,10.144274584);
#2317=EDGE_CURVE('NONE',#2269,#1219,#2316,.T.);
#2318=ORIENTED_EDGE('',*,*,#2317,.F.);
#2319=ORIENTED_EDGE('',*,*,#2274,.F.);
#2320=ORIENTED_EDGE('',*,*,#1716,.F.);
#2321=ORIENTED_EDGE('',*,*,#2300,.T.);
#2322=ORIENTED_EDGE('',*,*,#1346,.F.);
#2323=EDGE_LOOP('',(#2311,#2318,#2319,#2320,#2321,#2322));
#2324=FACE_BOUND('',#2323,.T.);
#2325=ADVANCED_FACE('',(#2324),#2310,.F.);
#2326=CARTESIAN_POINT('',(59.740821506,-6.342168662,16.897523624));
#2327=DIRECTION('',(0.,0.,-1.));
#2328=DIRECTION('',(0.,-1.,-0.));
#2329=AXIS2_PLACEMENT_3D('',#2326,#2327,#2328);
#2330=PLANE('',#2329);
#2331=ORIENTED_EDGE('',*,*,#1281,.F.);
#2332=ORIENTED_EDGE('',*,*,#1927,.T.);
#2333=CARTESIAN_POINT('',(59.740821506,-7.092168662,16.897523624));
#2334=DIRECTION('',(-1.,0.,-0.));
#2335=VECTOR('',#2334,36.);
#2336=LINE('',#2333,#2335);
#2337=EDGE_CURVE('NONE',#2076,#1915,#2336,.T.);
#2338=ORIENTED_EDGE('',*,*,#2337,.F.);
#2339=ORIENTED_EDGE('',*,*,#2081,.F.);
#2340=ORIENTED_EDGE('',*,*,#2112,.F.);
#2341=ORIENTED_EDGE('',*,*,#1306,.F.);
#2342=EDGE_LOOP('',(#2331,#2332,#2338,#2339,#2340,#2341));
#2343=FACE_BOUND('',#2342,.T.);
#2344=ADVANCED_FACE('NONE',(#2343),#2330,.F.);
#2345=CARTESIAN_POINT('',(41.740821506,-7.092168662,26.357523624));
#2346=DIRECTION('',(0.,-1.,-0.));
#2347=DIRECTION('',(-1.,0.,-0.));
#2348=AXIS2_PLACEMENT_3D('',#2345,#2346,#2347);
#2349=PLANE('',#2348);
#2350=ORIENTED_EDGE('',*,*,#1921,.T.);
#2351=CARTESIAN_POINT('',(22.190821506,-7.092168662,18.447523624));
#2352=DIRECTION('',(-0.,-0.,1.));
#2353=VECTOR('',#2352,15.82);
#2354=LINE('',#2351,#2353);
#2355=EDGE_CURVE('NONE',#1907,#1938,#2354,.T.);
#2356=ORIENTED_EDGE('',*,*,#2355,.T.);
#2357=ORIENTED_EDGE('',*,*,#1946,.T.);
#2358=ORIENTED_EDGE('',*,*,#1989,.T.);
#2359=ORIENTED_EDGE('',*,*,#2024,.T.);
#2360=ORIENTED_EDGE('',*,*,#2055,.T.);
#2361=ORIENTED_EDGE('',*,*,#2088,.T.);
#2362=ORIENTED_EDGE('',*,*,#2337,.T.);
#2363=EDGE_LOOP('',(#2350,#2356,#2357,#2358,#2359,#2360,#2361,#2362));
#2364=FACE_BOUND('',#2363,.T.);
#2365=CARTESIAN_POINT('',(21.740821506,-7.092168662,34.267523624));
#2366=VERTEX_POINT('',#2365);
#2367=CARTESIAN_POINT('',(21.740821506,-7.092168662,18.447523624));
#2368=VERTEX_POINT('',#2367);
#2369=CARTESIAN_POINT('',(21.740821506,-7.092168662,34.267523624));
#2370=DIRECTION('',(0.,0.,-1.));
#2371=VECTOR('',#2370,15.82);
#2372=LINE('',#2369,#2371);
#2373=EDGE_CURVE('NONE',#2366,#2368,#2372,.T.);
#2374=ORIENTED_EDGE('',*,*,#2373,.T.);
#2375=CARTESIAN_POINT('',(23.740821506,-7.092168662,16.447523624));
#2376=VERTEX_POINT('',#2375);
#2377=CARTESIAN_POINT('',(23.740821506,-7.092168662,18.447523624));
#2378=DIRECTION('',(0.,-1.,-0.));
#2379=DIRECTION('',(-1.,0.,-0.));
#2380=AXIS2_PLACEMENT_3D('',#2377,#2378,#2379);
#2381=CIRCLE('',#2380,2.);
#2382=EDGE_CURVE('',#2368,#2376,#2381,.T.);
#2383=ORIENTED_EDGE('',*,*,#2382,.T.);
#2384=CARTESIAN_POINT('',(59.740821506,-7.092168662,16.447523624));
#2385=VERTEX_POINT('',#2384);
#2386=CARTESIAN_POINT('',(23.740821506,-7.092168662,16.447523624));
#2387=DIRECTION('',(1.,-0.,0.));
#2388=VECTOR('',#2387,36.);
#2389=LINE('',#2386,#2388);
#2390=EDGE_CURVE('NONE',#2376,#2385,#2389,.T.);
#2391=ORIENTED_EDGE('',*,*,#2390,.T.);
#2392=CARTESIAN_POINT('',(61.740821506,-7.092168662,18.447523624));
#2393=VERTEX_POINT('',#2392);
#2394=CARTESIAN_POINT('',(59.740821506,-7.092168662,18.447523624));
#2395=DIRECTION('',(0.,-1.,-0.));
#2396=DIRECTION('',(-1.,0.,-0.));
#2397=AXIS2_PLACEMENT_3D('',#2394,#2395,#2396);
#2398=CIRCLE('',#2397,2.);
#2399=EDGE_CURVE('NONE',#2385,#2393,#2398,.T.);
#2400=ORIENTED_EDGE('',*,*,#2399,.T.);
#2401=CARTESIAN_POINT('',(61.740821506,-7.092168662,34.267523624));
#2402=VERTEX_POINT('',#2401);
#2403=CARTESIAN_POINT('',(61.740821506,-7.092168662,18.447523624));
#2404=DIRECTION('',(-0.,-0.,1.));
#2405=VECTOR('',#2404,15.82);
#2406=LINE('',#2403,#2405);
#2407=EDGE_CURVE('NONE',#2393,#2402,#2406,.T.);
#2408=ORIENTED_EDGE('',*,*,#2407,.T.);
#2409=CARTESIAN_POINT('',(59.740821506,-7.092168662,36.267523624));
#2410=VERTEX_POINT('',#2409);
#2411=CARTESIAN_POINT('',(59.740821506,-7.092168662,34.267523624));
#2412=DIRECTION('',(0.,-1.,-0.));
#2413=DIRECTION('',(-1.,0.,-0.));
#2414=AXIS2_PLACEMENT_3D('',#2411,#2412,#2413);
#2415=CIRCLE('',#2414,2.);
#2416=EDGE_CURVE('NONE',#2402,#2410,#2415,.T.);
#2417=ORIENTED_EDGE('',*,*,#2416,.T.);
#2418=CARTESIAN_POINT('',(23.740821506,-7.092168662,36.267523624));
#2419=VERTEX_POINT('',#2418);
#2420=CARTESIAN_POINT('',(59.740821506,-7.092168662,36.267523624));
#2421=DIRECTION('',(-1.,0.,-0.));
#2422=VECTOR('',#2421,36.);
#2423=LINE('',#2420,#2422);
#2424=EDGE_CURVE('NONE',#2410,#2419,#2423,.T.);
#2425=ORIENTED_EDGE('',*,*,#2424,.T.);
#2426=CARTESIAN_POINT('',(23.740821506,-7.092168662,34.267523624));
#2427=DIRECTION('',(0.,-1.,-0.));
#2428=DIRECTION('',(-1.,0.,-0.));
#2429=AXIS2_PLACEMENT_3D('',#2426,#2427,#2428);
#2430=CIRCLE('',#2429,2.);
#2431=EDGE_CURVE('NONE',#2419,#2366,#2430,.T.);
#2432=ORIENTED_EDGE('',*,*,#2431,.T.);
#2433=EDGE_LOOP('',(#2374,#2383,#2391,#2400,#2408,#2417,#2425,#2432));
#2434=FACE_BOUND('',#2433,.T.);
#2435=ADVANCED_FACE('NONE',(#2364,#2434),#2349,.T.);
#2436=CARTESIAN_POINT('',(68.290821506,-9.592168662,26.357523624));
#2437=DIRECTION('',(0.158284463,0.987393553,0.));
#2438=DIRECTION('',(0.987393553,-0.158284463,0.));
#2439=AXIS2_PLACEMENT_3D('',#2436,#2437,#2438);
#2440=PLANE('',#2439);
#2441=CARTESIAN_POINT('',(61.740821506,-8.542168662,26.957523624));
#2442=VERTEX_POINT('',#2441);
#2443=CARTESIAN_POINT('',(68.290821506,-9.592168662,26.957523624));
#2444=VERTEX_POINT('',#2443);
#2445=CARTESIAN_POINT('',(61.740821506,-8.542168662,26.957523624));
#2446=DIRECTION('',(0.987393553,-0.158284463,0.));
#2447=VECTOR('',#2446,6.633626459);
#2448=LINE('',#2445,#2447);
#2449=EDGE_CURVE('NONE',#2442,#2444,#2448,.T.);
#2450=ORIENTED_EDGE('',*,*,#2449,.F.);
#2451=CARTESIAN_POINT('',(61.740821506,-8.542168662,25.757523624));
#2452=VERTEX_POINT('',#2451);
#2453=CARTESIAN_POINT('',(61.740821506,-8.542168662,25.757523624));
#2454=DIRECTION('',(-0.,-0.,1.));
#2455=VECTOR('',#2454,1.2);
#2456=LINE('',#2453,#2455);
#2457=EDGE_CURVE('NONE',#2452,#2442,#2456,.T.);
#2458=ORIENTED_EDGE('',*,*,#2457,.F.);
#2459=CARTESIAN_POINT('',(68.290821506,-9.592168662,25.757523624));
#2460=VERTEX_POINT('',#2459);
#2461=CARTESIAN_POINT('',(61.740821506,-8.542168662,25.757523624));
#2462=DIRECTION('',(0.987393553,-0.158284463,0.));
#2463=VECTOR('',#2462,6.633626459);
#2464=LINE('',#2461,#2463);
#2465=EDGE_CURVE('NONE',#2452,#2460,#2464,.T.);
#2466=ORIENTED_EDGE('',*,*,#2465,.T.);
#2467=CARTESIAN_POINT('',(68.290821506,-9.592168662,26.957523624));
#2468=DIRECTION('',(0.,0.,-1.));
#2469=VECTOR('',#2468,1.2);
#2470=LINE('',#2467,#2469);
#2471=EDGE_CURVE('NONE',#2444,#2460,#2470,.T.);
#2472=ORIENTED_EDGE('',*,*,#2471,.F.);
#2473=EDGE_LOOP('',(#2450,#2458,#2466,#2472));
#2474=FACE_BOUND('',#2473,.T.);
#2475=ADVANCED_FACE('NONE',(#2474),#2440,.F.);
#2476=CARTESIAN_POINT('',(64.797260959,-9.683762048,26.957523624));
#2477=DIRECTION('',(0.,0.,-1.));
#2478=DIRECTION('',(0.,-1.,-0.));
#2479=AXIS2_PLACEMENT_3D('',#2476,#2477,#2478);
#2480=PLANE('',#2479);
#2481=CARTESIAN_POINT('',(61.740821506,-10.142641951,26.957523624));
#2482=DIRECTION('',(-0.,1.,0.));
#2483=VECTOR('',#2482,1.600473289);
#2484=LINE('',#2481,#2483);
#2485=EDGE_CURVE('',#1469,#2442,#2484,.T.);
#2486=ORIENTED_EDGE('',*,*,#2485,.T.);
#2487=ORIENTED_EDGE('',*,*,#2449,.T.);
#2488=CARTESIAN_POINT('',(68.290821506,-9.592168662,26.957523624));
#2489=DIRECTION('',(0.,-1.,-0.));
#2490=VECTOR('',#2489,0.550473289);
#2491=LINE('',#2488,#2490);
#2492=EDGE_CURVE('NONE',#2444,#1477,#2491,.T.);
#2493=ORIENTED_EDGE('',*,*,#2492,.T.);
#2494=ORIENTED_EDGE('',*,*,#1482,.F.);
#2495=EDGE_LOOP('',(#2486,#2487,#2493,#2494));
#2496=FACE_BOUND('',#2495,.T.);
#2497=ADVANCED_FACE('NONE',(#2496),#2480,.T.);
#2498=CARTESIAN_POINT('',(64.797260959,-9.683762048,25.757523624));
#2499=DIRECTION('',(0.,0.,-1.));
#2500=DIRECTION('',(0.,-1.,-0.));
#2501=AXIS2_PLACEMENT_3D('',#2498,#2499,#2500);
#2502=PLANE('',#2501);
#2503=ORIENTED_EDGE('',*,*,#1498,.T.);
#2504=CARTESIAN_POINT('',(68.290821506,-10.142641951,25.757523624));
#2505=DIRECTION('',(-0.,1.,0.));
#2506=VECTOR('',#2505,0.550473289);
#2507=LINE('',#2504,#2506);
#2508=EDGE_CURVE('',#1485,#2460,#2507,.T.);
#2509=ORIENTED_EDGE('',*,*,#2508,.T.);
#2510=ORIENTED_EDGE('',*,*,#2465,.F.);
#2511=CARTESIAN_POINT('',(61.740821506,-8.542168662,25.757523624));
#2512=DIRECTION('',(0.,-1.,-0.));
#2513=VECTOR('',#2512,1.600473289);
#2514=LINE('',#2511,#2513);
#2515=EDGE_CURVE('NONE',#2452,#1493,#2514,.T.);
#2516=ORIENTED_EDGE('',*,*,#2515,.T.);
#2517=EDGE_LOOP('',(#2503,#2509,#2510,#2516));
#2518=FACE_BOUND('',#2517,.T.);
#2519=ADVANCED_FACE('NONE',(#2518),#2502,.F.);
#2520=CARTESIAN_POINT('',(68.290821506,-12.842168662,22.732523624));
#2521=DIRECTION('',(1.,0.,0.));
#2522=DIRECTION('',(0.,-1.,-0.));
#2523=AXIS2_PLACEMENT_3D('',#2520,#2521,#2522);
#2524=PLANE('',#2523);
#2525=ORIENTED_EDGE('',*,*,#1490,.T.);
#2526=ORIENTED_EDGE('',*,*,#2492,.F.);
#2527=ORIENTED_EDGE('',*,*,#2471,.T.);
#2528=ORIENTED_EDGE('',*,*,#2508,.F.);
#2529=EDGE_LOOP('',(#2525,#2526,#2527,#2528));
#2530=FACE_BOUND('',#2529,.T.);
#2531=ADVANCED_FACE('NONE',(#2530),#2524,.F.);
#2532=CARTESIAN_POINT('',(23.740821506,-6.342168662,34.267523624));
#2533=DIRECTION('',(0.,-1.,-0.));
#2534=DIRECTION('',(-1.,0.,-0.));
#2535=AXIS2_PLACEMENT_3D('',#2532,#2533,#2534);
#2536=CYLINDRICAL_SURFACE('',#2535,2.);
#2537=ORIENTED_EDGE('',*,*,#1449,.T.);
#2538=CARTESIAN_POINT('',(21.740821506,-10.142641951,34.267523624));
#2539=DIRECTION('',(-0.,1.,0.));
#2540=VECTOR('',#2539,3.050473289);
#2541=LINE('',#2538,#2540);
#2542=EDGE_CURVE('',#1433,#2366,#2541,.T.);
#2543=ORIENTED_EDGE('',*,*,#2542,.T.);
#2544=ORIENTED_EDGE('',*,*,#2431,.F.);
#2545=CARTESIAN_POINT('',(23.740821506,-7.092168662,36.267523624));
#2546=DIRECTION('',(0.,-1.,-0.));
#2547=VECTOR('',#2546,3.050473289);
#2548=LINE('',#2545,#2547);
#2549=EDGE_CURVE('NONE',#2419,#1443,#2548,.T.);
#2550=ORIENTED_EDGE('',*,*,#2549,.T.);
#2551=EDGE_LOOP('',(#2537,#2543,#2544,#2550));
#2552=FACE_BOUND('',#2551,.T.);
#2553=ADVANCED_FACE('NONE',(#2552),#2536,.F.);
#2554=CARTESIAN_POINT('',(59.740821506,-6.342168662,34.267523624));
#2555=DIRECTION('',(0.,-1.,-0.));
#2556=DIRECTION('',(-1.,0.,-0.));
#2557=AXIS2_PLACEMENT_3D('',#2554,#2555,#2556);
#2558=CYLINDRICAL_SURFACE('',#2557,2.);
#2559=ORIENTED_EDGE('',*,*,#1466,.T.);
#2560=CARTESIAN_POINT('',(59.740821506,-10.142641951,36.267523624));
#2561=DIRECTION('',(-0.,1.,0.));
#2562=VECTOR('',#2561,3.050473289);
#2563=LINE('',#2560,#2562);
#2564=EDGE_CURVE('',#1452,#2410,#2563,.T.);
#2565=ORIENTED_EDGE('',*,*,#2564,.T.);
#2566=ORIENTED_EDGE('',*,*,#2416,.F.);
#2567=CARTESIAN_POINT('',(61.740821506,-7.092168662,34.267523624));
#2568=DIRECTION('',(0.,-1.,-0.));
#2569=VECTOR('',#2568,3.050473289);
#2570=LINE('',#2567,#2569);
#2571=EDGE_CURVE('NONE',#2402,#1460,#2570,.T.);
#2572=ORIENTED_EDGE('',*,*,#2571,.T.);
#2573=EDGE_LOOP('',(#2559,#2565,#2566,#2572));
#2574=FACE_BOUND('',#2573,.T.);
#2575=ADVANCED_FACE('NONE',(#2574),#2558,.F.);
#2576=CARTESIAN_POINT('',(21.740821506,-6.342168662,36.267523624));
#2577=DIRECTION('',(-0.,-0.,1.));
#2578=DIRECTION('',(-0.,1.,0.));
#2579=AXIS2_PLACEMENT_3D('',#2576,#2577,#2578);
#2580=PLANE('',#2579);
#2581=ORIENTED_EDGE('',*,*,#1457,.T.);
#2582=ORIENTED_EDGE('',*,*,#2549,.F.);
#2583=ORIENTED_EDGE('',*,*,#2424,.F.);
#2584=ORIENTED_EDGE('',*,*,#2564,.F.);
#2585=EDGE_LOOP('',(#2581,#2582,#2583,#2584));
#2586=FACE_BOUND('',#2585,.T.);
#2587=ADVANCED_FACE('NONE',(#2586),#2580,.F.);
#2588=CARTESIAN_POINT('',(61.740821506,-6.342168662,36.267523624));
#2589=DIRECTION('',(1.,0.,0.));
#2590=DIRECTION('',(0.,-1.,-0.));
#2591=AXIS2_PLACEMENT_3D('',#2588,#2589,#2590);
#2592=PLANE('',#2591);
#2593=ORIENTED_EDGE('',*,*,#1506,.T.);
#2594=ORIENTED_EDGE('',*,*,#2515,.F.);
#2595=ORIENTED_EDGE('',*,*,#2457,.T.);
#2596=ORIENTED_EDGE('',*,*,#2485,.F.);
#2597=ORIENTED_EDGE('',*,*,#1474,.T.);
#2598=ORIENTED_EDGE('',*,*,#2571,.F.);
#2599=ORIENTED_EDGE('',*,*,#2407,.F.);
#2600=CARTESIAN_POINT('',(61.740821506,-7.092168662,18.447523624));
#2601=DIRECTION('',(0.,-1.,-0.));
#2602=VECTOR('',#2601,3.050473289);
#2603=LINE('',#2600,#2602);
#2604=EDGE_CURVE('NONE',#2393,#1501,#2603,.T.);
#2605=ORIENTED_EDGE('',*,*,#2604,.T.);
#2606=EDGE_LOOP('',(#2593,#2594,#2595,#2596,#2597,#2598,#2599,#2605));
#2607=FACE_BOUND('',#2606,.T.);
#2608=ADVANCED_FACE('NONE',(#2607),#2592,.F.);
#2609=CARTESIAN_POINT('',(59.740821506,-6.342168662,18.447523624));
#2610=DIRECTION('',(0.,-1.,-0.));
#2611=DIRECTION('',(-1.,0.,-0.));
#2612=AXIS2_PLACEMENT_3D('',#2609,#2610,#2611);
#2613=CYLINDRICAL_SURFACE('',#2612,2.);
#2614=ORIENTED_EDGE('',*,*,#1515,.T.);
#2615=ORIENTED_EDGE('',*,*,#2604,.F.);
#2616=ORIENTED_EDGE('',*,*,#2399,.F.);
#2617=CARTESIAN_POINT('',(59.740821506,-7.092168662,16.447523624));
#2618=DIRECTION('',(0.,-1.,-0.));
#2619=VECTOR('',#2618,3.050473289);
#2620=LINE('',#2617,#2619);
#2621=EDGE_CURVE('NONE',#2385,#1509,#2620,.T.);
#2622=ORIENTED_EDGE('',*,*,#2621,.T.);
#2623=EDGE_LOOP('',(#2614,#2615,#2616,#2622));
#2624=FACE_BOUND('',#2623,.T.);
#2625=ADVANCED_FACE('NONE',(#2624),#2613,.F.);
#2626=CARTESIAN_POINT('',(23.740821506,-6.342168662,18.447523624));
#2627=DIRECTION('',(0.,-1.,-0.));
#2628=DIRECTION('',(-1.,0.,-0.));
#2629=AXIS2_PLACEMENT_3D('',#2626,#2627,#2628);
#2630=CYLINDRICAL_SURFACE('',#2629,2.);
#2631=ORIENTED_EDGE('',*,*,#2382,.F.);
#2632=CARTESIAN_POINT('',(21.740821506,-10.142641951,18.447523624));
#2633=DIRECTION('',(-0.,1.,0.));
#2634=VECTOR('',#2633,3.050473289);
#2635=LINE('',#2632,#2634);
#2636=EDGE_CURVE('',#1526,#2368,#2635,.T.);
#2637=ORIENTED_EDGE('',*,*,#2636,.F.);
#2638=ORIENTED_EDGE('',*,*,#1532,.T.);
#2639=CARTESIAN_POINT('',(23.740821506,-10.142641951,16.447523624));
#2640=DIRECTION('',(-0.,1.,0.));
#2641=VECTOR('',#2640,3.050473289);
#2642=LINE('',#2639,#2641);
#2643=EDGE_CURVE('',#1518,#2376,#2642,.T.);
#2644=ORIENTED_EDGE('',*,*,#2643,.T.);
#2645=EDGE_LOOP('',(#2631,#2637,#2638,#2644));
#2646=FACE_BOUND('',#2645,.T.);
#2647=ADVANCED_FACE('NONE',(#2646),#2630,.F.);
#2648=CARTESIAN_POINT('',(61.740821506,-6.342168662,16.447523624));
#2649=DIRECTION('',(0.,0.,-1.));
#2650=DIRECTION('',(0.,-1.,-0.));
#2651=AXIS2_PLACEMENT_3D('',#2648,#2649,#2650);
#2652=PLANE('',#2651);
#2653=ORIENTED_EDGE('',*,*,#1523,.T.);
#2654=ORIENTED_EDGE('',*,*,#2621,.F.);
#2655=ORIENTED_EDGE('',*,*,#2390,.F.);
#2656=ORIENTED_EDGE('',*,*,#2643,.F.);
#2657=EDGE_LOOP('',(#2653,#2654,#2655,#2656));
#2658=FACE_BOUND('',#2657,.T.);
#2659=ADVANCED_FACE('NONE',(#2658),#2652,.F.);
#2660=CARTESIAN_POINT('',(65.865821506,-12.842168662,31.357523624));
#2661=DIRECTION('',(-0.,1.,0.));
#2662=DIRECTION('',(1.,-0.,0.));
#2663=AXIS2_PLACEMENT_3D('',#2660,#2661,#2662);
#2664=CYLINDRICAL_SURFACE('',#2663,2.21);
#2665=CARTESIAN_POINT('',(68.075821506,-4.909951034,31.357523624));
#2666=DIRECTION('',(0.,-1.,-0.));
#2667=VECTOR('',#2666,5.232690917);
#2668=LINE('',#2665,#2667);
#2669=EDGE_CURVE('',#1809,#1587,#2668,.T.);
#2670=ORIENTED_EDGE('',*,*,#2669,.F.);
#2671=ORIENTED_EDGE('',*,*,#1815,.F.);
#2672=ORIENTED_EDGE('',*,*,#1822,.F.);
#2673=ORIENTED_EDGE('',*,*,#2669,.T.);
#2674=ORIENTED_EDGE('',*,*,#1595,.T.);
#2675=ORIENTED_EDGE('',*,*,#1602,.T.);
#2676=EDGE_LOOP('',(#2670,#2671,#2672,#2673,#2674,#2675));
#2677=FACE_BOUND('',#2676,.T.);
#2678=ADVANCED_FACE('',(#2677),#2664,.F.);
#2679=CARTESIAN_POINT('',(65.865821506,-12.842168662,21.357523624));
#2680=DIRECTION('',(-0.,1.,0.));
#2681=DIRECTION('',(1.,-0.,0.));
#2682=AXIS2_PLACEMENT_3D('',#2679,#2680,#2681);
#2683=CYLINDRICAL_SURFACE('',#2682,2.21);
#2684=CARTESIAN_POINT('',(68.075821506,-4.909951034,21.357523624));
#2685=DIRECTION('',(0.,-1.,-0.));
#2686=VECTOR('',#2685,5.232690917);
#2687=LINE('',#2684,#2686);
#2688=EDGE_CURVE('',#1789,#1567,#2687,.T.);
#2689=ORIENTED_EDGE('',*,*,#2688,.F.);
#2690=ORIENTED_EDGE('',*,*,#1795,.F.);
#2691=ORIENTED_EDGE('',*,*,#1802,.F.);
#2692=ORIENTED_EDGE('',*,*,#2688,.T.);
#2693=ORIENTED_EDGE('',*,*,#1575,.T.);
#2694=ORIENTED_EDGE('',*,*,#1582,.T.);
#2695=EDGE_LOOP('',(#2689,#2690,#2691,#2692,#2693,#2694));
#2696=FACE_BOUND('',#2695,.T.);
#2697=ADVANCED_FACE('',(#2696),#2683,.F.);
#2698=CARTESIAN_POINT('',(15.190821506,-9.592168662,26.357523624));
#2699=DIRECTION('',(0.158284463,-0.987393553,-0.));
#2700=DIRECTION('',(-0.987393553,-0.158284463,-0.));
#2701=AXIS2_PLACEMENT_3D('',#2698,#2699,#2700);
#2702=PLANE('',#2701);
#2703=CARTESIAN_POINT('',(15.190821506,-9.592168662,26.957523624));
#2704=VERTEX_POINT('',#2703);
#2705=CARTESIAN_POINT('',(15.190821506,-9.592168662,25.757523624));
#2706=VERTEX_POINT('',#2705);
#2707=CARTESIAN_POINT('',(15.190821506,-9.592168662,26.957523624));
#2708=DIRECTION('',(0.,0.,-1.));
#2709=VECTOR('',#2708,1.2);
#2710=LINE('',#2707,#2709);
#2711=EDGE_CURVE('NONE',#2704,#2706,#2710,.T.);
#2712=ORIENTED_EDGE('',*,*,#2711,.T.);
#2713=CARTESIAN_POINT('',(21.740821506,-8.542168662,25.757523624));
#2714=VERTEX_POINT('',#2713);
#2715=CARTESIAN_POINT('',(21.740821506,-8.542168662,25.757523624));
#2716=DIRECTION('',(-0.987393553,-0.158284463,-0.));
#2717=VECTOR('',#2716,6.633626459);
#2718=LINE('',#2715,#2717);
#2719=EDGE_CURVE('NONE',#2714,#2706,#2718,.T.);
#2720=ORIENTED_EDGE('',*,*,#2719,.F.);
#2721=CARTESIAN_POINT('',(21.740821506,-8.542168662,26.957523624));
#2722=VERTEX_POINT('',#2721);
#2723=CARTESIAN_POINT('',(21.740821506,-8.542168662,25.757523624));
#2724=DIRECTION('',(-0.,-0.,1.));
#2725=VECTOR('',#2724,1.2);
#2726=LINE('',#2723,#2725);
#2727=EDGE_CURVE('NONE',#2714,#2722,#2726,.T.);
#2728=ORIENTED_EDGE('',*,*,#2727,.T.);
#2729=CARTESIAN_POINT('',(21.740821506,-8.542168662,26.957523624));
#2730=DIRECTION('',(-0.987393553,-0.158284463,-0.));
#2731=VECTOR('',#2730,6.633626459);
#2732=LINE('',#2729,#2731);
#2733=EDGE_CURVE('NONE',#2722,#2704,#2732,.T.);
#2734=ORIENTED_EDGE('',*,*,#2733,.T.);
#2735=EDGE_LOOP('',(#2712,#2720,#2728,#2734));
#2736=FACE_BOUND('',#2735,.T.);
#2737=ADVANCED_FACE('NONE',(#2736),#2702,.T.);
#2738=CARTESIAN_POINT('',(18.684382052,-9.683762048,26.957523624));
#2739=DIRECTION('',(-0.,-0.,1.));
#2740=DIRECTION('',(-0.,1.,0.));
#2741=AXIS2_PLACEMENT_3D('',#2738,#2739,#2740);
#2742=PLANE('',#2741);
#2743=ORIENTED_EDGE('',*,*,#1562,.T.);
#2744=CARTESIAN_POINT('',(15.190821506,-9.592168662,26.957523624));
#2745=DIRECTION('',(0.,-1.,-0.));
#2746=VECTOR('',#2745,0.550473289);
#2747=LINE('',#2744,#2746);
#2748=EDGE_CURVE('NONE',#2704,#1551,#2747,.T.);
#2749=ORIENTED_EDGE('',*,*,#2748,.F.);
#2750=ORIENTED_EDGE('',*,*,#2733,.F.);
#2751=CARTESIAN_POINT('',(21.740821506,-8.542168662,26.957523624));
#2752=DIRECTION('',(0.,-1.,-0.));
#2753=VECTOR('',#2752,1.600473289);
#2754=LINE('',#2751,#2753);
#2755=EDGE_CURVE('NONE',#2722,#1435,#2754,.T.);
#2756=ORIENTED_EDGE('',*,*,#2755,.T.);
#2757=EDGE_LOOP('',(#2743,#2749,#2750,#2756));
#2758=FACE_BOUND('',#2757,.T.);
#2759=ADVANCED_FACE('NONE',(#2758),#2742,.F.);
#2760=CARTESIAN_POINT('',(15.190821506,-12.842168662,22.732523624));
#2761=DIRECTION('',(1.,0.,0.));
#2762=DIRECTION('',(0.,-1.,-0.));
#2763=AXIS2_PLACEMENT_3D('',#2760,#2761,#2762);
#2764=PLANE('',#2763);
#2765=CARTESIAN_POINT('',(15.190821506,-10.142641951,25.757523624));
#2766=DIRECTION('',(-0.,1.,0.));
#2767=VECTOR('',#2766,0.550473289);
#2768=LINE('',#2765,#2767);
#2769=EDGE_CURVE('',#1543,#2706,#2768,.T.);
#2770=ORIENTED_EDGE('',*,*,#2769,.T.);
#2771=ORIENTED_EDGE('',*,*,#2711,.F.);
#2772=ORIENTED_EDGE('',*,*,#2748,.T.);
#2773=ORIENTED_EDGE('',*,*,#1556,.F.);
#2774=EDGE_LOOP('',(#2770,#2771,#2772,#2773));
#2775=FACE_BOUND('',#2774,.T.);
#2776=ADVANCED_FACE('NONE',(#2775),#2764,.T.);
#2777=CARTESIAN_POINT('',(18.684382052,-9.683762048,25.757523624));
#2778=DIRECTION('',(-0.,-0.,1.));
#2779=DIRECTION('',(-0.,1.,0.));
#2780=AXIS2_PLACEMENT_3D('',#2777,#2778,#2779);
#2781=PLANE('',#2780);
#2782=CARTESIAN_POINT('',(21.740821506,-10.142641951,25.757523624));
#2783=DIRECTION('',(-0.,1.,0.));
#2784=VECTOR('',#2783,1.600473289);
#2785=LINE('',#2782,#2784);
#2786=EDGE_CURVE('',#1535,#2714,#2785,.T.);
#2787=ORIENTED_EDGE('',*,*,#2786,.T.);
#2788=ORIENTED_EDGE('',*,*,#2719,.T.);
#2789=ORIENTED_EDGE('',*,*,#2769,.F.);
#2790=ORIENTED_EDGE('',*,*,#1548,.F.);
#2791=EDGE_LOOP('',(#2787,#2788,#2789,#2790));
#2792=FACE_BOUND('',#2791,.T.);
#2793=ADVANCED_FACE('NONE',(#2792),#2781,.T.);
#2794=CARTESIAN_POINT('',(13.930765564,-4.909951034,36.726387522));
#2795=DIRECTION('',(-1.,0.,0.));
#2796=DIRECTION('',(0.,0.,1.));
#2797=AXIS2_PLACEMENT_3D('',#2794,#2795,#2796);
#2798=PLANE('',#2797);
#2799=ORIENTED_EDGE('',*,*,#1399,.F.);
#2800=ORIENTED_EDGE('',*,*,#1695,.F.);
#2801=ORIENTED_EDGE('',*,*,#1854,.T.);
#2802=CARTESIAN_POINT('',(13.930765564,-4.909951034,15.59180775));
#2803=DIRECTION('',(0.,-1.,0.));
#2804=VECTOR('',#2803,5.232690917);
#2805=LINE('',#2802,#2804);
#2806=EDGE_CURVE('',#1843,#1394,#2805,.T.);
#2807=ORIENTED_EDGE('',*,*,#2806,.T.);
#2808=EDGE_LOOP('',(#2799,#2800,#2801,#2807));
#2809=FACE_BOUND('',#2808,.T.);
#2810=ADVANCED_FACE('',(#2809),#2798,.T.);
#2811=CARTESIAN_POINT('',(17.615821506,-12.842168662,21.357523624));
#2812=DIRECTION('',(0.,-1.,-0.));
#2813=DIRECTION('',(-1.,0.,-0.));
#2814=AXIS2_PLACEMENT_3D('',#2811,#2812,#2813);
#2815=CYLINDRICAL_SURFACE('',#2814,2.21);
#2816=CARTESIAN_POINT('',(15.405821506,-10.142641951,21.357523624));
#2817=DIRECTION('',(-0.,1.,0.));
#2818=VECTOR('',#2817,5.232690917);
#2819=LINE('',#2816,#2818);
#2820=EDGE_CURVE('',#1627,#1882,#2819,.T.);
#2821=ORIENTED_EDGE('',*,*,#2820,.F.);
#2822=ORIENTED_EDGE('',*,*,#1635,.T.);
#2823=ORIENTED_EDGE('',*,*,#1642,.T.);
#2824=ORIENTED_EDGE('',*,*,#2820,.T.);
#2825=ORIENTED_EDGE('',*,*,#1888,.F.);
#2826=ORIENTED_EDGE('',*,*,#1895,.F.);
#2827=EDGE_LOOP('',(#2821,#2822,#2823,#2824,#2825,#2826));
#2828=FACE_BOUND('',#2827,.T.);
#2829=ADVANCED_FACE('',(#2828),#2815,.F.);
#2830=CARTESIAN_POINT('',(17.615821506,-12.842168662,31.357523624));
#2831=DIRECTION('',(0.,-1.,-0.));
#2832=DIRECTION('',(-1.,0.,-0.));
#2833=AXIS2_PLACEMENT_3D('',#2830,#2831,#2832);
#2834=CYLINDRICAL_SURFACE('',#2833,2.21);
#2835=CARTESIAN_POINT('',(15.405821506,-10.142641951,31.357523624));
#2836=DIRECTION('',(-0.,1.,0.));
#2837=VECTOR('',#2836,5.232690917);
#2838=LINE('',#2835,#2837);
#2839=EDGE_CURVE('',#1607,#1862,#2838,.T.);
#2840=ORIENTED_EDGE('',*,*,#2839,.F.);
#2841=ORIENTED_EDGE('',*,*,#1615,.T.);
#2842=ORIENTED_EDGE('',*,*,#1622,.T.);
#2843=ORIENTED_EDGE('',*,*,#2839,.T.);
#2844=ORIENTED_EDGE('',*,*,#1868,.F.);
#2845=ORIENTED_EDGE('',*,*,#1875,.F.);
#2846=EDGE_LOOP('',(#2840,#2841,#2842,#2843,#2844,#2845));
#2847=FACE_BOUND('',#2846,.T.);
#2848=ADVANCED_FACE('',(#2847),#2834,.F.);
#2849=CARTESIAN_POINT('',(41.740821506,-6.342168662,26.357523624));
#2850=DIRECTION('',(0.,-1.,-0.));
#2851=DIRECTION('',(-1.,0.,-0.));
#2852=AXIS2_PLACEMENT_3D('',#2849,#2850,#2851);
#2853=PLANE('',#2852);
#2854=CARTESIAN_POINT('',(22.190821506,-6.342168662,30.351354096));
#2855=DIRECTION('',(0.,0.,-1.));
#2856=VECTOR('',#2855,7.987660943);
#2857=LINE('',#2854,#2856);
#2858=EDGE_CURVE('',#1219,#1252,#2857,.T.);
#2859=ORIENTED_EDGE('',*,*,#2858,.T.);
#2860=ORIENTED_EDGE('',*,*,#2281,.T.);
#2861=ORIENTED_EDGE('',*,*,#2317,.T.);
#2862=EDGE_LOOP('',(#2859,#2860,#2861));
#2863=FACE_BOUND('',#2862,.T.);
#2864=ADVANCED_FACE('',(#2863),#2853,.F.);
#2865=CARTESIAN_POINT('',(22.190821506,-6.342168662,18.447523624));
#2866=DIRECTION('',(-1.,0.,-0.));
#2867=DIRECTION('',(-0.,1.,0.));
#2868=AXIS2_PLACEMENT_3D('',#2865,#2866,#2867);
#2869=PLANE('',#2868);
#2870=ORIENTED_EDGE('',*,*,#1224,.F.);
#2871=ORIENTED_EDGE('',*,*,#1952,.T.);
#2872=ORIENTED_EDGE('',*,*,#2355,.F.);
#2873=ORIENTED_EDGE('',*,*,#1912,.T.);
#2874=ORIENTED_EDGE('',*,*,#1266,.F.);
#2875=ORIENTED_EDGE('',*,*,#2858,.F.);
#2876=EDGE_LOOP('',(#2870,#2871,#2872,#2873,#2874,#2875));
#2877=FACE_BOUND('',#2876,.T.);
#2878=ADVANCED_FACE('NONE',(#2877),#2869,.F.);
#2879=CARTESIAN_POINT('',(21.740821506,-6.342168662,16.447523624));
#2880=DIRECTION('',(-1.,0.,-0.));
#2881=DIRECTION('',(-0.,1.,0.));
#2882=AXIS2_PLACEMENT_3D('',#2879,#2880,#2881);
#2883=PLANE('',#2882);
#2884=ORIENTED_EDGE('',*,*,#1440,.T.);
#2885=ORIENTED_EDGE('',*,*,#2755,.F.);
#2886=ORIENTED_EDGE('',*,*,#2727,.F.);
#2887=ORIENTED_EDGE('',*,*,#2786,.F.);
#2888=ORIENTED_EDGE('',*,*,#1540,.T.);
#2889=ORIENTED_EDGE('',*,*,#2636,.T.);
#2890=ORIENTED_EDGE('',*,*,#2373,.F.);
#2891=ORIENTED_EDGE('',*,*,#2542,.F.);
#2892=EDGE_LOOP('',(#2884,#2885,#2886,#2887,#2888,#2889,#2890,#2891));
#2893=FACE_BOUND('',#2892,.T.);
#2894=ADVANCED_FACE('NONE',(#2893),#2883,.F.);
#2895=CARTESIAN_POINT('',(13.930765564,-4.909951034,15.59180775));
#2896=DIRECTION('',(0.,0.,-1.));
#2897=DIRECTION('',(-1.,0.,0.));
#2898=AXIS2_PLACEMENT_3D('',#2895,#2896,#2897);
#2899=PLANE('',#2898);
#2900=ORIENTED_EDGE('',*,*,#1848,.T.);
#2901=ORIENTED_EDGE('',*,*,#1175,.T.);
#2902=ORIENTED_EDGE('',*,*,#1405,.F.);
#2903=ORIENTED_EDGE('',*,*,#2806,.F.);
#2904=EDGE_LOOP('',(#2900,#2901,#2902,#2903));
#2905=FACE_BOUND('',#2904,.T.);
#2906=ADVANCED_FACE('',(#2905),#2899,.T.);
#2907=CARTESIAN_POINT('',(22.346283212,11.348586998,10.5));
#2908=DIRECTION('',(1.,0.,0.));
#2909=DIRECTION('',(0.,0.,-1.));
#2910=AXIS2_PLACEMENT_3D('',#2907,#2908,#2909);
#2911=PLANE('',#2910);
#2912=ORIENTED_EDGE('',*,*,#1839,.F.);
#2913=CARTESIAN_POINT('',(22.346283212,10.058816311,-4.535831819));
#2914=VERTEX_POINT('',#2913);
#2915=CARTESIAN_POINT('',(22.346283212,10.058816311,-4.535831819));
#2916=DIRECTION('',(0.,-1.,0.));
#2917=VECTOR('',#2916,14.968767345);
#2918=LINE('',#2915,#2917);
#2919=EDGE_CURVE('',#2914,#1828,#2918,.T.);
#2920=ORIENTED_EDGE('',*,*,#2919,.F.);
#2921=CARTESIAN_POINT('',(22.346283212,10.058816311,0.));
#2922=VERTEX_POINT('',#2921);
#2923=CARTESIAN_POINT('',(22.346283212,10.058816311,-4.535831819));
#2924=DIRECTION('',(0.,-0.,1.));
#2925=VECTOR('',#2924,4.535831819);
#2926=LINE('',#2923,#2925);
#2927=EDGE_CURVE('',#2914,#2922,#2926,.T.);
#2928=ORIENTED_EDGE('',*,*,#2927,.T.);
#2929=CARTESIAN_POINT('',(22.346283212,-4.909951034,0.));
#2930=DIRECTION('',(0.,1.,0.));
#2931=VECTOR('',#2930,14.968767345);
#2932=LINE('',#2929,#2931);
#2933=EDGE_CURVE('',#1178,#2922,#2932,.T.);
#2934=ORIENTED_EDGE('',*,*,#2933,.F.);
#2935=EDGE_LOOP('',(#2912,#2920,#2928,#2934));
#2936=FACE_BOUND('',#2935,.T.);
#2937=ADVANCED_FACE('',(#2936),#2911,.T.);
#2938=CARTESIAN_POINT('',(22.346283212,11.348586998,10.5));
#2939=DIRECTION('',(1.,0.,0.));
#2940=DIRECTION('',(0.,0.,-1.));
#2941=AXIS2_PLACEMENT_3D('',#2938,#2939,#2940);
#2942=PLANE('',#2941);
#2943=CARTESIAN_POINT('',(22.346283212,-35.435733758,-4.535831819));
#2944=VERTEX_POINT('',#2943);
#2945=CARTESIAN_POINT('',(22.346283212,-10.142641951,-4.535831819));
#2946=DIRECTION('',(0.,-1.,0.));
#2947=VECTOR('',#2946,25.293091807);
#2948=LINE('',#2945,#2947);
#2949=EDGE_CURVE('',#1409,#2944,#2948,.T.);
#2950=ORIENTED_EDGE('',*,*,#2949,.F.);
#2951=ORIENTED_EDGE('',*,*,#1414,.T.);
#2952=CARTESIAN_POINT('',(22.346283212,-35.435733758,0.));
#2953=VERTEX_POINT('',#2952);
#2954=CARTESIAN_POINT('',(22.346283212,-35.435733758,0.));
#2955=DIRECTION('',(0.,1.,0.));
#2956=VECTOR('',#2955,25.293091807);
#2957=LINE('',#2954,#2956);
#2958=EDGE_CURVE('',#2953,#1186,#2957,.T.);
#2959=ORIENTED_EDGE('',*,*,#2958,.F.);
#2960=CARTESIAN_POINT('',(22.346283212,-35.435733758,-4.535831819));
#2961=DIRECTION('',(0.,-0.,1.));
#2962=VECTOR('',#2961,4.535831819);
#2963=LINE('',#2960,#2962);
#2964=EDGE_CURVE('',#2944,#2953,#2963,.T.);
#2965=ORIENTED_EDGE('',*,*,#2964,.F.);
#2966=EDGE_LOOP('',(#2950,#2951,#2959,#2965));
#2967=FACE_BOUND('',#2966,.T.);
#2968=ADVANCED_FACE('',(#2967),#2942,.T.);
#2969=OPEN_SHELL('',(#1201,#1243,#1285,#1325,#1365,#1646,#1677,#1701,#1899,#1931,#1963,#1996,#2029,#2060,#2093,#2152,#2175,#2197,#2209,#2232,#2244,#2261,#2288,#2305,#2325,#2344,
#2435,#2475,#2497,#2519,#2531,#2553,#2575,#2587,#2608,#2625,#2647,#2659,#2678,#2697,#2737,#2759,#2776,#2793,#2810,#2829,#2848,#2864,#2878,#2894,#2906,
#2937,#2968));
#2970=SHELL_BASED_SURFACE_MODEL('Sheet 73',(#2969));
#1161=STYLED_ITEM('',(#1160),#2970);
#2972=CARTESIAN_POINT('',(41.857420749,-4.909951034,26.159097636));
#2973=DIRECTION('',(0.,-1.,-0.));
#2974=DIRECTION('',(0.,0.,-1.));
#2975=AXIS2_PLACEMENT_3D('',#2972,#2973,#2974);
#2976=PLANE('',#2975);
#2977=CARTESIAN_POINT('',(32.57044575,-4.909951034,26.357523624));
#2978=VERTEX_POINT('',#2977);
#2979=CARTESIAN_POINT('',(30.461197262,-4.909951034,26.357523624));
#2980=VERTEX_POINT('',#2979);
#2981=CARTESIAN_POINT('',(31.515821506,-4.909951034,26.357523624));
#2982=DIRECTION('',(0.,-1.,-0.));
#2983=DIRECTION('',(0.,0.,-1.));
#2984=AXIS2_PLACEMENT_3D('',#2981,#2982,#2983);
#2985=CIRCLE('',#2984,1.054624244);
#2986=EDGE_CURVE('',#2978,#2980,#2985,.T.);
#2987=ORIENTED_EDGE('',*,*,#2986,.F.);
#2988=CARTESIAN_POINT('',(31.515821506,-4.909951034,26.357523624));
#2989=DIRECTION('',(0.,-1.,-0.));
#2990=DIRECTION('',(0.,0.,-1.));
#2991=AXIS2_PLACEMENT_3D('',#2988,#2989,#2990);
#2992=CIRCLE('',#2991,1.054624244);
#2993=EDGE_CURVE('',#2980,#2978,#2992,.T.);
#2994=ORIENTED_EDGE('',*,*,#2993,.F.);
#2995=EDGE_LOOP('',(#2987,#2994));
#2996=FACE_BOUND('',#2995,.T.);
#2997=ADVANCED_FACE('',(#2996),#2976,.F.);
#2998=CARTESIAN_POINT('',(31.515821506,-1.757168662,26.357523624));
#2999=DIRECTION('',(-0.,-1.,-0.));
#3000=DIRECTION('',(-1.,0.,-0.));
#3001=AXIS2_PLACEMENT_3D('',#2998,#2999,#3000);
#3002=CYLINDRICAL_SURFACE('',#3001,1.054624244);
#3003=ORIENTED_EDGE('',*,*,#2986,.T.);
#3004=CARTESIAN_POINT('',(30.461197262,-5.342168662,26.357523624));
#3005=VERTEX_POINT('',#3004);
#3006=CARTESIAN_POINT('',(30.461197262,-4.909951034,26.357523624));
#3007=DIRECTION('',(-0.,-1.,-0.));
#3008=VECTOR('',#3007,0.432217628);
#3009=LINE('',#3006,#3008);
#3010=EDGE_CURVE('',#2980,#3005,#3009,.T.);
#3011=ORIENTED_EDGE('',*,*,#3010,.T.);
#3012=CARTESIAN_POINT('',(32.57044575,-5.342168662,26.357523624));
#3013=VERTEX_POINT('',#3012);
#3014=CARTESIAN_POINT('',(31.515821506,-5.342168662,26.357523624));
#3015=DIRECTION('',(0.,1.,0.));
#3016=DIRECTION('',(-1.,0.,-0.));
#3017=AXIS2_PLACEMENT_3D('',#3014,#3015,#3016);
#3018=CIRCLE('',#3017,1.054624244);
#3019=EDGE_CURVE('NONE',#3005,#3013,#3018,.T.);
#3020=ORIENTED_EDGE('',*,*,#3019,.T.);
#3021=CARTESIAN_POINT('',(32.57044575,-4.909951034,26.357523624));
#3022=CARTESIAN_POINT('',(32.57044575,-5.054023577,26.357523624));
#3023=CARTESIAN_POINT('',(32.57044575,-5.19809612,26.357523624));
#3024=CARTESIAN_POINT('',(32.57044575,-5.342168662,26.357523624));
#3025=B_SPLINE_CURVE_WITH_KNOTS('',3,(#3021,#3022,#3023,#3024),.UNSPECIFIED.,.F.,.F.,(4,4),(6.737782372,7.17),.UNSPECIFIED.);
#3026=EDGE_CURVE('',#2978,#3013,#3025,.T.);
#3027=ORIENTED_EDGE('',*,*,#3026,.F.);
#3028=EDGE_LOOP('',(#3003,#3011,#3020,#3027));
#3029=FACE_BOUND('',#3028,.T.);
#3030=ADVANCED_FACE('',(#3029),#3002,.T.);
#3031=CARTESIAN_POINT('',(31.515821506,-1.757168662,26.357523624));
#3032=DIRECTION('',(-0.,-1.,-0.));
#3033=DIRECTION('',(-1.,0.,-0.));
#3034=AXIS2_PLACEMENT_3D('',#3031,#3032,#3033);
#3035=CYLINDRICAL_SURFACE('',#3034,1.054624244);
#3036=ORIENTED_EDGE('',*,*,#2993,.T.);
#3037=ORIENTED_EDGE('',*,*,#3026,.T.);
#3038=CARTESIAN_POINT('',(31.515821506,-5.342168662,26.357523624));
#3039=DIRECTION('',(0.,1.,0.));
#3040=DIRECTION('',(-1.,0.,-0.));
#3041=AXIS2_PLACEMENT_3D('',#3038,#3039,#3040);
#3042=CIRCLE('',#3041,1.054624244);
#3043=EDGE_CURVE('NONE',#3013,#3005,#3042,.T.);
#3044=ORIENTED_EDGE('',*,*,#3043,.T.);
#3045=ORIENTED_EDGE('',*,*,#3010,.F.);
#3046=EDGE_LOOP('',(#3036,#3037,#3044,#3045));
#3047=FACE_BOUND('',#3046,.T.);
#3048=ADVANCED_FACE('',(#3047),#3035,.T.);
#3049=CARTESIAN_POINT('',(30.988509384,-5.342168662,26.357523624));
#3050=DIRECTION('',(-0.,1.,0.));
#3051=DIRECTION('',(1.,-0.,0.));
#3052=AXIS2_PLACEMENT_3D('',#3049,#3050,#3051);
#3053=PLANE('',#3052);
#3054=ORIENTED_EDGE('',*,*,#3019,.F.);
#3055=ORIENTED_EDGE('',*,*,#3043,.F.);
#3056=EDGE_LOOP('',(#3054,#3055));
#3057=FACE_BOUND('',#3056,.T.);
#3058=ADVANCED_FACE('NONE',(#3057),#3053,.F.);
#3059=OVER_RIDING_STYLED_ITEM('',(#1160),#3058,#2971);
#3060=CLOSED_SHELL('',(#2997,#3030,#3048,#3058));
#3061=MANIFOLD_SOLID_BREP('Extruded.002',#3060);
#3062=DRAUGHTING_PRE_DEFINED_COLOUR('white');
#3063=FILL_AREA_STYLE_COLOUR('',#3062);
#3064=FILL_AREA_STYLE('',(#3063));
#3065=SURFACE_STYLE_FILL_AREA(#3064);
#3066=SURFACE_SIDE_STYLE('',(#3065));
#3067=SURFACE_STYLE_USAGE(.BOTH.,#3066);
#3068=PRESENTATION_STYLE_ASSIGNMENT((#3067));
#2971=STYLED_ITEM('',(#3068),#3061);
#3069=CARTESIAN_POINT('',(7.877088431,-0.742122647,12.093027999));
#3070=DIRECTION('',(-0.106275744,0.994336697,0.));
#3071=VECTOR('',#3070,5.974323997);
#3072=LINE('',#3069,#3071);
#3073=TRIMMED_CURVE('Line.014',#3072,(PARAMETER_VALUE(0.)),(PARAMETER_VALUE(1.)),.T.,.PARAMETER.);
#3075=CARTESIAN_POINT('',(35.691303995,5.608278032,23.991979483));
#3076=DIRECTION('',(0.,-1.,0.));
#3077=DIRECTION('',(-0.534334934,-0.,-0.845272842));
#3078=AXIS2_PLACEMENT_3D('',#3075,#3076,#3077);
#3079=PLANE('',#3078);
#3080=CARTESIAN_POINT('',(31.631159047,5.608278032,23.555636115));
#3081=VERTEX_POINT('',#3080);
#3082=CARTESIAN_POINT('',(31.176083483,5.608278032,23.591962761));
#3083=VERTEX_POINT('',#3082);
#3084=CARTESIAN_POINT('',(31.631159047,5.608278032,26.424238322));
#3085=DIRECTION('',(0.,-1.,0.));
#3086=DIRECTION('',(0.,-0.,-1.));
#3087=AXIS2_PLACEMENT_3D('',#3084,#3085,#3086);
#3088=CIRCLE('',#3087,2.868602207);
#3089=EDGE_CURVE('',#3081,#3083,#3088,.T.);
#3090=ORIENTED_EDGE('',*,*,#3089,.T.);
#3091=CARTESIAN_POINT('',(31.631159047,5.608278032,26.424238322));
#3092=DIRECTION('',(0.,-1.,0.));
#3093=DIRECTION('',(0.,-0.,-1.));
#3094=AXIS2_PLACEMENT_3D('',#3091,#3092,#3093);
#3095=CIRCLE('',#3094,2.868602207);
#3096=EDGE_CURVE('',#3083,#3081,#3095,.T.);
#3097=ORIENTED_EDGE('',*,*,#3096,.T.);
#3098=EDGE_LOOP('',(#3090,#3097));
#3099=FACE_BOUND('',#3098,.T.);
#3100=CARTESIAN_POINT('',(25.402417506,5.608278032,17.340916027));
#3101=VERTEX_POINT('',#3100);
#3102=CARTESIAN_POINT('',(21.557555828,5.608278032,24.716178816));
#3103=VERTEX_POINT('',#3102);
#3104=CARTESIAN_POINT('',(25.402417506,5.608278032,17.340916027));
#3105=DIRECTION('',(-0.46227287,0.,0.886737725));
#3106=VECTOR('',#3105,8.317298992);
#3107=LINE('',#3104,#3106);
#3108=EDGE_CURVE('',#3101,#3103,#3107,.T.);
#3109=ORIENTED_EDGE('',*,*,#3108,.T.);
#3110=CARTESIAN_POINT('',(33.596238357,5.608278032,32.498366082));
#3111=VERTEX_POINT('',#3110);
#3112=CARTESIAN_POINT('',(33.596238357,5.608278032,32.498366082));
#3113=DIRECTION('',(-0.839810246,-0.,-0.542880052));
#3114=VECTOR('',#3113,14.335003163);
#3115=LINE('',#3112,#3114);
#3116=EDGE_CURVE('',#3111,#3103,#3115,.T.);
#3117=ORIENTED_EDGE('',*,*,#3116,.F.);
#3118=CARTESIAN_POINT('',(37.441100035,5.608278032,25.123103294));
#3119=VERTEX_POINT('',#3118);
#3120=CARTESIAN_POINT('',(37.441100035,5.608278032,25.123103294));
#3121=DIRECTION('',(-0.46227287,0.,0.886737725));
#3122=VECTOR('',#3121,8.317298992);
#3123=LINE('',#3120,#3122);
#3124=EDGE_CURVE('',#3119,#3111,#3123,.T.);
#3125=ORIENTED_EDGE('',*,*,#3124,.F.);
#3126=CARTESIAN_POINT('',(37.441100035,5.608278032,25.123103294));
#3127=DIRECTION('',(-0.839810246,-0.,-0.542880052));
#3128=VECTOR('',#3127,14.335003163);
#3129=LINE('',#3126,#3128);
#3130=EDGE_CURVE('',#3119,#3101,#3129,.T.);
#3131=ORIENTED_EDGE('',*,*,#3130,.T.);
#3132=EDGE_LOOP('',(#3109,#3117,#3125,#3131));
#3133=FACE_BOUND('',#3132,.T.);
#3134=ADVANCED_FACE('',(#3099,#3133),#3079,.F.);
#3135=CARTESIAN_POINT('',(31.846442317,5.608278032,31.367242272));
#3136=DIRECTION('',(0.542880052,-0.,-0.839810246));
#3137=DIRECTION('',(-0.839810246,0.,-0.542880052));
#3138=AXIS2_PLACEMENT_3D('',#3135,#3136,#3137);
#3139=PLANE('',#3138);
#3140=CARTESIAN_POINT('',(21.557555828,-0.926260514,24.716178816));
#3141=VERTEX_POINT('',#3140);
#3142=CARTESIAN_POINT('',(21.557555828,5.608278032,24.716178816));
#3143=DIRECTION('',(-0.,-1.,0.));
#3144=VECTOR('',#3143,6.534538546);
#3145=LINE('',#3142,#3144);
#3146=EDGE_CURVE('',#3103,#3141,#3145,.T.);
#3147=ORIENTED_EDGE('',*,*,#3146,.T.);
#3148=CARTESIAN_POINT('',(33.596238357,-0.926260514,32.498366082));
#3149=VERTEX_POINT('',#3148);
#3150=CARTESIAN_POINT('',(33.596238357,-0.926260514,32.498366082));
#3151=DIRECTION('',(-0.839810246,-0.,-0.542880052));
#3152=VECTOR('',#3151,14.335003163);
#3153=LINE('',#3150,#3152);
#3154=EDGE_CURVE('',#3149,#3141,#3153,.T.);
#3155=ORIENTED_EDGE('',*,*,#3154,.F.);
#3156=CARTESIAN_POINT('',(33.596238357,5.608278032,32.498366082));
#3157=DIRECTION('',(-0.,-1.,0.));
#3158=VECTOR('',#3157,6.534538546);
#3159=LINE('',#3156,#3158);
#3160=EDGE_CURVE('',#3111,#3149,#3159,.T.);
#3161=ORIENTED_EDGE('',*,*,#3160,.F.);
#3162=ORIENTED_EDGE('',*,*,#3116,.T.);
#3163=EDGE_LOOP('',(#3147,#3155,#3161,#3162));
#3164=FACE_BOUND('',#3163,.T.);
#3165=ADVANCED_FACE('',(#3164),#3139,.F.);
#3166=CARTESIAN_POINT('',(31.846442317,-0.926260514,31.367242272));
#3167=DIRECTION('',(-0.,1.,-0.));
#3168=DIRECTION('',(0.534334934,0.,0.845272842));
#3169=AXIS2_PLACEMENT_3D('',#3166,#3167,#3168);
#3170=PLANE('',#3169);
#3171=CARTESIAN_POINT('',(28.76255684,-0.926260514,26.424238322));
#3172=VERTEX_POINT('',#3171);
#3173=CARTESIAN_POINT('',(31.176083483,-0.926260514,23.591962761));
#3174=VERTEX_POINT('',#3173);
#3175=CARTESIAN_POINT('',(31.631159047,-0.926260514,26.424238322));
#3176=DIRECTION('',(-0.,1.,-0.));
#3177=DIRECTION('',(-1.,-0.,0.));
#3178=AXIS2_PLACEMENT_3D('',#3175,#3176,#3177);
#3179=CIRCLE('',#3178,2.868602207);
#3180=EDGE_CURVE('',#3172,#3174,#3179,.T.);
#3181=ORIENTED_EDGE('',*,*,#3180,.T.);
#3182=CARTESIAN_POINT('',(31.631159047,-0.926260514,26.424238322));
#3183=DIRECTION('',(-0.,1.,-0.));
#3184=DIRECTION('',(-1.,-0.,0.));
#3185=AXIS2_PLACEMENT_3D('',#3182,#3183,#3184);
#3186=CIRCLE('',#3185,2.868602207);
#3187=EDGE_CURVE('',#3174,#3172,#3186,.T.);
#3188=ORIENTED_EDGE('',*,*,#3187,.T.);
#3189=EDGE_LOOP('',(#3181,#3188));
#3190=FACE_BOUND('',#3189,.T.);
#3191=CARTESIAN_POINT('',(25.402417506,-0.926260514,17.340916027));
#3192=VERTEX_POINT('',#3191);
#3193=CARTESIAN_POINT('',(21.557555828,-0.926260514,24.716178816));
#3194=DIRECTION('',(0.46227287,-0.,-0.886737725));
#3195=VECTOR('',#3194,8.317298992);
#3196=LINE('',#3193,#3195);
#3197=EDGE_CURVE('',#3141,#3192,#3196,.T.);
#3198=ORIENTED_EDGE('',*,*,#3197,.T.);
#3199=CARTESIAN_POINT('',(37.441100035,-0.926260514,25.123103294));
#3200=VERTEX_POINT('',#3199);
#3201=CARTESIAN_POINT('',(37.441100035,-0.926260514,25.123103294));
#3202=DIRECTION('',(-0.839810246,-0.,-0.542880052));
#3203=VECTOR('',#3202,14.335003163);
#3204=LINE('',#3201,#3203);
#3205=EDGE_CURVE('',#3200,#3192,#3204,.T.);
#3206=ORIENTED_EDGE('',*,*,#3205,.F.);
#3207=CARTESIAN_POINT('',(33.596238357,-0.926260514,32.498366082));
#3208=DIRECTION('',(0.46227287,-0.,-0.886737725));
#3209=VECTOR('',#3208,8.317298992);
#3210=LINE('',#3207,#3209);
#3211=EDGE_CURVE('',#3149,#3200,#3210,.T.);
#3212=ORIENTED_EDGE('',*,*,#3211,.F.);
#3213=ORIENTED_EDGE('',*,*,#3154,.T.);
#3214=EDGE_LOOP('',(#3198,#3206,#3212,#3213));
#3215=FACE_BOUND('',#3214,.T.);
#3216=ADVANCED_FACE('',(#3190,#3215),#3170,.F.);
#3217=CARTESIAN_POINT('',(35.691303995,-0.926260514,23.991979483));
#3218=DIRECTION('',(-0.542880052,0.,0.839810246));
#3219=DIRECTION('',(0.839810246,-0.,0.542880052));
#3220=AXIS2_PLACEMENT_3D('',#3217,#3218,#3219);
#3221=PLANE('',#3220);
#3222=CARTESIAN_POINT('',(25.402417506,-0.926260514,17.340916027));
#3223=DIRECTION('',(0.,1.,-0.));
#3224=VECTOR('',#3223,6.534538546);
#3225=LINE('',#3222,#3224);
#3226=EDGE_CURVE('',#3192,#3101,#3225,.T.);
#3227=ORIENTED_EDGE('',*,*,#3226,.T.);
#3228=ORIENTED_EDGE('',*,*,#3130,.F.);
#3229=CARTESIAN_POINT('',(37.441100035,-0.926260514,25.123103294));
#3230=DIRECTION('',(0.,1.,-0.));
#3231=VECTOR('',#3230,6.534538546);
#3232=LINE('',#3229,#3231);
#3233=EDGE_CURVE('',#3200,#3119,#3232,.T.);
#3234=ORIENTED_EDGE('',*,*,#3233,.F.);
#3235=ORIENTED_EDGE('',*,*,#3205,.T.);
#3236=EDGE_LOOP('',(#3227,#3228,#3234,#3235));
#3237=FACE_BOUND('',#3236,.T.);
#3238=ADVANCED_FACE('',(#3237),#3221,.F.);
#3239=CARTESIAN_POINT('',(35.518669196,2.341008759,28.810734688));
#3240=DIRECTION('',(0.886737725,-0.,0.46227287));
#3241=DIRECTION('',(0.46227287,-0.,-0.886737725));
#3242=AXIS2_PLACEMENT_3D('',#3239,#3240,#3241);
#3243=PLANE('',#3242);
#3244=ORIENTED_EDGE('',*,*,#3124,.T.);
#3245=ORIENTED_EDGE('',*,*,#3160,.T.);
#3246=ORIENTED_EDGE('',*,*,#3211,.T.);
#3247=ORIENTED_EDGE('',*,*,#3233,.T.);
#3248=EDGE_LOOP('',(#3244,#3245,#3246,#3247));
#3249=FACE_BOUND('',#3248,.T.);
#3250=ADVANCED_FACE('',(#3249),#3243,.T.);
#3251=CARTESIAN_POINT('',(23.479986667,2.341008759,21.028547421));
#3252=DIRECTION('',(0.886737725,-0.,0.46227287));
#3253=DIRECTION('',(0.46227287,-0.,-0.886737725));
#3254=AXIS2_PLACEMENT_3D('',#3251,#3252,#3253);
#3255=PLANE('',#3254);
#3256=CARTESIAN_POINT('',(24.30049966,5.311253553,19.454628916));
#3257=VERTEX_POINT('',#3256);
#3258=CARTESIAN_POINT('',(24.30049966,-0.629236034,19.454628916));
#3259=VERTEX_POINT('',#3258);
#3260=CARTESIAN_POINT('',(24.30049966,5.311253553,19.454628916));
#3261=DIRECTION('',(-0.,-1.,0.));
#3262=VECTOR('',#3261,5.940489587);
#3263=LINE('',#3260,#3262);
#3264=EDGE_CURVE('',#3257,#3259,#3263,.T.);
#3265=ORIENTED_EDGE('',*,*,#3264,.F.);
#3266=CARTESIAN_POINT('',(22.166480767,5.311253553,23.548131219));
#3267=VERTEX_POINT('',#3266);
#3268=CARTESIAN_POINT('',(24.30049966,5.311253553,19.454628916));
#3269=DIRECTION('',(-0.46227287,0.,0.886737725));
#3270=VECTOR('',#3269,4.61636196);
#3271=LINE('',#3268,#3270);
#3272=EDGE_CURVE('',#3257,#3267,#3271,.T.);
#3273=ORIENTED_EDGE('',*,*,#3272,.T.);
#3274=CARTESIAN_POINT('',(22.166480767,-0.629236034,23.548131219));
#3275=VERTEX_POINT('',#3274);
#3276=CARTESIAN_POINT('',(22.166480767,5.311253553,23.548131219));
#3277=DIRECTION('',(-0.,-1.,0.));
#3278=VECTOR('',#3277,5.940489587);
#3279=LINE('',#3276,#3278);
#3280=EDGE_CURVE('',#3267,#3275,#3279,.T.);
#3281=ORIENTED_EDGE('',*,*,#3280,.T.);
#3282=CARTESIAN_POINT('',(22.166480767,-0.629236034,23.548131219));
#3283=DIRECTION('',(0.46227287,-0.,-0.886737725));
#3284=VECTOR('',#3283,4.61636196);
#3285=LINE('',#3282,#3284);
#3286=EDGE_CURVE('',#3275,#3259,#3285,.T.);
#3287=ORIENTED_EDGE('',*,*,#3286,.T.);
#3288=EDGE_LOOP('',(#3265,#3273,#3281,#3287));
#3289=FACE_BOUND('',#3288,.T.);
#3290=ORIENTED_EDGE('',*,*,#3108,.F.);
#3291=ORIENTED_EDGE('',*,*,#3226,.F.);
#3292=ORIENTED_EDGE('',*,*,#3197,.F.);
#3293=ORIENTED_EDGE('',*,*,#3146,.F.);
#3294=EDGE_LOOP('',(#3290,#3291,#3292,#3293));
#3295=FACE_BOUND('',#3294,.T.);
#3296=ADVANCED_FACE('',(#3289,#3295),#3255,.F.);
#3297=CARTESIAN_POINT('',(-14.514826175,7.016039993,13.705569229));
#3298=DIRECTION('',(0.158640178,0.,0.987336464));
#3299=DIRECTION('',(0.987336464,-0.,-0.158640178));
#3300=AXIS2_PLACEMENT_3D('',#3297,#3298,#3299);
#3301=PLANE('',#3300);
#3302=CARTESIAN_POINT('',(0.185494116,5.19836694,11.343596887));
#3303=VERTEX_POINT('',#3302);
#3304=CARTESIAN_POINT('',(4.252556924,5.19836694,10.690122019));
#3305=VERTEX_POINT('',#3304);
#3306=CARTESIAN_POINT('',(0.185494116,5.19836694,11.343596887));
#3307=DIRECTION('',(0.987336464,-0.,-0.158640178));
#3308=VECTOR('',#3307,4.119226783);
#3309=LINE('',#3306,#3308);
#3310=EDGE_CURVE('',#3303,#3305,#3309,.T.);
#3311=ORIENTED_EDGE('',*,*,#3310,.T.);
#3312=CARTESIAN_POINT('',(5.040989901,-0.742122647,10.563440637));
#3313=VERTEX_POINT('',#3312);
#3314=CARTESIAN_POINT('',(4.252556924,5.19836694,10.690122019));
#3315=DIRECTION('',(0.131538763,-0.991085701,-0.021134976));
#3316=VECTOR('',#3315,5.993921193);
#3317=LINE('',#3314,#3316);
#3318=EDGE_CURVE('',#3305,#3313,#3317,.T.);
#3319=ORIENTED_EDGE('',*,*,#3318,.T.);
#3320=CARTESIAN_POINT('',(0.185494116,-0.742122647,11.343596887));
#3321=VERTEX_POINT('',#3320);
#3322=CARTESIAN_POINT('',(5.040989901,-0.742122647,10.563440637));
#3323=DIRECTION('',(-0.987336464,0.,0.158640178));
#3324=VECTOR('',#3323,4.917772168);
#3325=LINE('',#3322,#3324);
#3326=EDGE_CURVE('',#3313,#3321,#3325,.T.);
#3327=ORIENTED_EDGE('',*,*,#3326,.T.);
#3328=CARTESIAN_POINT('',(0.185494116,-0.742122647,11.343596887));
#3329=DIRECTION('',(0.,1.,-0.));
#3330=VECTOR('',#3329,5.940489587);
#3331=LINE('',#3328,#3330);
#3332=EDGE_CURVE('',#3321,#3303,#3331,.T.);
#3333=ORIENTED_EDGE('',*,*,#3332,.T.);
#3334=EDGE_LOOP('',(#3311,#3319,#3327,#3333));
#3335=FACE_BOUND('',#3334,.T.);
#3336=ADVANCED_FACE('',(#3335),#3301,.F.);
#3337=CARTESIAN_POINT('',(2.857941497,-0.742122647,27.976235536));
#3338=DIRECTION('',(-0.987336464,0.,0.158640178));
#3339=DIRECTION('',(0.158640178,0.,0.987336464));
#3340=AXIS2_PLACEMENT_3D('',#3337,#3338,#3339);
#3341=PLANE('',#3340);
#3342=ORIENTED_EDGE('',*,*,#3332,.F.);
#3343=CARTESIAN_POINT('',(1.511148365,-0.742122647,19.594134672));
#3344=VERTEX_POINT('',#3343);
#3345=CARTESIAN_POINT('',(1.511148365,-0.742122647,19.594134672));
#3346=DIRECTION('',(-0.158640178,-0.,-0.987336464));
#3347=VECTOR('',#3346,8.356358832);
#3348=LINE('',#3345,#3347);
#3349=EDGE_CURVE('',#3344,#3321,#3348,.T.);
#3350=ORIENTED_EDGE('',*,*,#3349,.F.);
#3351=CARTESIAN_POINT('',(1.511148365,5.19836694,19.594134672));
#3352=VERTEX_POINT('',#3351);
#3353=CARTESIAN_POINT('',(1.511148365,-0.742122647,19.594134672));
#3354=DIRECTION('',(0.,1.,-0.));
#3355=VECTOR('',#3354,5.940489587);
#3356=LINE('',#3353,#3355);
#3357=EDGE_CURVE('',#3344,#3352,#3356,.T.);
#3358=ORIENTED_EDGE('',*,*,#3357,.T.);
#3359=CARTESIAN_POINT('',(1.511148365,5.19836694,19.594134672));
#3360=DIRECTION('',(-0.158640178,-0.,-0.987336464));
#3361=VECTOR('',#3360,8.356358832);
#3362=LINE('',#3359,#3361);
#3363=EDGE_CURVE('',#3352,#3303,#3362,.T.);
#3364=ORIENTED_EDGE('',*,*,#3363,.T.);
#3365=EDGE_LOOP('',(#3342,#3350,#3358,#3364));
#3366=FACE_BOUND('',#3365,.T.);
#3367=ADVANCED_FACE('',(#3366),#3341,.T.);
#3368=CARTESIAN_POINT('',(9.400866402,0.049199091,38.368741193));
#3369=DIRECTION('',(-0.978535052,-0.133225873,0.157226012));
#3370=DIRECTION('',(0.131538763,-0.991085701,-0.021134976));
#3371=AXIS2_PLACEMENT_3D('',#3368,#3369,#3370);
#3372=PLANE('',#3371);
#3373=CARTESIAN_POINT('',(4.852171475,5.19836694,14.421971796));
#3374=VERTEX_POINT('',#3373);
#3375=CARTESIAN_POINT('',(4.252556924,5.19836694,10.690122019));
#3376=DIRECTION('',(0.158640178,0.,0.987336464));
#3377=VECTOR('',#3376,3.779714323);
#3378=LINE('',#3375,#3377);
#3379=EDGE_CURVE('',#3305,#3374,#3378,.T.);
#3380=ORIENTED_EDGE('',*,*,#3379,.T.);
#3381=CARTESIAN_POINT('',(5.640604452,-0.742122647,14.295290414));
#3382=VERTEX_POINT('',#3381);
#3383=CARTESIAN_POINT('',(4.852171475,5.19836694,14.421971796));
#3384=DIRECTION('',(0.131538763,-0.991085701,-0.021134976));
#3385=VECTOR('',#3384,5.993921193);
#3386=LINE('',#3383,#3385);
#3387=EDGE_CURVE('',#3374,#3382,#3386,.T.);
#3388=ORIENTED_EDGE('',*,*,#3387,.T.);
#3389=CARTESIAN_POINT('',(5.640604452,-0.742122647,14.295290414));
#3390=DIRECTION('',(-0.158640178,-0.,-0.987336464));
#3391=VECTOR('',#3390,3.779714323);
#3392=LINE('',#3389,#3391);
#3393=EDGE_CURVE('',#3382,#3313,#3392,.T.);
#3394=ORIENTED_EDGE('',*,*,#3393,.T.);
#3395=ORIENTED_EDGE('',*,*,#3318,.F.);
#3396=EDGE_LOOP('',(#3380,#3388,#3394,#3395));
#3397=FACE_BOUND('',#3396,.T.);
#3398=ADVANCED_FACE('',(#3397),#3372,.F.);
#3399=CARTESIAN_POINT('',(-13.189171926,7.016039993,21.956107015));
#3400=DIRECTION('',(0.158640178,0.,0.987336464));
#3401=DIRECTION('',(0.987336464,-0.,-0.158640178));
#3402=AXIS2_PLACEMENT_3D('',#3399,#3400,#3401);
#3403=PLANE('',#3402);
#3404=CARTESIAN_POINT('',(10.151736496,-0.629236034,18.205809127));
#3405=VERTEX_POINT('',#3404);
#3406=CARTESIAN_POINT('',(8.488323994,-0.629236034,18.473077747));
#3407=VERTEX_POINT('',#3406);
#3408=CARTESIAN_POINT('',(10.151736496,-0.629236034,18.205809127));
#3409=DIRECTION('',(-0.987336464,0.,0.158640178));
#3410=VECTOR('',#3409,1.68474736);
#3411=LINE('',#3408,#3410);
#3412=EDGE_CURVE('',#3405,#3407,#3411,.T.);
#3413=ORIENTED_EDGE('',*,*,#3412,.T.);
#3414=CARTESIAN_POINT('',(8.488323994,5.19836694,18.473077747));
#3415=VERTEX_POINT('',#3414);
#3416=CARTESIAN_POINT('',(8.488323994,-0.629236034,18.473077747));
#3417=DIRECTION('',(0.,1.,-0.));
#3418=VECTOR('',#3417,5.827602974);
#3419=LINE('',#3416,#3418);
#3420=EDGE_CURVE('',#3407,#3415,#3419,.T.);
#3421=ORIENTED_EDGE('',*,*,#3420,.T.);
#3422=CARTESIAN_POINT('',(1.511148365,5.19836694,19.594134672));
#3423=DIRECTION('',(0.987336464,-0.,-0.158640178));
#3424=VECTOR('',#3423,7.066664587);
#3425=LINE('',#3422,#3424);
#3426=EDGE_CURVE('',#3352,#3415,#3425,.T.);
#3427=ORIENTED_EDGE('',*,*,#3426,.F.);
#3428=ORIENTED_EDGE('',*,*,#3357,.F.);
#3429=CARTESIAN_POINT('',(10.151736496,-0.742122647,18.205809127));
#3430=VERTEX_POINT('',#3429);
#3431=CARTESIAN_POINT('',(10.151736496,-0.742122647,18.205809127));
#3432=DIRECTION('',(-0.987336464,0.,0.158640178));
#3433=VECTOR('',#3432,8.751411947);
#3434=LINE('',#3431,#3433);
#3435=EDGE_CURVE('',#3430,#3344,#3434,.T.);
#3436=ORIENTED_EDGE('',*,*,#3435,.F.);
#3437=CARTESIAN_POINT('',(10.151736496,-0.742122647,18.205809127));
#3438=DIRECTION('',(0.,1.,-0.));
#3439=VECTOR('',#3438,0.112886613);
#3440=LINE('',#3437,#3439);
#3441=EDGE_CURVE('',#3430,#3405,#3440,.T.);
#3442=ORIENTED_EDGE('',*,*,#3441,.T.);
#3443=EDGE_LOOP('',(#3413,#3421,#3427,#3428,#3436,#3442));
#3444=FACE_BOUND('',#3443,.T.);
#3445=ADVANCED_FACE('',(#3444),#3403,.T.);
#3446=CARTESIAN_POINT('',(-4.661456315,5.19836694,29.184413951));
#3447=DIRECTION('',(0.,1.,-0.));
#3448=DIRECTION('',(0.158640178,0.,0.987336464));
#3449=AXIS2_PLACEMENT_3D('',#3446,#3447,#3448);
#3450=PLANE('',#3449);
#3451=CARTESIAN_POINT('',(7.80099824,5.19836694,13.94816938));
#3452=VERTEX_POINT('',#3451);
#3453=CARTESIAN_POINT('',(6.408435486,5.19836694,17.701369573));
#3454=VERTEX_POINT('',#3453);
#3455=CARTESIAN_POINT('',(7.80099824,5.19836694,13.94816938));
#3456=DIRECTION('',(-0.347860961,0.,0.937546133));
#3457=VECTOR('',#3456,4.003216545);
#3458=LINE('',#3455,#3457);
#3459=EDGE_CURVE('',#3452,#3454,#3458,.T.);
#3460=ORIENTED_EDGE('',*,*,#3459,.F.);
#3461=CARTESIAN_POINT('',(4.852171475,5.19836694,14.421971796));
#3462=DIRECTION('',(0.987336464,-0.,-0.158640178));
#3463=VECTOR('',#3462,2.986648292);
#3464=LINE('',#3461,#3463);
#3465=EDGE_CURVE('',#3374,#3452,#3464,.T.);
#3466=ORIENTED_EDGE('',*,*,#3465,.F.);
#3467=ORIENTED_EDGE('',*,*,#3379,.F.);
#3468=ORIENTED_EDGE('',*,*,#3310,.F.);
#3469=ORIENTED_EDGE('',*,*,#3363,.F.);
#3470=ORIENTED_EDGE('',*,*,#3426,.T.);
#3471=CARTESIAN_POINT('',(8.488323994,5.19836694,18.473077747));
#3472=DIRECTION('',(-0.937546133,-0.,-0.347860961));
#3473=VECTOR('',#3472,2.218438575);
#3474=LINE('',#3471,#3473);
#3475=EDGE_CURVE('',#3415,#3454,#3474,.T.);
#3476=ORIENTED_EDGE('',*,*,#3475,.T.);
#3477=EDGE_LOOP('',(#3460,#3466,#3467,#3468,#3469,#3470,#3476));
#3478=FACE_BOUND('',#3477,.T.);
#3479=ADVANCED_FACE('',(#3478),#3450,.T.);
#3480=CARTESIAN_POINT('',(7.566697402,-0.742122647,27.2196567));
#3481=DIRECTION('',(-0.,-1.,0.));
#3482=DIRECTION('',(-0.158640178,-0.,-0.987336464));
#3483=AXIS2_PLACEMENT_3D('',#3480,#3481,#3482);
#3484=PLANE('',#3483);
#3485=CARTESIAN_POINT('',(9.468148659,-0.742122647,13.951330797));
#3486=VERTEX_POINT('',#3485);
#3487=CARTESIAN_POINT('',(8.958413125,-0.742122647,13.762201871));
#3488=VERTEX_POINT('',#3487);
#3489=CARTESIAN_POINT('',(9.468148659,-0.742122647,13.951330797));
#3490=DIRECTION('',(-0.937546133,-0.,-0.347860961));
#3491=VECTOR('',#3490,0.543691149);
#3492=LINE('',#3489,#3491);
#3493=EDGE_CURVE('',#3486,#3488,#3492,.T.);
#3494=ORIENTED_EDGE('',*,*,#3493,.F.);
#3495=CARTESIAN_POINT('',(9.468148659,-0.742122647,13.951330797));
#3496=DIRECTION('',(0.158640178,0.,0.987336464));
#3497=VECTOR('',#3496,4.309046088);
#3498=LINE('',#3495,#3497);
#3499=EDGE_CURVE('',#3486,#3430,#3498,.T.);
#3500=ORIENTED_EDGE('',*,*,#3499,.T.);
#3501=ORIENTED_EDGE('',*,*,#3435,.T.);
#3502=ORIENTED_EDGE('',*,*,#3349,.T.);
#3503=ORIENTED_EDGE('',*,*,#3326,.F.);
#3504=ORIENTED_EDGE('',*,*,#3393,.F.);
#3505=CARTESIAN_POINT('',(8.958413125,-0.742122647,13.762201871));
#3506=DIRECTION('',(-0.987336464,0.,0.158640178));
#3507=VECTOR('',#3506,3.360362745);
#3508=LINE('',#3505,#3507);
#3509=EDGE_CURVE('',#3488,#3382,#3508,.T.);
#3510=ORIENTED_EDGE('',*,*,#3509,.F.);
#3511=EDGE_LOOP('',(#3494,#3500,#3501,#3502,#3503,#3504,#3510));
#3512=FACE_BOUND('',#3511,.T.);
#3513=ADVANCED_FACE('',(#3512),#3484,.T.);
#3514=CARTESIAN_POINT('',(-13.915211623,7.016039993,17.437419006));
#3515=DIRECTION('',(0.158640178,0.,0.987336464));
#3516=DIRECTION('',(0.987336464,-0.,-0.158640178));
#3517=AXIS2_PLACEMENT_3D('',#3514,#3515,#3516);
#3518=PLANE('',#3517);
#3519=CARTESIAN_POINT('',(7.80099824,5.311253553,13.94816938));
#3520=VERTEX_POINT('',#3519);
#3521=CARTESIAN_POINT('',(7.80099824,5.311253553,13.94816938));
#3522=DIRECTION('',(-0.,-1.,0.));
#3523=VECTOR('',#3522,0.112886613);
#3524=LINE('',#3521,#3523);
#3525=EDGE_CURVE('',#3520,#3452,#3524,.T.);
#3526=ORIENTED_EDGE('',*,*,#3525,.F.);
#3527=CARTESIAN_POINT('',(8.958413125,5.311253553,13.762201871));
#3528=VERTEX_POINT('',#3527);
#3529=CARTESIAN_POINT('',(7.80099824,5.311253553,13.94816938));
#3530=DIRECTION('',(0.987336464,-0.,-0.158640178));
#3531=VECTOR('',#3530,1.172259838);
#3532=LINE('',#3529,#3531);
#3533=EDGE_CURVE('',#3520,#3528,#3532,.T.);
#3534=ORIENTED_EDGE('',*,*,#3533,.T.);
#3535=CARTESIAN_POINT('',(8.958413125,5.311253553,13.762201871));
#3536=DIRECTION('',(-0.,-1.,0.));
#3537=VECTOR('',#3536,6.0533762);
#3538=LINE('',#3535,#3537);
#3539=EDGE_CURVE('',#3528,#3488,#3538,.T.);
#3540=ORIENTED_EDGE('',*,*,#3539,.T.);
#3541=ORIENTED_EDGE('',*,*,#3509,.T.);
#3542=ORIENTED_EDGE('',*,*,#3387,.F.);
#3543=ORIENTED_EDGE('',*,*,#3465,.T.);
#3544=EDGE_LOOP('',(#3526,#3534,#3540,#3541,#3542,#3543));
#3545=FACE_BOUND('',#3544,.T.);
#3546=ADVANCED_FACE('',(#3545),#3518,.F.);
#3547=CARTESIAN_POINT('',(10.151736496,-26.052250787,18.205809127));
#3548=DIRECTION('',(0.987336464,-0.,-0.158640178));
#3549=DIRECTION('',(-0.158640178,-0.,-0.987336464));
#3550=AXIS2_PLACEMENT_3D('',#3547,#3548,#3549);
#3551=PLANE('',#3550);
#3552=CARTESIAN_POINT('',(9.468148659,-0.629236034,13.951330797));
#3553=VERTEX_POINT('',#3552);
#3554=CARTESIAN_POINT('',(9.468148659,-0.629236034,13.951330797));
#3555=DIRECTION('',(-0.,-1.,0.));
#3556=VECTOR('',#3555,0.112886613);
#3557=LINE('',#3554,#3556);
#3558=EDGE_CURVE('',#3553,#3486,#3557,.T.);
#3559=ORIENTED_EDGE('',*,*,#3558,.F.);
#3560=CARTESIAN_POINT('',(9.468148659,-0.629236034,13.951330797));
#3561=DIRECTION('',(0.158640178,0.,0.987336464));
#3562=VECTOR('',#3561,4.309046088);
#3563=LINE('',#3560,#3562);
#3564=EDGE_CURVE('',#3553,#3405,#3563,.T.);
#3565=ORIENTED_EDGE('',*,*,#3564,.T.);
#3566=ORIENTED_EDGE('',*,*,#3441,.F.);
#3567=ORIENTED_EDGE('',*,*,#3499,.F.);
#3568=EDGE_LOOP('',(#3559,#3565,#3566,#3567));
#3569=FACE_BOUND('',#3568,.T.);
#3570=ADVANCED_FACE('',(#3569),#3551,.T.);
#3571=CARTESIAN_POINT('',(6.408435486,-25.939364174,17.701369573));
#3572=DIRECTION('',(0.937546133,-0.,0.347860961));
#3573=DIRECTION('',(0.347860961,-0.,-0.937546133));
#3574=AXIS2_PLACEMENT_3D('',#3571,#3572,#3573);
#3575=PLANE('',#3574);
#3576=CARTESIAN_POINT('',(6.408435486,5.311253553,17.701369573));
#3577=VERTEX_POINT('',#3576);
#3578=CARTESIAN_POINT('',(6.408435486,5.311253553,17.701369573));
#3579=DIRECTION('',(0.347860961,-0.,-0.937546133));
#3580=VECTOR('',#3579,4.003216545);
#3581=LINE('',#3578,#3580);
#3582=EDGE_CURVE('',#3577,#3520,#3581,.T.);
#3583=ORIENTED_EDGE('',*,*,#3582,.T.);
#3584=ORIENTED_EDGE('',*,*,#3525,.T.);
#3585=ORIENTED_EDGE('',*,*,#3459,.T.);
#3586=CARTESIAN_POINT('',(6.408435486,5.19836694,17.701369573));
#3587=DIRECTION('',(0.,1.,-0.));
#3588=VECTOR('',#3587,0.112886613);
#3589=LINE('',#3586,#3588);
#3590=EDGE_CURVE('',#3454,#3577,#3589,.T.);
#3591=ORIENTED_EDGE('',*,*,#3590,.T.);
#3592=EDGE_LOOP('',(#3583,#3584,#3585,#3591));
#3593=FACE_BOUND('',#3592,.T.);
#3594=ADVANCED_FACE('',(#3593),#3575,.F.);
#3595=CARTESIAN_POINT('',(-0.892411858,-0.629236034,24.047648811));
#3596=DIRECTION('',(-0.,-1.,0.));
#3597=DIRECTION('',(0.347860961,-0.,-0.937546133));
#3598=AXIS2_PLACEMENT_3D('',#3595,#3596,#3597);
#3599=PLANE('',#3598);
#3600=ORIENTED_EDGE('',*,*,#3564,.F.);
#3601=CARTESIAN_POINT('',(24.30049966,-0.629236034,19.454628916));
#3602=DIRECTION('',(-0.937546133,0.,-0.347860961));
#3603=VECTOR('',#3602,15.820395899);
#3604=LINE('',#3601,#3603);
#3605=EDGE_CURVE('',#3259,#3553,#3604,.T.);
#3606=ORIENTED_EDGE('',*,*,#3605,.F.);
#3607=ORIENTED_EDGE('',*,*,#3286,.F.);
#3608=CARTESIAN_POINT('',(22.166480767,-0.629236034,23.548131219));
#3609=DIRECTION('',(-0.937546133,0.,-0.347860961));
#3610=VECTOR('',#3609,14.589315969);
#3611=LINE('',#3608,#3610);
#3612=EDGE_CURVE('',#3275,#3407,#3611,.T.);
#3613=ORIENTED_EDGE('',*,*,#3612,.T.);
#3614=ORIENTED_EDGE('',*,*,#3412,.F.);
#3615=EDGE_LOOP('',(#3600,#3606,#3607,#3613,#3614));
#3616=FACE_BOUND('',#3615,.T.);
#3617=ADVANCED_FACE('',(#3616),#3599,.T.);
#3618=CARTESIAN_POINT('',(-12.503912747,5.311253553,19.739393768));
#3619=DIRECTION('',(0.,1.,-0.));
#3620=DIRECTION('',(-0.347860961,0.,0.937546133));
#3621=AXIS2_PLACEMENT_3D('',#3618,#3619,#3620);
#3622=PLANE('',#3621);
#3623=ORIENTED_EDGE('',*,*,#3533,.F.);
#3624=ORIENTED_EDGE('',*,*,#3582,.F.);
#3625=CARTESIAN_POINT('',(6.408435486,5.311253553,17.701369573));
#3626=DIRECTION('',(0.937546133,-0.,0.347860961));
#3627=VECTOR('',#3626,16.807754544);
#3628=LINE('',#3625,#3627);
#3629=EDGE_CURVE('',#3577,#3267,#3628,.T.);
#3630=ORIENTED_EDGE('',*,*,#3629,.T.);
#3631=ORIENTED_EDGE('',*,*,#3272,.F.);
#3632=CARTESIAN_POINT('',(8.958413125,5.311253553,13.762201871));
#3633=DIRECTION('',(0.937546133,-0.,0.347860961));
#3634=VECTOR('',#3633,16.364087048);
#3635=LINE('',#3632,#3634);
#3636=EDGE_CURVE('',#3528,#3257,#3635,.T.);
#3637=ORIENTED_EDGE('',*,*,#3636,.F.);
#3638=EDGE_LOOP('',(#3623,#3624,#3630,#3631,#3637));
#3639=FACE_BOUND('',#3638,.T.);
#3640=ADVANCED_FACE('',(#3639),#3622,.T.);
#3641=CARTESIAN_POINT('',(-16.369505256,7.128926606,9.24999201));
#3642=DIRECTION('',(-0.347860961,0.,0.937546133));
#3643=DIRECTION('',(0.937546133,-0.,0.347860961));
#3644=AXIS2_PLACEMENT_3D('',#3641,#3642,#3643);
#3645=PLANE('',#3644);
#3646=ORIENTED_EDGE('',*,*,#3280,.F.);
#3647=ORIENTED_EDGE('',*,*,#3629,.F.);
#3648=ORIENTED_EDGE('',*,*,#3590,.F.);
#3649=ORIENTED_EDGE('',*,*,#3475,.F.);
#3650=ORIENTED_EDGE('',*,*,#3420,.F.);
#3651=ORIENTED_EDGE('',*,*,#3612,.F.);
#3652=EDGE_LOOP('',(#3646,#3647,#3648,#3649,#3650,#3651));
#3653=FACE_BOUND('',#3652,.T.);
#3654=ADVANCED_FACE('',(#3653),#3645,.T.);
#3655=CARTESIAN_POINT('',(-14.776236268,7.128926606,4.955853413));
#3656=DIRECTION('',(-0.347860961,0.,0.937546133));
#3657=DIRECTION('',(0.937546133,-0.,0.347860961));
#3658=AXIS2_PLACEMENT_3D('',#3655,#3656,#3657);
#3659=PLANE('',#3658);
#3660=ORIENTED_EDGE('',*,*,#3539,.F.);
#3661=ORIENTED_EDGE('',*,*,#3636,.T.);
#3662=ORIENTED_EDGE('',*,*,#3264,.T.);
#3663=ORIENTED_EDGE('',*,*,#3605,.T.);
#3664=ORIENTED_EDGE('',*,*,#3558,.T.);
#3665=ORIENTED_EDGE('',*,*,#3493,.T.);
#3666=EDGE_LOOP('',(#3660,#3661,#3662,#3663,#3664,#3665));
#3667=FACE_BOUND('',#3666,.T.);
#3668=ADVANCED_FACE('',(#3667),#3659,.F.);
#3669=CARTESIAN_POINT('',(31.631159047,64.161940787,26.424238322));
#3670=DIRECTION('',(-0.,-1.,0.));
#3671=DIRECTION('',(-0.158640178,-0.,-0.987336464));
#3672=AXIS2_PLACEMENT_3D('',#3669,#3670,#3671);
#3673=CYLINDRICAL_SURFACE('',#3672,2.868602207);
#3674=CARTESIAN_POINT('',(31.176083483,-0.926260514,23.591962761));
#3675=DIRECTION('',(0.,1.,-0.));
#3676=VECTOR('',#3675,6.534538546);
#3677=LINE('',#3674,#3676);
#3678=EDGE_CURVE('',#3174,#3083,#3677,.T.);
#3679=ORIENTED_EDGE('',*,*,#3678,.F.);
#3680=ORIENTED_EDGE('',*,*,#3180,.F.);
#3681=ORIENTED_EDGE('',*,*,#3187,.F.);
#3682=ORIENTED_EDGE('',*,*,#3678,.T.);
#3683=ORIENTED_EDGE('',*,*,#3089,.F.);
#3684=ORIENTED_EDGE('',*,*,#3096,.F.);
#3685=EDGE_LOOP('',(#3679,#3680,#3681,#3682,#3683,#3684));
#3686=FACE_BOUND('',#3685,.T.);
#3687=ADVANCED_FACE('',(#3686),#3673,.F.);
#3688=CLOSED_SHELL('',(#3134,#3165,#3216,#3238,#3250,#3296,#3336,#3367,#3398,#3445,#3479,#3513,#3546,#3570,#3594,#3617,#3640,#3654,#3668,#3687));
#3689=MANIFOLD_SOLID_BREP('Extruded.003',#3688);
#3074=STYLED_ITEM('',(),#3689);
#3690=CARTESIAN_POINT('',(16.211166746,5.19836694,16.867951194));
#3691=DIRECTION('',(0.,-0.,-1.));
#3692=VECTOR('',#3691,5.103436271);
#3693=LINE('',#3690,#3692);
#3694=TRIMMED_CURVE('Line.013',#3693,(PARAMETER_VALUE(0.)),(PARAMETER_VALUE(1.)),.T.,.PARAMETER.);
#3695=CARTESIAN_POINT('',(17.981189203,-0.746201682,10.5));
#3696=DIRECTION('',(0.,-1.,0.));
#3697=VECTOR('',#3696,1.772748045);
#3698=LINE('',#3695,#3697);
#3699=TRIMMED_CURVE('Line.012',#3698,(PARAMETER_VALUE(0.)),(PARAMETER_VALUE(1.)),.T.,.PARAMETER.);
#3700=CARTESIAN_POINT('',(-5.353716788,-0.746201724,10.5));
#3701=DIRECTION('',(0.,-1.,0.));
#3702=VECTOR('',#3701,1.772748045);
#3703=LINE('',#3700,#3702);
#3704=TRIMMED_CURVE('Line.008',#3703,(PARAMETER_VALUE(0.)),(PARAMETER_VALUE(1.)),.T.,.PARAMETER.);
#3705=CARTESIAN_POINT('',(17.981189203,6.983492989,10.5));
#3706=DIRECTION('',(0.,-1.,0.));
#3707=VECTOR('',#3706,7.729694671);
#3708=LINE('',#3705,#3707);
#3709=TRIMMED_CURVE('Line.011',#3708,(PARAMETER_VALUE(0.)),(PARAMETER_VALUE(1.)),.T.,.PARAMETER.);
#3710=CARTESIAN_POINT('',(-9.653716788,-2.518949769,10.5));
#3711=DIRECTION('',(1.,0.,-0.));
#3712=VECTOR('',#3711,4.3);
#3713=LINE('',#3710,#3712);
#3714=TRIMMED_CURVE('Line.010',#3713,(PARAMETER_VALUE(0.)),(PARAMETER_VALUE(1.)),.T.,.PARAMETER.);
#3715=CARTESIAN_POINT('',(-5.353716788,-2.518949769,10.5));
#3716=DIRECTION('',(1.,0.000000002,0.));
#3717=VECTOR('',#3716,27.7);
#3718=LINE('',#3715,#3717);
#3719=TRIMMED_CURVE('Line.010',#3718,(PARAMETER_VALUE(0.)),(PARAMETER_VALUE(1.)),.T.,.PARAMETER.);
#3720=GEOMETRIC_CURVE_SET('',(#3714,#3719));
#3721=CARTESIAN_POINT('',(-5.288622779,6.983492989,10.5));
#3722=DIRECTION('',(-0.008420992,-0.999964543,0.));
#3723=VECTOR('',#3722,7.729968796);
#3724=LINE('',#3721,#3723);
#3725=TRIMMED_CURVE('Line.009',#3724,(PARAMETER_VALUE(0.)),(PARAMETER_VALUE(1.)),.T.,.PARAMETER.);
#3726=CARTESIAN_POINT('',(-5.353716788,-0.746201724,10.5));
#3727=DIRECTION('',(0.008420992,0.999964543,0.));
#3728=VECTOR('',#3727,7.729968796);
#3729=LINE('',#3726,#3728);
#3730=TRIMMED_CURVE('Line.009',#3729,(PARAMETER_VALUE(0.)),(PARAMETER_VALUE(1.)),.T.,.PARAMETER.);
#3731=GEOMETRIC_CURVE_SET('',(#3725,#3730));
#3732=CARTESIAN_POINT('',(-0.92352877,7.048586998,10.5));
#3733=DIRECTION('',(0.999994072,-0.003443248,0.));
#3734=VECTOR('',#3733,18.904830041);
#3735=LINE('',#3732,#3734);
#3736=TRIMMED_CURVE('Line.007',#3735,(PARAMETER_VALUE(0.)),(PARAMETER_VALUE(1.)),.T.,.PARAMETER.);
#3737=CARTESIAN_POINT('',(-5.288622779,6.983492989,10.5));
#3738=DIRECTION('',(0.999888829,0.014910738,0.));
#3739=VECTOR('',#3738,4.365579336);
#3740=LINE('',#3737,#3739);
#3741=TRIMMED_CURVE('Line.006',#3740,(PARAMETER_VALUE(0.)),(PARAMETER_VALUE(1.)),.T.,.PARAMETER.);
#3742=CARTESIAN_POINT('',(-0.92352877,7.048586998,10.5));
#3743=DIRECTION('',(-0.999888829,-0.014910738,0.));
#3744=VECTOR('',#3743,4.365579336);
#3745=LINE('',#3742,#3744);
#3746=TRIMMED_CURVE('Line.006',#3745,(PARAMETER_VALUE(0.)),(PARAMETER_VALUE(1.)),.T.,.PARAMETER.);
#3747=GEOMETRIC_CURVE_SET('',(#3741,#3746));
#3748=CARTESIAN_POINT('',(-0.92352877,11.348586998,10.5));
#3749=DIRECTION('',(0.,-1.,0.));
#3750=VECTOR('',#3749,4.3);
#3751=LINE('',#3748,#3750);
#3752=TRIMMED_CURVE('Line.005',#3751,(PARAMETER_VALUE(0.)),(PARAMETER_VALUE(1.)),.T.,.PARAMETER.);
#3754=CARTESIAN_POINT('',(-9.653716788,-52.651413002,10.5));
#3755=DIRECTION('',(-1.,0.,0.));
#3756=DIRECTION('',(0.,0.,1.));
#3757=AXIS2_PLACEMENT_3D('',#3754,#3755,#3756);
#3758=PLANE('',#3757);
#3759=CARTESIAN_POINT('',(-9.653716788,-4.110802428,0.));
#3760=VERTEX_POINT('',#3759);
#3761=CARTESIAN_POINT('',(-9.653716788,2.61839898,0.));
#3762=VERTEX_POINT('',#3761);
#3763=CARTESIAN_POINT('',(-9.653716788,-4.110802428,0.));
#3764=DIRECTION('',(0.,1.,0.));
#3765=VECTOR('',#3764,6.729201408);
#3766=LINE('',#3763,#3765);
#3767=EDGE_CURVE('',#3760,#3762,#3766,.T.);
#3768=ORIENTED_EDGE('',*,*,#3767,.F.);
#3769=CARTESIAN_POINT('',(-9.653716788,-4.110802428,10.5));
#3770=VERTEX_POINT('',#3769);
#3771=CARTESIAN_POINT('',(-9.653716788,-4.110802428,0.));
#3772=DIRECTION('',(0.,0.,1.));
#3773=VECTOR('',#3772,10.5);
#3774=LINE('',#3771,#3773);
#3775=EDGE_CURVE('',#3760,#3770,#3774,.T.);
#3776=ORIENTED_EDGE('',*,*,#3775,.T.);
#3777=CARTESIAN_POINT('',(-9.653716788,2.61839898,10.5));
#3778=VERTEX_POINT('',#3777);
#3779=CARTESIAN_POINT('',(-9.653716788,-4.110802428,10.5));
#3780=DIRECTION('',(0.,1.,0.));
#3781=VECTOR('',#3780,6.729201408);
#3782=LINE('',#3779,#3781);
#3783=EDGE_CURVE('',#3770,#3778,#3782,.T.);
#3784=ORIENTED_EDGE('',*,*,#3783,.T.);
#3785=CARTESIAN_POINT('',(-9.653716788,2.61839898,10.5));
#3786=DIRECTION('',(0.,0.,-1.));
#3787=VECTOR('',#3786,10.5);
#3788=LINE('',#3785,#3787);
#3789=EDGE_CURVE('',#3778,#3762,#3788,.T.);
#3790=ORIENTED_EDGE('',*,*,#3789,.T.);
#3791=EDGE_LOOP('',(#3768,#3776,#3784,#3790));
#3792=FACE_BOUND('',#3791,.T.);
#3793=ADVANCED_FACE('',(#3792),#3758,.T.);
#3794=CARTESIAN_POINT('',(22.346283212,11.348586998,10.5));
#3795=DIRECTION('',(1.,0.,0.));
#3796=DIRECTION('',(0.,0.,-1.));
#3797=AXIS2_PLACEMENT_3D('',#3794,#3795,#3796);
#3798=PLANE('',#3797);
#3799=CARTESIAN_POINT('',(22.346283212,2.61839898,10.5));
#3800=VERTEX_POINT('',#3799);
#3801=CARTESIAN_POINT('',(22.346283212,-4.110802428,10.5));
#3802=VERTEX_POINT('',#3801);
#3803=CARTESIAN_POINT('',(22.346283212,2.61839898,10.5));
#3804=DIRECTION('',(0.,-1.,0.));
#3805=VECTOR('',#3804,6.729201408);
#3806=LINE('',#3803,#3805);
#3807=EDGE_CURVE('',#3800,#3802,#3806,.T.);
#3808=ORIENTED_EDGE('',*,*,#3807,.T.);
#3809=CARTESIAN_POINT('',(22.346283212,-4.110802428,0.));
#3810=VERTEX_POINT('',#3809);
#3811=CARTESIAN_POINT('',(22.346283212,-4.110802428,0.));
#3812=DIRECTION('',(0.,0.,1.));
#3813=VECTOR('',#3812,10.5);
#3814=LINE('',#3811,#3813);
#3815=EDGE_CURVE('',#3810,#3802,#3814,.T.);
#3816=ORIENTED_EDGE('',*,*,#3815,.F.);
#3817=CARTESIAN_POINT('',(22.346283212,2.61839898,0.));
#3818=VERTEX_POINT('',#3817);
#3819=CARTESIAN_POINT('',(22.346283212,2.61839898,0.));
#3820=DIRECTION('',(0.,-1.,0.));
#3821=VECTOR('',#3820,6.729201408);
#3822=LINE('',#3819,#3821);
#3823=EDGE_CURVE('',#3818,#3810,#3822,.T.);
#3824=ORIENTED_EDGE('',*,*,#3823,.F.);
#3825=CARTESIAN_POINT('',(22.346283212,2.61839898,10.5));
#3826=DIRECTION('',(0.,0.,-1.));
#3827=VECTOR('',#3826,10.5);
#3828=LINE('',#3825,#3827);
#3829=EDGE_CURVE('',#3800,#3818,#3828,.T.);
#3830=ORIENTED_EDGE('',*,*,#3829,.F.);
#3831=EDGE_LOOP('',(#3808,#3816,#3824,#3830));
#3832=FACE_BOUND('',#3831,.T.);
#3833=ADVANCED_FACE('',(#3832),#3798,.T.);
#3834=CARTESIAN_POINT('',(0.,0.,10.5));
#3835=DIRECTION('',(0.,0.,1.));
#3836=DIRECTION('',(1.,0.,0.));
#3837=AXIS2_PLACEMENT_3D('',#3834,#3835,#3836);
#3838=PLANE('',#3837);
#3839=ORIENTED_EDGE('',*,*,#3783,.F.);
#3840=CARTESIAN_POINT('',(-9.653716788,-4.110802428,10.5));
#3841=DIRECTION('',(1.,0.,-0.));
#3842=VECTOR('',#3841,32.);
#3843=LINE('',#3840,#3842);
#3844=EDGE_CURVE('',#3770,#3802,#3843,.T.);
#3845=ORIENTED_EDGE('',*,*,#3844,.T.);
#3846=ORIENTED_EDGE('',*,*,#3807,.F.);
#3847=CARTESIAN_POINT('',(13.616095195,11.348586998,10.5));
#3848=VERTEX_POINT('',#3847);
#3849=CARTESIAN_POINT('',(13.616095195,11.348586998,10.5));
#3850=DIRECTION('',(0.707106781,-0.707106781,-0.));
#3851=VECTOR('',#3850,12.346350297);
#3852=LINE('',#3849,#3851);
#3853=EDGE_CURVE('',#3848,#3800,#3852,.T.);
#3854=ORIENTED_EDGE('',*,*,#3853,.F.);
#3855=CARTESIAN_POINT('',(-0.92352877,11.348586998,10.5));
#3856=VERTEX_POINT('',#3855);
#3857=CARTESIAN_POINT('',(-0.92352877,11.348586998,10.5));
#3858=DIRECTION('',(1.,0.,-0.));
#3859=VECTOR('',#3858,14.539623964);
#3860=LINE('',#3857,#3859);
#3861=EDGE_CURVE('',#3856,#3848,#3860,.T.);
#3862=ORIENTED_EDGE('',*,*,#3861,.F.);
#3863=CARTESIAN_POINT('',(-9.653716788,2.61839898,10.5));
#3864=DIRECTION('',(0.707106781,0.707106781,0.));
#3865=VECTOR('',#3864,12.346350297);
#3866=LINE('',#3863,#3865);
#3867=EDGE_CURVE('',#3778,#3856,#3866,.T.);
#3868=ORIENTED_EDGE('',*,*,#3867,.F.);
#3869=EDGE_LOOP('',(#3839,#3845,#3846,#3854,#3862,#3868));
#3870=FACE_BOUND('',#3869,.T.);
#3871=ADVANCED_FACE('',(#3870),#3838,.T.);
#3872=CARTESIAN_POINT('',(0.,0.,0.));
#3873=DIRECTION('',(0.,0.,1.));
#3874=DIRECTION('',(1.,0.,0.));
#3875=AXIS2_PLACEMENT_3D('',#3872,#3873,#3874);
#3876=PLANE('',#3875);
#3877=CARTESIAN_POINT('',(-9.653716788,-4.110802428,0.));
#3878=DIRECTION('',(1.,0.,-0.));
#3879=VECTOR('',#3878,32.);
#3880=LINE('',#3877,#3879);
#3881=EDGE_CURVE('',#3760,#3810,#3880,.T.);
#3882=ORIENTED_EDGE('',*,*,#3881,.F.);
#3883=ORIENTED_EDGE('',*,*,#3767,.T.);
#3884=CARTESIAN_POINT('',(-0.92352877,11.348586998,0.));
#3885=VERTEX_POINT('',#3884);
#3886=CARTESIAN_POINT('',(-9.653716788,2.61839898,0.));
#3887=DIRECTION('',(0.707106781,0.707106781,0.));
#3888=VECTOR('',#3887,12.346350297);
#3889=LINE('',#3886,#3888);
#3890=EDGE_CURVE('',#3762,#3885,#3889,.T.);
#3891=ORIENTED_EDGE('',*,*,#3890,.T.);
#3892=CARTESIAN_POINT('',(13.616095195,11.348586998,0.));
#3893=VERTEX_POINT('',#3892);
#3894=CARTESIAN_POINT('',(-0.92352877,11.348586998,0.));
#3895=DIRECTION('',(1.,0.,-0.));
#3896=VECTOR('',#3895,14.539623964);
#3897=LINE('',#3894,#3896);
#3898=EDGE_CURVE('',#3885,#3893,#3897,.T.);
#3899=ORIENTED_EDGE('',*,*,#3898,.T.);
#3900=CARTESIAN_POINT('',(13.616095195,11.348586998,0.));
#3901=DIRECTION('',(0.707106781,-0.707106781,-0.));
#3902=VECTOR('',#3901,12.346350297);
#3903=LINE('',#3900,#3902);
#3904=EDGE_CURVE('',#3893,#3818,#3903,.T.);
#3905=ORIENTED_EDGE('',*,*,#3904,.T.);
#3906=ORIENTED_EDGE('',*,*,#3823,.T.);
#3907=EDGE_LOOP('',(#3882,#3883,#3891,#3899,#3905,#3906));
#3908=FACE_BOUND('',#3907,.T.);
#3909=ADVANCED_FACE('',(#3908),#3876,.F.);
#3910=CARTESIAN_POINT('',(22.346283212,2.61839898,10.5));
#3911=DIRECTION('',(0.707106781,0.707106781,0.));
#3912=DIRECTION('',(-0.707106781,0.707106781,0.));
#3913=AXIS2_PLACEMENT_3D('',#3910,#3911,#3912);
#3914=PLANE('',#3913);
#3915=ORIENTED_EDGE('',*,*,#3904,.F.);
#3916=CARTESIAN_POINT('',(13.616095195,11.348586998,10.5));
#3917=DIRECTION('',(0.,0.,-1.));
#3918=VECTOR('',#3917,10.5);
#3919=LINE('',#3916,#3918);
#3920=EDGE_CURVE('',#3848,#3893,#3919,.T.);
#3921=ORIENTED_EDGE('',*,*,#3920,.F.);
#3922=ORIENTED_EDGE('',*,*,#3853,.T.);
#3923=ORIENTED_EDGE('',*,*,#3829,.T.);
#3924=EDGE_LOOP('',(#3915,#3921,#3922,#3923));
#3925=FACE_BOUND('',#3924,.T.);
#3926=ADVANCED_FACE('',(#3925),#3914,.T.);
#3927=CARTESIAN_POINT('',(-9.653716788,11.348586998,10.5));
#3928=DIRECTION('',(0.,1.,0.));
#3929=DIRECTION('',(0.,0.,1.));
#3930=AXIS2_PLACEMENT_3D('',#3927,#3928,#3929);
#3931=PLANE('',#3930);
#3932=ORIENTED_EDGE('',*,*,#3898,.F.);
#3933=CARTESIAN_POINT('',(-0.92352877,11.348586998,10.5));
#3934=DIRECTION('',(0.,0.,-1.));
#3935=VECTOR('',#3934,10.5);
#3936=LINE('',#3933,#3935);
#3937=EDGE_CURVE('',#3856,#3885,#3936,.T.);
#3938=ORIENTED_EDGE('',*,*,#3937,.F.);
#3939=ORIENTED_EDGE('',*,*,#3861,.T.);
#3940=ORIENTED_EDGE('',*,*,#3920,.T.);
#3941=EDGE_LOOP('',(#3932,#3938,#3939,#3940));
#3942=FACE_BOUND('',#3941,.T.);
#3943=ADVANCED_FACE('',(#3942),#3931,.T.);
#3944=CARTESIAN_POINT('',(-9.653716788,2.61839898,10.5));
#3945=DIRECTION('',(-0.707106781,0.707106781,0.));
#3946=DIRECTION('',(-0.707106781,-0.707106781,0.));
#3947=AXIS2_PLACEMENT_3D('',#3944,#3945,#3946);
#3948=PLANE('',#3947);
#3949=ORIENTED_EDGE('',*,*,#3890,.F.);
#3950=ORIENTED_EDGE('',*,*,#3789,.F.);
#3951=ORIENTED_EDGE('',*,*,#3867,.T.);
#3952=ORIENTED_EDGE('',*,*,#3937,.T.);
#3953=EDGE_LOOP('',(#3949,#3950,#3951,#3952));
#3954=FACE_BOUND('',#3953,.T.);
#3955=ADVANCED_FACE('',(#3954),#3948,.T.);
#3956=CARTESIAN_POINT('',(-9.653716788,-4.110802428,-101.74396569));
#3957=DIRECTION('',(0.,-1.,0.));
#3958=DIRECTION('',(0.,0.,-1.));
#3959=AXIS2_PLACEMENT_3D('',#3956,#3957,#3958);
#3960=PLANE('',#3959);
#3961=ORIENTED_EDGE('',*,*,#3844,.F.);
#3962=ORIENTED_EDGE('',*,*,#3775,.F.);
#3963=ORIENTED_EDGE('',*,*,#3881,.T.);
#3964=ORIENTED_EDGE('',*,*,#3815,.T.);
#3965=EDGE_LOOP('',(#3961,#3962,#3963,#3964));
#3966=FACE_BOUND('',#3965,.T.);
#3967=ADVANCED_FACE('',(#3966),#3960,.T.);
#3968=CLOSED_SHELL('',(#3793,#3833,#3871,#3909,#3926,#3943,#3955,#3967));
#3969=MANIFOLD_SOLID_BREP('Solid 12',#3968);
#3753=STYLED_ITEM('',(),#3969);
#3971=CARTESIAN_POINT('',(22.346283212,11.348586998,10.5));
#3972=DIRECTION('',(1.,0.,0.));
#3973=DIRECTION('',(0.,0.,-1.));
#3974=AXIS2_PLACEMENT_3D('',#3971,#3972,#3973);
#3975=PLANE('',#3974);
#3976=CARTESIAN_POINT('',(22.346283212,-4.110802428,10.5));
#3977=VERTEX_POINT('',#3976);
#3978=CARTESIAN_POINT('',(22.346283212,-15.49726687,10.5));
#3979=VERTEX_POINT('',#3978);
#3980=CARTESIAN_POINT('',(22.346283212,-4.110802428,10.5));
#3981=DIRECTION('',(0.,-1.,0.));
#3982=VECTOR('',#3981,11.386464441);
#3983=LINE('',#3980,#3982);
#3984=EDGE_CURVE('',#3977,#3979,#3983,.T.);
#3985=ORIENTED_EDGE('',*,*,#3984,.T.);
#3986=CARTESIAN_POINT('',(22.346283212,-15.49726687,-0.));
#3987=VERTEX_POINT('',#3986);
#3988=CARTESIAN_POINT('',(22.346283212,-15.49726687,-0.));
#3989=DIRECTION('',(0.,0.,1.));
#3990=VECTOR('',#3989,10.5);
#3991=LINE('',#3988,#3990);
#3992=EDGE_CURVE('',#3987,#3979,#3991,.T.);
#3993=ORIENTED_EDGE('',*,*,#3992,.F.);
#3994=CARTESIAN_POINT('',(22.346283212,-4.110802428,0.));
#3995=VERTEX_POINT('',#3994);
#3996=CARTESIAN_POINT('',(22.346283212,-4.110802428,0.));
#3997=DIRECTION('',(0.,-1.,0.));
#3998=VECTOR('',#3997,11.386464441);
#3999=LINE('',#3996,#3998);
#4000=EDGE_CURVE('',#3995,#3987,#3999,.T.);
#4001=ORIENTED_EDGE('',*,*,#4000,.F.);
#4002=CARTESIAN_POINT('',(22.346283212,-4.110802428,10.5));
#4003=DIRECTION('',(0.,0.,-1.));
#4004=VECTOR('',#4003,10.5);
#4005=LINE('',#4002,#4004);
#4006=EDGE_CURVE('',#3977,#3995,#4005,.T.);
#4007=ORIENTED_EDGE('',*,*,#4006,.F.);
#4008=EDGE_LOOP('',(#3985,#3993,#4001,#4007));
#4009=FACE_BOUND('',#4008,.T.);
#4010=ADVANCED_FACE('',(#4009),#3975,.T.);
#4011=CARTESIAN_POINT('',(-9.653716788,-52.651413002,10.5));
#4012=DIRECTION('',(-1.,0.,0.));
#4013=DIRECTION('',(0.,0.,1.));
#4014=AXIS2_PLACEMENT_3D('',#4011,#4012,#4013);
#4015=PLANE('',#4014);
#4016=CARTESIAN_POINT('',(-9.653716788,-15.49726687,0.));
#4017=VERTEX_POINT('',#4016);
#4018=CARTESIAN_POINT('',(-9.653716788,-4.110802428,0.));
#4019=VERTEX_POINT('',#4018);
#4020=CARTESIAN_POINT('',(-9.653716788,-15.49726687,0.));
#4021=DIRECTION('',(0.,1.,0.));
#4022=VECTOR('',#4021,11.386464441);
#4023=LINE('',#4020,#4022);
#4024=EDGE_CURVE('',#4017,#4019,#4023,.T.);
#4025=ORIENTED_EDGE('',*,*,#4024,.F.);
#4026=CARTESIAN_POINT('',(-9.653716788,-15.49726687,10.5));
#4027=VERTEX_POINT('',#4026);
#4028=CARTESIAN_POINT('',(-9.653716788,-15.49726687,0.));
#4029=DIRECTION('',(0.,0.,1.));
#4030=VECTOR('',#4029,10.5);
#4031=LINE('',#4028,#4030);
#4032=EDGE_CURVE('',#4017,#4027,#4031,.T.);
#4033=ORIENTED_EDGE('',*,*,#4032,.T.);
#4034=CARTESIAN_POINT('',(-9.653716788,-4.110802428,10.5));
#4035=VERTEX_POINT('',#4034);
#4036=CARTESIAN_POINT('',(-9.653716788,-15.49726687,10.5));
#4037=DIRECTION('',(0.,1.,0.));
#4038=VECTOR('',#4037,11.386464441);
#4039=LINE('',#4036,#4038);
#4040=EDGE_CURVE('',#4027,#4035,#4039,.T.);
#4041=ORIENTED_EDGE('',*,*,#4040,.T.);
#4042=CARTESIAN_POINT('',(-9.653716788,-4.110802428,0.));
#4043=DIRECTION('',(0.,0.,1.));
#4044=VECTOR('',#4043,10.5);
#4045=LINE('',#4042,#4044);
#4046=EDGE_CURVE('',#4019,#4035,#4045,.T.);
#4047=ORIENTED_EDGE('',*,*,#4046,.F.);
#4048=EDGE_LOOP('',(#4025,#4033,#4041,#4047));
#4049=FACE_BOUND('',#4048,.T.);
#4050=ADVANCED_FACE('',(#4049),#4015,.T.);
#4051=CARTESIAN_POINT('',(0.,0.,10.5));
#4052=DIRECTION('',(0.,0.,1.));
#4053=DIRECTION('',(1.,0.,0.));
#4054=AXIS2_PLACEMENT_3D('',#4051,#4052,#4053);
#4055=PLANE('',#4054);
#4056=ORIENTED_EDGE('',*,*,#4040,.F.);
#4057=CARTESIAN_POINT('',(-9.653716788,-15.49726687,10.5));
#4058=DIRECTION('',(1.,0.,-0.));
#4059=VECTOR('',#4058,32.);
#4060=LINE('',#4057,#4059);
#4061=EDGE_CURVE('',#4027,#3979,#4060,.T.);
#4062=ORIENTED_EDGE('',*,*,#4061,.T.);
#4063=ORIENTED_EDGE('',*,*,#3984,.F.);
#4064=CARTESIAN_POINT('',(-9.653716788,-4.110802428,10.5));
#4065=DIRECTION('',(1.,0.,-0.));
#4066=VECTOR('',#4065,32.);
#4067=LINE('',#4064,#4066);
#4068=EDGE_CURVE('',#4035,#3977,#4067,.T.);
#4069=ORIENTED_EDGE('',*,*,#4068,.F.);
#4070=EDGE_LOOP('',(#4056,#4062,#4063,#4069));
#4071=FACE_BOUND('',#4070,.T.);
#4072=ADVANCED_FACE('',(#4071),#4055,.T.);
#4073=CARTESIAN_POINT('',(0.,0.,0.));
#4074=DIRECTION('',(0.,0.,1.));
#4075=DIRECTION('',(1.,0.,0.));
#4076=AXIS2_PLACEMENT_3D('',#4073,#4074,#4075);
#4077=PLANE('',#4076);
#4078=CARTESIAN_POINT('',(-9.653716788,-15.49726687,0.));
#4079=DIRECTION('',(1.,0.,-0.));
#4080=VECTOR('',#4079,32.);
#4081=LINE('',#4078,#4080);
#4082=EDGE_CURVE('',#4017,#3987,#4081,.T.);
#4083=ORIENTED_EDGE('',*,*,#4082,.F.);
#4084=ORIENTED_EDGE('',*,*,#4024,.T.);
#4085=CARTESIAN_POINT('',(-9.653716788,-4.110802428,0.));
#4086=DIRECTION('',(1.,0.,-0.));
#4087=VECTOR('',#4086,32.);
#4088=LINE('',#4085,#4087);
#4089=EDGE_CURVE('',#4019,#3995,#4088,.T.);
#4090=ORIENTED_EDGE('',*,*,#4089,.T.);
#4091=ORIENTED_EDGE('',*,*,#4000,.T.);
#4092=EDGE_LOOP('',(#4083,#4084,#4090,#4091));
#4093=FACE_BOUND('',#4092,.T.);
#4094=ADVANCED_FACE('',(#4093),#4077,.F.);
#4095=CARTESIAN_POINT('',(-9.653716788,-4.110802428,-101.74396569));
#4096=DIRECTION('',(0.,-1.,0.));
#4097=DIRECTION('',(0.,0.,-1.));
#4098=AXIS2_PLACEMENT_3D('',#4095,#4096,#4097);
#4099=PLANE('',#4098);
#4100=ORIENTED_EDGE('',*,*,#4068,.T.);
#4101=ORIENTED_EDGE('',*,*,#4006,.T.);
#4102=ORIENTED_EDGE('',*,*,#4089,.F.);
#4103=ORIENTED_EDGE('',*,*,#4046,.T.);
#4104=EDGE_LOOP('',(#4100,#4101,#4102,#4103));
#4105=FACE_BOUND('',#4104,.T.);
#4106=ADVANCED_FACE('',(#4105),#4099,.F.);
#4107=CARTESIAN_POINT('',(-9.653716788,-15.49726687,-62.214938445));
#4108=DIRECTION('',(0.,-1.,0.));
#4109=DIRECTION('',(0.,0.,-1.));
#4110=AXIS2_PLACEMENT_3D('',#4107,#4108,#4109);
#4111=PLANE('',#4110);
#4112=ORIENTED_EDGE('',*,*,#4061,.F.);
#4113=ORIENTED_EDGE('',*,*,#4032,.F.);
#4114=ORIENTED_EDGE('',*,*,#4082,.T.);
#4115=ORIENTED_EDGE('',*,*,#3992,.T.);
#4116=EDGE_LOOP('',(#4112,#4113,#4114,#4115));
#4117=FACE_BOUND('',#4116,.T.);
#4118=ADVANCED_FACE('',(#4117),#4111,.T.);
#4119=CLOSED_SHELL('',(#4010,#4050,#4072,#4094,#4106,#4118));
#4120=MANIFOLD_SOLID_BREP('Solid 11',#4119);
#3970=STYLED_ITEM('',(),#4120);
#4122=CARTESIAN_POINT('',(-9.653716788,-28.227256671,-72.490005732));
#4123=DIRECTION('',(-0.,-1.,0.));
#4124=DIRECTION('',(1.,-0.,0.));
#4125=AXIS2_PLACEMENT_3D('',#4122,#4123,#4124);
#4126=PLANE('',#4125);
#4127=CARTESIAN_POINT('',(-9.653716788,-28.227256671,10.5));
#4128=VERTEX_POINT('',#4127);
#4129=CARTESIAN_POINT('',(22.346283212,-28.227256671,10.5));
#4130=VERTEX_POINT('',#4129);
#4131=CARTESIAN_POINT('',(-9.653716788,-28.227256671,10.5));
#4132=DIRECTION('',(1.,-0.,0.));
#4133=VECTOR('',#4132,32.);
#4134=LINE('',#4131,#4133);
#4135=EDGE_CURVE('',#4128,#4130,#4134,.T.);
#4136=ORIENTED_EDGE('',*,*,#4135,.F.);
#4137=CARTESIAN_POINT('',(-9.653716788,-28.227256671,0.));
#4138=VERTEX_POINT('',#4137);
#4139=CARTESIAN_POINT('',(-9.653716788,-28.227256671,0.));
#4140=DIRECTION('',(0.,0.,1.));
#4141=VECTOR('',#4140,10.5);
#4142=LINE('',#4139,#4141);
#4143=EDGE_CURVE('',#4138,#4128,#4142,.T.);
#4144=ORIENTED_EDGE('',*,*,#4143,.F.);
#4145=CARTESIAN_POINT('',(22.346283212,-28.227256671,0.));
#4146=VERTEX_POINT('',#4145);
#4147=CARTESIAN_POINT('',(-9.653716788,-28.227256671,0.));
#4148=DIRECTION('',(1.,-0.,0.));
#4149=VECTOR('',#4148,32.);
#4150=LINE('',#4147,#4149);
#4151=EDGE_CURVE('',#4138,#4146,#4150,.T.);
#4152=ORIENTED_EDGE('',*,*,#4151,.T.);
#4153=CARTESIAN_POINT('',(22.346283212,-28.227256671,0.));
#4154=DIRECTION('',(0.,0.,1.));
#4155=VECTOR('',#4154,10.5);
#4156=LINE('',#4153,#4155);
#4157=EDGE_CURVE('',#4146,#4130,#4156,.T.);
#4158=ORIENTED_EDGE('',*,*,#4157,.T.);
#4159=EDGE_LOOP('',(#4136,#4144,#4152,#4158));
#4160=FACE_BOUND('',#4159,.T.);
#4161=ADVANCED_FACE('',(#4160),#4126,.T.);
#4162=CARTESIAN_POINT('',(0.,0.,10.5));
#4163=DIRECTION('',(0.,0.,1.));
#4164=DIRECTION('',(1.,0.,0.));
#4165=AXIS2_PLACEMENT_3D('',#4162,#4163,#4164);
#4166=PLANE('',#4165);
#4167=CARTESIAN_POINT('',(-9.653716788,-15.49726687,10.5));
#4168=VERTEX_POINT('',#4167);
#4169=CARTESIAN_POINT('',(22.346283212,-15.49726687,10.5));
#4170=VERTEX_POINT('',#4169);
#4171=CARTESIAN_POINT('',(-9.653716788,-15.49726687,10.5));
#4172=DIRECTION('',(1.,0.,-0.));
#4173=VECTOR('',#4172,32.);
#4174=LINE('',#4171,#4173);
#4175=EDGE_CURVE('',#4168,#4170,#4174,.T.);
#4176=ORIENTED_EDGE('',*,*,#4175,.F.);
#4177=CARTESIAN_POINT('',(-9.653716788,-28.227256671,10.5));
#4178=DIRECTION('',(0.,1.,0.));
#4179=VECTOR('',#4178,12.729989801);
#4180=LINE('',#4177,#4179);
#4181=EDGE_CURVE('',#4128,#4168,#4180,.T.);
#4182=ORIENTED_EDGE('',*,*,#4181,.F.);
#4183=ORIENTED_EDGE('',*,*,#4135,.T.);
#4184=CARTESIAN_POINT('',(22.346283212,-15.49726687,10.5));
#4185=DIRECTION('',(0.,-1.,0.));
#4186=VECTOR('',#4185,12.729989801);
#4187=LINE('',#4184,#4186);
#4188=EDGE_CURVE('',#4170,#4130,#4187,.T.);
#4189=ORIENTED_EDGE('',*,*,#4188,.F.);
#4190=EDGE_LOOP('',(#4176,#4182,#4183,#4189));
#4191=FACE_BOUND('',#4190,.T.);
#4192=ADVANCED_FACE('',(#4191),#4166,.T.);
#4193=CARTESIAN_POINT('',(0.,0.,0.));
#4194=DIRECTION('',(0.,0.,1.));
#4195=DIRECTION('',(1.,0.,0.));
#4196=AXIS2_PLACEMENT_3D('',#4193,#4194,#4195);
#4197=PLANE('',#4196);
#4198=CARTESIAN_POINT('',(-9.653716788,-15.49726687,-0.));
#4199=VERTEX_POINT('',#4198);
#4200=CARTESIAN_POINT('',(-9.653716788,-28.227256671,0.));
#4201=DIRECTION('',(0.,1.,0.));
#4202=VECTOR('',#4201,12.729989801);
#4203=LINE('',#4200,#4202);
#4204=EDGE_CURVE('',#4138,#4199,#4203,.T.);
#4205=ORIENTED_EDGE('',*,*,#4204,.T.);
#4206=CARTESIAN_POINT('',(22.346283212,-15.49726687,0.));
#4207=VERTEX_POINT('',#4206);
#4208=CARTESIAN_POINT('',(-9.653716788,-15.49726687,0.));
#4209=DIRECTION('',(1.,0.,-0.));
#4210=VECTOR('',#4209,32.);
#4211=LINE('',#4208,#4210);
#4212=EDGE_CURVE('',#4199,#4207,#4211,.T.);
#4213=ORIENTED_EDGE('',*,*,#4212,.T.);
#4214=CARTESIAN_POINT('',(22.346283212,-15.49726687,0.));
#4215=DIRECTION('',(0.,-1.,0.));
#4216=VECTOR('',#4215,12.729989801);
#4217=LINE('',#4214,#4216);
#4218=EDGE_CURVE('',#4207,#4146,#4217,.T.);
#4219=ORIENTED_EDGE('',*,*,#4218,.T.);
#4220=ORIENTED_EDGE('',*,*,#4151,.F.);
#4221=EDGE_LOOP('',(#4205,#4213,#4219,#4220));
#4222=FACE_BOUND('',#4221,.T.);
#4223=ADVANCED_FACE('',(#4222),#4197,.F.);
#4224=CARTESIAN_POINT('',(-9.653716788,-52.651413002,10.5));
#4225=DIRECTION('',(-1.,0.,0.));
#4226=DIRECTION('',(0.,0.,1.));
#4227=AXIS2_PLACEMENT_3D('',#4224,#4225,#4226);
#4228=PLANE('',#4227);
#4229=CARTESIAN_POINT('',(-9.653716788,-15.49726687,-0.));
#4230=DIRECTION('',(0.,0.,1.));
#4231=VECTOR('',#4230,10.5);
#4232=LINE('',#4229,#4231);
#4233=EDGE_CURVE('',#4199,#4168,#4232,.T.);
#4234=ORIENTED_EDGE('',*,*,#4233,.F.);
#4235=ORIENTED_EDGE('',*,*,#4204,.F.);
#4236=ORIENTED_EDGE('',*,*,#4143,.T.);
#4237=ORIENTED_EDGE('',*,*,#4181,.T.);
#4238=EDGE_LOOP('',(#4234,#4235,#4236,#4237));
#4239=FACE_BOUND('',#4238,.T.);
#4240=ADVANCED_FACE('',(#4239),#4228,.T.);
#4241=CARTESIAN_POINT('',(22.346283212,11.348586998,10.5));
#4242=DIRECTION('',(1.,0.,0.));
#4243=DIRECTION('',(0.,0.,-1.));
#4244=AXIS2_PLACEMENT_3D('',#4241,#4242,#4243);
#4245=PLANE('',#4244);
#4246=CARTESIAN_POINT('',(22.346283212,-15.49726687,10.5));
#4247=DIRECTION('',(0.,0.,-1.));
#4248=VECTOR('',#4247,10.5);
#4249=LINE('',#4246,#4248);
#4250=EDGE_CURVE('',#4170,#4207,#4249,.T.);
#4251=ORIENTED_EDGE('',*,*,#4250,.F.);
#4252=ORIENTED_EDGE('',*,*,#4188,.T.);
#4253=ORIENTED_EDGE('',*,*,#4157,.F.);
#4254=ORIENTED_EDGE('',*,*,#4218,.F.);
#4255=EDGE_LOOP('',(#4251,#4252,#4253,#4254));
#4256=FACE_BOUND('',#4255,.T.);
#4257=ADVANCED_FACE('',(#4256),#4245,.T.);
#4258=CARTESIAN_POINT('',(-9.653716788,-15.49726687,-62.214938445));
#4259=DIRECTION('',(0.,-1.,0.));
#4260=DIRECTION('',(0.,0.,-1.));
#4261=AXIS2_PLACEMENT_3D('',#4258,#4259,#4260);
#4262=PLANE('',#4261);
#4263=ORIENTED_EDGE('',*,*,#4175,.T.);
#4264=ORIENTED_EDGE('',*,*,#4250,.T.);
#4265=ORIENTED_EDGE('',*,*,#4212,.F.);
#4266=ORIENTED_EDGE('',*,*,#4233,.T.);
#4267=EDGE_LOOP('',(#4263,#4264,#4265,#4266));
#4268=FACE_BOUND('',#4267,.T.);
#4269=ADVANCED_FACE('',(#4268),#4262,.F.);
#4270=CLOSED_SHELL('',(#4161,#4192,#4223,#4240,#4257,#4269));
#4271=MANIFOLD_SOLID_BREP('Solid 10',#4270);
#4121=STYLED_ITEM('',(),#4271);
#4273=CARTESIAN_POINT('',(-9.653716788,-38.987206696,-84.845471725));
#4274=DIRECTION('',(0.,-1.,0.));
#4275=DIRECTION('',(0.,0.,-1.));
#4276=AXIS2_PLACEMENT_3D('',#4273,#4274,#4275);
#4277=PLANE('',#4276);
#4278=CARTESIAN_POINT('',(-9.653716788,-38.987206696,0.));
#4279=VERTEX_POINT('',#4278);
#4280=CARTESIAN_POINT('',(-9.653716788,-38.987206696,10.5));
#4281=VERTEX_POINT('',#4280);
#4282=CARTESIAN_POINT('',(-9.653716788,-38.987206696,0.));
#4283=DIRECTION('',(0.,0.,1.));
#4284=VECTOR('',#4283,10.5);
#4285=LINE('',#4282,#4284);
#4286=EDGE_CURVE('',#4279,#4281,#4285,.T.);
#4287=ORIENTED_EDGE('',*,*,#4286,.F.);
#4288=CARTESIAN_POINT('',(22.346283212,-38.987206696,0.));
#4289=VERTEX_POINT('',#4288);
#4290=CARTESIAN_POINT('',(-9.653716788,-38.987206696,0.));
#4291=DIRECTION('',(1.,0.,-0.));
#4292=VECTOR('',#4291,32.);
#4293=LINE('',#4290,#4292);
#4294=EDGE_CURVE('',#4279,#4289,#4293,.T.);
#4295=ORIENTED_EDGE('',*,*,#4294,.T.);
#4296=CARTESIAN_POINT('',(22.346283212,-38.987206696,10.5));
#4297=VERTEX_POINT('',#4296);
#4298=CARTESIAN_POINT('',(22.346283212,-38.987206696,0.));
#4299=DIRECTION('',(0.,0.,1.));
#4300=VECTOR('',#4299,10.5);
#4301=LINE('',#4298,#4300);
#4302=EDGE_CURVE('',#4289,#4297,#4301,.T.);
#4303=ORIENTED_EDGE('',*,*,#4302,.T.);
#4304=CARTESIAN_POINT('',(-9.653716788,-38.987206696,10.5));
#4305=DIRECTION('',(1.,0.,-0.));
#4306=VECTOR('',#4305,32.);
#4307=LINE('',#4304,#4306);
#4308=EDGE_CURVE('',#4281,#4297,#4307,.T.);
#4309=ORIENTED_EDGE('',*,*,#4308,.F.);
#4310=EDGE_LOOP('',(#4287,#4295,#4303,#4309));
#4311=FACE_BOUND('',#4310,.T.);
#4312=ADVANCED_FACE('',(#4311),#4277,.T.);
#4313=CARTESIAN_POINT('',(0.,0.,10.5));
#4314=DIRECTION('',(0.,0.,1.));
#4315=DIRECTION('',(1.,0.,0.));
#4316=AXIS2_PLACEMENT_3D('',#4313,#4314,#4315);
#4317=PLANE('',#4316);
#4318=CARTESIAN_POINT('',(-9.653716788,-28.227256671,10.5));
#4319=VERTEX_POINT('',#4318);
#4320=CARTESIAN_POINT('',(22.346283212,-28.227256671,10.5));
#4321=VERTEX_POINT('',#4320);
#4322=CARTESIAN_POINT('',(-9.653716788,-28.227256671,10.5));
#4323=DIRECTION('',(1.,-0.,0.));
#4324=VECTOR('',#4323,32.);
#4325=LINE('',#4322,#4324);
#4326=EDGE_CURVE('',#4319,#4321,#4325,.T.);
#4327=ORIENTED_EDGE('',*,*,#4326,.F.);
#4328=CARTESIAN_POINT('',(-9.653716788,-38.987206696,10.5));
#4329=DIRECTION('',(0.,1.,0.));
#4330=VECTOR('',#4329,10.759950025);
#4331=LINE('',#4328,#4330);
#4332=EDGE_CURVE('',#4281,#4319,#4331,.T.);
#4333=ORIENTED_EDGE('',*,*,#4332,.F.);
#4334=ORIENTED_EDGE('',*,*,#4308,.T.);
#4335=CARTESIAN_POINT('',(22.346283212,-28.227256671,10.5));
#4336=DIRECTION('',(0.,-1.,0.));
#4337=VECTOR('',#4336,10.759950025);
#4338=LINE('',#4335,#4337);
#4339=EDGE_CURVE('',#4321,#4297,#4338,.T.);
#4340=ORIENTED_EDGE('',*,*,#4339,.F.);
#4341=EDGE_LOOP('',(#4327,#4333,#4334,#4340));
#4342=FACE_BOUND('',#4341,.T.);
#4343=ADVANCED_FACE('',(#4342),#4317,.T.);
#4344=CARTESIAN_POINT('',(0.,0.,0.));
#4345=DIRECTION('',(0.,0.,1.));
#4346=DIRECTION('',(1.,0.,0.));
#4347=AXIS2_PLACEMENT_3D('',#4344,#4345,#4346);
#4348=PLANE('',#4347);
#4349=CARTESIAN_POINT('',(-9.653716788,-28.227256671,0.));
#4350=VERTEX_POINT('',#4349);
#4351=CARTESIAN_POINT('',(-9.653716788,-38.987206696,0.));
#4352=DIRECTION('',(0.,1.,0.));
#4353=VECTOR('',#4352,10.759950025);
#4354=LINE('',#4351,#4353);
#4355=EDGE_CURVE('',#4279,#4350,#4354,.T.);
#4356=ORIENTED_EDGE('',*,*,#4355,.T.);
#4357=CARTESIAN_POINT('',(22.346283212,-28.227256671,0.));
#4358=VERTEX_POINT('',#4357);
#4359=CARTESIAN_POINT('',(-9.653716788,-28.227256671,0.));
#4360=DIRECTION('',(1.,-0.,0.));
#4361=VECTOR('',#4360,32.);
#4362=LINE('',#4359,#4361);
#4363=EDGE_CURVE('',#4350,#4358,#4362,.T.);
#4364=ORIENTED_EDGE('',*,*,#4363,.T.);
#4365=CARTESIAN_POINT('',(22.346283212,-28.227256671,0.));
#4366=DIRECTION('',(0.,-1.,0.));
#4367=VECTOR('',#4366,10.759950025);
#4368=LINE('',#4365,#4367);
#4369=EDGE_CURVE('',#4358,#4289,#4368,.T.);
#4370=ORIENTED_EDGE('',*,*,#4369,.T.);
#4371=ORIENTED_EDGE('',*,*,#4294,.F.);
#4372=EDGE_LOOP('',(#4356,#4364,#4370,#4371));
#4373=FACE_BOUND('',#4372,.T.);
#4374=ADVANCED_FACE('',(#4373),#4348,.F.);
#4375=CARTESIAN_POINT('',(-9.653716788,-52.651413002,10.5));
#4376=DIRECTION('',(-1.,0.,0.));
#4377=DIRECTION('',(0.,0.,1.));
#4378=AXIS2_PLACEMENT_3D('',#4375,#4376,#4377);
#4379=PLANE('',#4378);
#4380=CARTESIAN_POINT('',(-9.653716788,-28.227256671,0.));
#4381=DIRECTION('',(0.,0.,1.));
#4382=VECTOR('',#4381,10.5);
#4383=LINE('',#4380,#4382);
#4384=EDGE_CURVE('',#4350,#4319,#4383,.T.);
#4385=ORIENTED_EDGE('',*,*,#4384,.F.);
#4386=ORIENTED_EDGE('',*,*,#4355,.F.);
#4387=ORIENTED_EDGE('',*,*,#4286,.T.);
#4388=ORIENTED_EDGE('',*,*,#4332,.T.);
#4389=EDGE_LOOP('',(#4385,#4386,#4387,#4388));
#4390=FACE_BOUND('',#4389,.T.);
#4391=ADVANCED_FACE('',(#4390),#4379,.T.);
#4392=CARTESIAN_POINT('',(22.346283212,11.348586998,10.5));
#4393=DIRECTION('',(1.,0.,0.));
#4394=DIRECTION('',(0.,0.,-1.));
#4395=AXIS2_PLACEMENT_3D('',#4392,#4393,#4394);
#4396=PLANE('',#4395);
#4397=CARTESIAN_POINT('',(22.346283212,-28.227256671,10.5));
#4398=DIRECTION('',(0.,0.,-1.));
#4399=VECTOR('',#4398,10.5);
#4400=LINE('',#4397,#4399);
#4401=EDGE_CURVE('',#4321,#4358,#4400,.T.);
#4402=ORIENTED_EDGE('',*,*,#4401,.F.);
#4403=ORIENTED_EDGE('',*,*,#4339,.T.);
#4404=ORIENTED_EDGE('',*,*,#4302,.F.);
#4405=ORIENTED_EDGE('',*,*,#4369,.F.);
#4406=EDGE_LOOP('',(#4402,#4403,#4404,#4405));
#4407=FACE_BOUND('',#4406,.T.);
#4408=ADVANCED_FACE('',(#4407),#4396,.T.);
#4409=CARTESIAN_POINT('',(-9.653716788,-28.227256671,-72.490005732));
#4410=DIRECTION('',(-0.,-1.,0.));
#4411=DIRECTION('',(1.,-0.,0.));
#4412=AXIS2_PLACEMENT_3D('',#4409,#4410,#4411);
#4413=PLANE('',#4412);
#4414=ORIENTED_EDGE('',*,*,#4326,.T.);
#4415=ORIENTED_EDGE('',*,*,#4401,.T.);
#4416=ORIENTED_EDGE('',*,*,#4363,.F.);
#4417=ORIENTED_EDGE('',*,*,#4384,.T.);
#4418=EDGE_LOOP('',(#4414,#4415,#4416,#4417));
#4419=FACE_BOUND('',#4418,.T.);
#4420=ADVANCED_FACE('',(#4419),#4413,.F.);
#4421=CLOSED_SHELL('',(#4312,#4343,#4374,#4391,#4408,#4420));
#4422=MANIFOLD_SOLID_BREP('Solid 9',#4421);
#4272=STYLED_ITEM('',(),#4422);
#4424=CARTESIAN_POINT('',(-9.653716788,-43.921224985,10.5));
#4425=DIRECTION('',(-0.707106781,-0.707106781,0.));
#4426=DIRECTION('',(0.707106781,-0.707106781,0.));
#4427=AXIS2_PLACEMENT_3D('',#4424,#4425,#4426);
#4428=PLANE('',#4427);
#4429=CARTESIAN_POINT('',(-0.92352877,-52.651413002,0.));
#4430=VERTEX_POINT('',#4429);
#4431=CARTESIAN_POINT('',(-9.653716788,-43.921224985,0.));
#4432=VERTEX_POINT('',#4431);
#4433=CARTESIAN_POINT('',(-0.92352877,-52.651413002,0.));
#4434=DIRECTION('',(-0.707106781,0.707106781,-0.));
#4435=VECTOR('',#4434,12.346350297);
#4436=LINE('',#4433,#4435);
#4437=EDGE_CURVE('',#4430,#4432,#4436,.T.);
#4438=ORIENTED_EDGE('',*,*,#4437,.F.);
#4439=CARTESIAN_POINT('',(-0.92352877,-52.651413002,10.5));
#4440=VERTEX_POINT('',#4439);
#4441=CARTESIAN_POINT('',(-0.92352877,-52.651413002,10.5));
#4442=DIRECTION('',(0.,0.,-1.));
#4443=VECTOR('',#4442,10.5);
#4444=LINE('',#4441,#4443);
#4445=EDGE_CURVE('',#4440,#4430,#4444,.T.);
#4446=ORIENTED_EDGE('',*,*,#4445,.F.);
#4447=CARTESIAN_POINT('',(-9.653716788,-43.921224985,10.5));
#4448=VERTEX_POINT('',#4447);
#4449=CARTESIAN_POINT('',(-0.92352877,-52.651413002,10.5));
#4450=DIRECTION('',(-0.707106781,0.707106781,-0.));
#4451=VECTOR('',#4450,12.346350297);
#4452=LINE('',#4449,#4451);
#4453=EDGE_CURVE('',#4440,#4448,#4452,.T.);
#4454=ORIENTED_EDGE('',*,*,#4453,.T.);
#4455=CARTESIAN_POINT('',(-9.653716788,-43.921224985,10.5));
#4456=DIRECTION('',(0.,0.,-1.));
#4457=VECTOR('',#4456,10.5);
#4458=LINE('',#4455,#4457);
#4459=EDGE_CURVE('',#4448,#4432,#4458,.T.);
#4460=ORIENTED_EDGE('',*,*,#4459,.T.);
#4461=EDGE_LOOP('',(#4438,#4446,#4454,#4460));
#4462=FACE_BOUND('',#4461,.T.);
#4463=ADVANCED_FACE('',(#4462),#4428,.T.);
#4464=CARTESIAN_POINT('',(22.346283212,-52.651413002,10.5));
#4465=DIRECTION('',(0.,-1.,0.));
#4466=DIRECTION('',(0.,0.,-1.));
#4467=AXIS2_PLACEMENT_3D('',#4464,#4465,#4466);
#4468=PLANE('',#4467);
#4469=CARTESIAN_POINT('',(13.616095195,-52.651413002,0.));
#4470=VERTEX_POINT('',#4469);
#4471=CARTESIAN_POINT('',(13.616095195,-52.651413002,0.));
#4472=DIRECTION('',(-1.,0.,0.));
#4473=VECTOR('',#4472,14.539623964);
#4474=LINE('',#4471,#4473);
#4475=EDGE_CURVE('',#4470,#4430,#4474,.T.);
#4476=ORIENTED_EDGE('',*,*,#4475,.F.);
#4477=CARTESIAN_POINT('',(13.616095195,-52.651413002,10.5));
#4478=VERTEX_POINT('',#4477);
#4479=CARTESIAN_POINT('',(13.616095195,-52.651413002,10.5));
#4480=DIRECTION('',(0.,0.,-1.));
#4481=VECTOR('',#4480,10.5);
#4482=LINE('',#4479,#4481);
#4483=EDGE_CURVE('',#4478,#4470,#4482,.T.);
#4484=ORIENTED_EDGE('',*,*,#4483,.F.);
#4485=CARTESIAN_POINT('',(13.616095195,-52.651413002,10.5));
#4486=DIRECTION('',(-1.,0.,0.));
#4487=VECTOR('',#4486,14.539623964);
#4488=LINE('',#4485,#4487);
#4489=EDGE_CURVE('',#4478,#4440,#4488,.T.);
#4490=ORIENTED_EDGE('',*,*,#4489,.T.);
#4491=ORIENTED_EDGE('',*,*,#4445,.T.);
#4492=EDGE_LOOP('',(#4476,#4484,#4490,#4491));
#4493=FACE_BOUND('',#4492,.T.);
#4494=ADVANCED_FACE('',(#4493),#4468,.T.);
#4495=CARTESIAN_POINT('',(13.616095195,-52.651413002,10.5));
#4496=DIRECTION('',(0.707106781,-0.707106781,0.));
#4497=DIRECTION('',(0.707106781,0.707106781,0.));
#4498=AXIS2_PLACEMENT_3D('',#4495,#4496,#4497);
#4499=PLANE('',#4498);
#4500=CARTESIAN_POINT('',(22.346283212,-43.921224985,0.));
#4501=VERTEX_POINT('',#4500);
#4502=CARTESIAN_POINT('',(22.346283212,-43.921224985,0.));
#4503=DIRECTION('',(-0.707106781,-0.707106781,-0.));
#4504=VECTOR('',#4503,12.346350297);
#4505=LINE('',#4502,#4504);
#4506=EDGE_CURVE('',#4501,#4470,#4505,.T.);
#4507=ORIENTED_EDGE('',*,*,#4506,.F.);
#4508=CARTESIAN_POINT('',(22.346283212,-43.921224985,10.5));
#4509=VERTEX_POINT('',#4508);
#4510=CARTESIAN_POINT('',(22.346283212,-43.921224985,10.5));
#4511=DIRECTION('',(0.,0.,-1.));
#4512=VECTOR('',#4511,10.5);
#4513=LINE('',#4510,#4512);
#4514=EDGE_CURVE('',#4509,#4501,#4513,.T.);
#4515=ORIENTED_EDGE('',*,*,#4514,.F.);
#4516=CARTESIAN_POINT('',(22.346283212,-43.921224985,10.5));
#4517=DIRECTION('',(-0.707106781,-0.707106781,-0.));
#4518=VECTOR('',#4517,12.346350297);
#4519=LINE('',#4516,#4518);
#4520=EDGE_CURVE('',#4509,#4478,#4519,.T.);
#4521=ORIENTED_EDGE('',*,*,#4520,.T.);
#4522=ORIENTED_EDGE('',*,*,#4483,.T.);
#4523=EDGE_LOOP('',(#4507,#4515,#4521,#4522));
#4524=FACE_BOUND('',#4523,.T.);
#4525=ADVANCED_FACE('',(#4524),#4499,.T.);
#4526=CARTESIAN_POINT('',(0.,0.,0.));
#4527=DIRECTION('',(0.,0.,1.));
#4528=DIRECTION('',(1.,0.,0.));
#4529=AXIS2_PLACEMENT_3D('',#4526,#4527,#4528);
#4530=PLANE('',#4529);
#4531=CARTESIAN_POINT('',(-9.653716788,-38.987206696,0.));
#4532=VERTEX_POINT('',#4531);
#4533=CARTESIAN_POINT('',(-9.653716788,-43.921224985,0.));
#4534=DIRECTION('',(0.,1.,0.));
#4535=VECTOR('',#4534,4.934018289);
#4536=LINE('',#4533,#4535);
#4537=EDGE_CURVE('',#4432,#4532,#4536,.T.);
#4538=ORIENTED_EDGE('',*,*,#4537,.T.);
#4539=CARTESIAN_POINT('',(22.346283212,-38.987206696,0.));
#4540=VERTEX_POINT('',#4539);
#4541=CARTESIAN_POINT('',(-9.653716788,-38.987206696,0.));
#4542=DIRECTION('',(1.,0.,-0.));
#4543=VECTOR('',#4542,32.);
#4544=LINE('',#4541,#4543);
#4545=EDGE_CURVE('',#4532,#4540,#4544,.T.);
#4546=ORIENTED_EDGE('',*,*,#4545,.T.);
#4547=CARTESIAN_POINT('',(22.346283212,-38.987206696,0.));
#4548=DIRECTION('',(0.,-1.,0.));
#4549=VECTOR('',#4548,4.934018289);
#4550=LINE('',#4547,#4549);
#4551=EDGE_CURVE('',#4540,#4501,#4550,.T.);
#4552=ORIENTED_EDGE('',*,*,#4551,.T.);
#4553=ORIENTED_EDGE('',*,*,#4506,.T.);
#4554=ORIENTED_EDGE('',*,*,#4475,.T.);
#4555=ORIENTED_EDGE('',*,*,#4437,.T.);
#4556=EDGE_LOOP('',(#4538,#4546,#4552,#4553,#4554,#4555));
#4557=FACE_BOUND('',#4556,.T.);
#4558=ADVANCED_FACE('',(#4557),#4530,.F.);
#4559=CARTESIAN_POINT('',(0.,0.,10.5));
#4560=DIRECTION('',(0.,0.,1.));
#4561=DIRECTION('',(1.,0.,0.));
#4562=AXIS2_PLACEMENT_3D('',#4559,#4560,#4561);
#4563=PLANE('',#4562);
#4564=CARTESIAN_POINT('',(-9.653716788,-38.987206696,10.5));
#4565=VERTEX_POINT('',#4564);
#4566=CARTESIAN_POINT('',(22.346283212,-38.987206696,10.5));
#4567=VERTEX_POINT('',#4566);
#4568=CARTESIAN_POINT('',(-9.653716788,-38.987206696,10.5));
#4569=DIRECTION('',(1.,0.,-0.));
#4570=VECTOR('',#4569,32.);
#4571=LINE('',#4568,#4570);
#4572=EDGE_CURVE('',#4565,#4567,#4571,.T.);
#4573=ORIENTED_EDGE('',*,*,#4572,.F.);
#4574=CARTESIAN_POINT('',(-9.653716788,-43.921224985,10.5));
#4575=DIRECTION('',(0.,1.,0.));
#4576=VECTOR('',#4575,4.934018289);
#4577=LINE('',#4574,#4576);
#4578=EDGE_CURVE('',#4448,#4565,#4577,.T.);
#4579=ORIENTED_EDGE('',*,*,#4578,.F.);
#4580=ORIENTED_EDGE('',*,*,#4453,.F.);
#4581=ORIENTED_EDGE('',*,*,#4489,.F.);
#4582=ORIENTED_EDGE('',*,*,#4520,.F.);
#4583=CARTESIAN_POINT('',(22.346283212,-38.987206696,10.5));
#4584=DIRECTION('',(0.,-1.,0.));
#4585=VECTOR('',#4584,4.934018289);
#4586=LINE('',#4583,#4585);
#4587=EDGE_CURVE('',#4567,#4509,#4586,.T.);
#4588=ORIENTED_EDGE('',*,*,#4587,.F.);
#4589=EDGE_LOOP('',(#4573,#4579,#4580,#4581,#4582,#4588));
#4590=FACE_BOUND('',#4589,.T.);
#4591=ADVANCED_FACE('',(#4590),#4563,.T.);
#4592=CARTESIAN_POINT('',(22.346283212,11.348586998,10.5));
#4593=DIRECTION('',(1.,0.,0.));
#4594=DIRECTION('',(0.,0.,-1.));
#4595=AXIS2_PLACEMENT_3D('',#4592,#4593,#4594);
#4596=PLANE('',#4595);
#4597=CARTESIAN_POINT('',(22.346283212,-38.987206696,10.5));
#4598=DIRECTION('',(0.,0.,-1.));
#4599=VECTOR('',#4598,10.5);
#4600=LINE('',#4597,#4599);
#4601=EDGE_CURVE('',#4567,#4540,#4600,.T.);
#4602=ORIENTED_EDGE('',*,*,#4601,.F.);
#4603=ORIENTED_EDGE('',*,*,#4587,.T.);
#4604=ORIENTED_EDGE('',*,*,#4514,.T.);
#4605=ORIENTED_EDGE('',*,*,#4551,.F.);
#4606=EDGE_LOOP('',(#4602,#4603,#4604,#4605));
#4607=FACE_BOUND('',#4606,.T.);
#4608=ADVANCED_FACE('',(#4607),#4596,.T.);
#4609=CARTESIAN_POINT('',(-9.653716788,-52.651413002,10.5));
#4610=DIRECTION('',(-1.,0.,0.));
#4611=DIRECTION('',(0.,0.,1.));
#4612=AXIS2_PLACEMENT_3D('',#4609,#4610,#4611);
#4613=PLANE('',#4612);
#4614=CARTESIAN_POINT('',(-9.653716788,-38.987206696,0.));
#4615=DIRECTION('',(0.,0.,1.));
#4616=VECTOR('',#4615,10.5);
#4617=LINE('',#4614,#4616);
#4618=EDGE_CURVE('',#4532,#4565,#4617,.T.);
#4619=ORIENTED_EDGE('',*,*,#4618,.F.);
#4620=ORIENTED_EDGE('',*,*,#4537,.F.);
#4621=ORIENTED_EDGE('',*,*,#4459,.F.);
#4622=ORIENTED_EDGE('',*,*,#4578,.T.);
#4623=EDGE_LOOP('',(#4619,#4620,#4621,#4622));
#4624=FACE_BOUND('',#4623,.T.);
#4625=ADVANCED_FACE('',(#4624),#4613,.T.);
#4626=CARTESIAN_POINT('',(-9.653716788,-38.987206696,-84.845471725));
#4627=DIRECTION('',(0.,-1.,0.));
#4628=DIRECTION('',(0.,0.,-1.));
#4629=AXIS2_PLACEMENT_3D('',#4626,#4627,#4628);
#4630=PLANE('',#4629);
#4631=ORIENTED_EDGE('',*,*,#4618,.T.);
#4632=ORIENTED_EDGE('',*,*,#4572,.T.);
#4633=ORIENTED_EDGE('',*,*,#4601,.T.);
#4634=ORIENTED_EDGE('',*,*,#4545,.F.);
#4635=EDGE_LOOP('',(#4631,#4632,#4633,#4634));
#4636=FACE_BOUND('',#4635,.T.);
#4637=ADVANCED_FACE('',(#4636),#4630,.F.);
#4638=CLOSED_SHELL('',(#4463,#4494,#4525,#4558,#4591,#4608,#4625,#4637));
#4639=MANIFOLD_SOLID_BREP('Extruded.001',#4638);
#4423=STYLED_ITEM('',(),#4639);
#4640=CARTESIAN_POINT('',(-9.653716788,-38.987206696,0.));
#4641=DIRECTION('',(1.,0.,-0.));
#4642=VECTOR('',#4641,32.);
#4643=LINE('',#4640,#4642);
#4644=TRIMMED_CURVE('Line.004',#4643,(PARAMETER_VALUE(0.)),(PARAMETER_VALUE(1.)),.T.,.PARAMETER.);
#4645=CARTESIAN_POINT('',(-9.653716788,-28.227256671,0.));
#4646=DIRECTION('',(1.,-0.,0.));
#4647=VECTOR('',#4646,32.);
#4648=LINE('',#4645,#4647);
#4649=TRIMMED_CURVE('Line.003',#4648,(PARAMETER_VALUE(0.)),(PARAMETER_VALUE(1.)),.T.,.PARAMETER.);
#4650=CARTESIAN_POINT('',(-9.653716788,-15.49726687,0.));
#4651=DIRECTION('',(1.,0.,-0.));
#4652=VECTOR('',#4651,32.);
#4653=LINE('',#4650,#4652);
#4654=TRIMMED_CURVE('Line.002',#4653,(PARAMETER_VALUE(0.)),(PARAMETER_VALUE(1.)),.T.,.PARAMETER.);
#4655=CARTESIAN_POINT('',(-9.653716788,-4.110802428,0.));
#4656=DIRECTION('',(1.,0.,-0.));
#4657=VECTOR('',#4656,32.);
#4658=LINE('',#4655,#4657);
#4659=TRIMMED_CURVE('Line.001',#4658,(PARAMETER_VALUE(0.)),(PARAMETER_VALUE(1.)),.T.,.PARAMETER.);
#4660=CARTESIAN_POINT('',(-9.653716788,-43.921224985,0.));
#4661=DIRECTION('',(0.,1.,0.));
#4662=VECTOR('',#4661,46.539623964);
#4663=LINE('',#4660,#4662);
#4664=TRIMMED_CURVE('Rectangle.001',#4663,(PARAMETER_VALUE(0.)),(PARAMETER_VALUE(1.)),.T.,.PARAMETER.);
#4665=CARTESIAN_POINT('',(-9.653716788,-43.921224985,0.));
#4666=DIRECTION('',(0.707106781,-0.707106781,0.));
#4667=VECTOR('',#4666,12.346350297);
#4668=LINE('',#4665,#4667);
#4669=TRIMMED_CURVE('Rectangle.001',#4668,(PARAMETER_VALUE(0.)),(PARAMETER_VALUE(1.)),.T.,.PARAMETER.);
#4670=CARTESIAN_POINT('',(-9.653716788,2.61839898,0.));
#4671=DIRECTION('',(0.707106781,0.707106781,0.));
#4672=VECTOR('',#4671,12.346350297);
#4673=LINE('',#4670,#4672);
#4674=TRIMMED_CURVE('Rectangle.001',#4673,(PARAMETER_VALUE(0.)),(PARAMETER_VALUE(1.)),.T.,.PARAMETER.);
#4675=CARTESIAN_POINT('',(13.616095195,-52.651413002,0.));
#4676=DIRECTION('',(-1.,0.,0.));
#4677=VECTOR('',#4676,14.539623964);
#4678=LINE('',#4675,#4677);
#4679=TRIMMED_CURVE('Rectangle.001',#4678,(PARAMETER_VALUE(0.)),(PARAMETER_VALUE(1.)),.T.,.PARAMETER.);
#4680=CARTESIAN_POINT('',(13.616095195,-52.651413002,0.));
#4681=DIRECTION('',(0.707106781,0.707106781,0.));
#4682=VECTOR('',#4681,12.346350297);
#4683=LINE('',#4680,#4682);
#4684=TRIMMED_CURVE('Rectangle.001',#4683,(PARAMETER_VALUE(0.)),(PARAMETER_VALUE(1.)),.T.,.PARAMETER.);
#4685=CARTESIAN_POINT('',(22.346283212,2.61839898,0.));
#4686=DIRECTION('',(0.,-1.,0.));
#4687=VECTOR('',#4686,46.539623964);
#4688=LINE('',#4685,#4687);
#4689=TRIMMED_CURVE('Rectangle.001',#4688,(PARAMETER_VALUE(0.)),(PARAMETER_VALUE(1.)),.T.,.PARAMETER.);
#4690=CARTESIAN_POINT('',(22.346283212,2.61839898,0.));
#4691=DIRECTION('',(-0.707106781,0.707106781,0.));
#4692=VECTOR('',#4691,12.346350297);
#4693=LINE('',#4690,#4692);
#4694=TRIMMED_CURVE('Rectangle.001',#4693,(PARAMETER_VALUE(0.)),(PARAMETER_VALUE(1.)),.T.,.PARAMETER.);
#4695=CARTESIAN_POINT('',(-0.92352877,11.348586998,0.));
#4696=DIRECTION('',(1.,0.,-0.));
#4697=VECTOR('',#4696,14.539623964);
#4698=LINE('',#4695,#4697);
#4699=TRIMMED_CURVE('Rectangle.001',#4698,(PARAMETER_VALUE(0.)),(PARAMETER_VALUE(1.)),.T.,.PARAMETER.);
#4700=GEOMETRIC_CURVE_SET('',(#4664,#4669,#4674,#4679,#4684,#4689,#4694,#4699));
#4701=GEOMETRIC_CURVE_SET('',(#3073,#3694,#3699,#3704,#3709,#3736,#3752,#4644,#4649,#4654,#4659));
#4702=(NAMED_UNIT(*)PLANE_ANGLE_UNIT()SI_UNIT($,.RADIAN.));
#4703=PLANE_ANGLE_MEASURE_WITH_UNIT(PLANE_ANGLE_MEASURE(0.0174532925),#4702);
#4704=(CONVERSION_BASED_UNIT('DEGREE',#4703)NAMED_UNIT(#4705)PLANE_ANGLE_UNIT());
#4705=DIMENSIONAL_EXPONENTS(0.,0.,0.,0.,0.,0.,0.);
#4706=(NAMED_UNIT(*)SI_UNIT($,.STERADIAN.)SOLID_ANGLE_UNIT());
#4707=(LENGTH_UNIT()NAMED_UNIT(*)SI_UNIT(.MILLI.,.METRE.));
#4708=UNCERTAINTY_MEASURE_WITH_UNIT(LENGTH_MEASURE(1.000000E-05),#4707,'DISTANCE_ACCURACY_VALUE','Maximum Tolerance applied to model');
#4709=(GEOMETRIC_REPRESENTATION_CONTEXT(3)GLOBAL_UNCERTAINTY_ASSIGNED_CONTEXT((#4708))GLOBAL_UNIT_ASSIGNED_CONTEXT((#4707,#4704,#4706))REPRESENTATION_CONTEXT('','0'));
#4711=CARTESIAN_POINT('',(0.,0.,0.));
#4712=DIRECTION('',(0.,0.,1.));
#4713=DIRECTION('',(1.,0.,0.));
#4714=AXIS2_PLACEMENT_3D('',#4711,#4712,#4713);
#4725=CARTESIAN_POINT('',(0.,0.,0.));
#4726=DIRECTION('',(0.,0.,1.));
#4727=DIRECTION('',(1.,0.,-0.));
#4728=AXIS2_PLACEMENT_3D('',#4725,#4726,#4727);
#4729=ITEM_DEFINED_TRANSFORMATION('','',#4728,#4714);
#4730=(REPRESENTATION_RELATIONSHIP('','',#4715,#16)REPRESENTATION_RELATIONSHIP_WITH_TRANSFORMATION(#4729)SHAPE_REPRESENTATION_RELATIONSHIP());
#4731=NEXT_ASSEMBLY_USAGE_OCCURRENCE('39177_CRServo.step_1','39177_CRServo.step','39177_CRServo.step',#25,#4724,$);
#4732=PRODUCT_DEFINITION_SHAPE('','',#4731);
#4733=CONTEXT_DEPENDENT_SHAPE_REPRESENTATION(#4730,#4732);
#4735=CARTESIAN_POINT('',(26.420821506,-39.442168662,19.447523624));
#4736=CARTESIAN_POINT('',(26.420821506,-39.442168662,16.087523624));
#4737=CARTESIAN_POINT('',(23.060821506,-39.442168662,16.087523624));
#4738=CARTESIAN_POINT('',(23.060821506,-39.442168662,19.447523624));
#4739=CARTESIAN_POINT('',(26.420821506,-39.735061881,19.447523624));
#4740=CARTESIAN_POINT('',(26.420821506,-39.735061881,16.087523624));
#4741=CARTESIAN_POINT('',(23.060821506,-39.735061881,16.087523624));
#4742=CARTESIAN_POINT('',(23.060821506,-39.735061881,19.447523624));
#4743=CARTESIAN_POINT('',(26.213714724,-39.942168662,19.447523624));
#4744=CARTESIAN_POINT('',(26.213714724,-39.942168662,16.501737187));
#4745=CARTESIAN_POINT('',(23.267928287,-39.942168662,16.501737187));
#4746=CARTESIAN_POINT('',(23.267928287,-39.942168662,19.447523624));
#4747=CARTESIAN_POINT('',(25.920821506,-39.942168662,19.447523624));
#4748=CARTESIAN_POINT('',(25.920821506,-39.942168662,17.087523624));
#4749=CARTESIAN_POINT('',(23.560821506,-39.942168662,17.087523624));
#4750=CARTESIAN_POINT('',(23.560821506,-39.942168662,19.447523624));
#4751=(BOUNDED_SURFACE()
B_SPLINE_SURFACE(3,3,((#4735,#4736,#4737,#4738),(#4739,#4740,#4741,#4742),(#4743,#4744,#4745,#4746),(#4747,#4748,#4749,#4750)),.UNSPECIFIED.,.F.,.F.,.U.)
B_SPLINE_SURFACE_WITH_KNOTS((4,4),(4,4),(0.,1.),(0.,1.),.UNSPECIFIED.)
GEOMETRIC_REPRESENTATION_ITEM()
RATIONAL_B_SPLINE_SURFACE(((1.,0.333333333,0.333333333,1.),(0.804737854,0.268245951,0.268245951,0.804737854),(0.804737854,0.268245951,0.268245951,0.804737854),(1.,0.333333333,0.333333333,1.)))
REPRESENTATION_ITEM('')
SURFACE()
);
#4752=CARTESIAN_POINT('',(26.420821506,-39.442168662,19.447523624));
#4753=VERTEX_POINT('',#4752);
#4754=CARTESIAN_POINT('',(23.060821506,-39.442168662,19.447523624));
#4755=VERTEX_POINT('',#4754);
#4756=CARTESIAN_POINT('',(24.740821506,-39.442168662,19.447523624));
#4757=DIRECTION('',(-0.,1.,0.));
#4758=DIRECTION('',(-1.,0.,-0.));
#4759=AXIS2_PLACEMENT_3D('',#4756,#4757,#4758);
#4760=CIRCLE('',#4759,1.68);
#4761=EDGE_CURVE('NONE',#4753,#4755,#4760,.T.);
#4762=ORIENTED_EDGE('',*,*,#4761,.F.);
#4763=CARTESIAN_POINT('',(25.920821506,-39.942168662,19.447523624));
#4764=VERTEX_POINT('',#4763);
#4765=CARTESIAN_POINT('',(26.420821506,-39.442168662,19.447523624));
#4766=CARTESIAN_POINT('',(26.420821506,-39.501094227,19.447523624));
#4767=CARTESIAN_POINT('',(26.410082136,-39.564667542,19.447523624));
#4768=CARTESIAN_POINT('',(26.385715656,-39.626216017,19.447523624));
#4769=CARTESIAN_POINT('',(26.361349176,-39.687764492,19.447523624));
#4770=CARTESIAN_POINT('',(26.323190433,-39.746906516,19.447523624));
#4771=CARTESIAN_POINT('',(26.274374896,-39.795722053,19.447523624));
#4772=CARTESIAN_POINT('',(26.22555936,-39.844537589,19.447523624));
#4773=CARTESIAN_POINT('',(26.166417336,-39.882696333,19.447523624));
#4774=CARTESIAN_POINT('',(26.10486886,-39.907062813,19.447523624));
#4775=CARTESIAN_POINT('',(26.043320385,-39.931429293,19.447523624));
#4776=CARTESIAN_POINT('',(25.979747071,-39.942168662,19.447523624));
#4777=CARTESIAN_POINT('',(25.920821506,-39.942168662,19.447523624));
#4778=B_SPLINE_CURVE_WITH_KNOTS('',3,(#4765,#4766,#4767,#4768,#4769,#4770,#4771,#4772,#4773,#4774,#4775,#4776,#4777),.UNSPECIFIED.,.F.,.F.,(4,3,3,3,4),(0.,22.5,45.,67.5,90.),.UNSPECIFIED.);
#4779=EDGE_CURVE('NONE',#4753,#4764,#4778,.T.);
#4780=ORIENTED_EDGE('',*,*,#4779,.T.);
#4781=CARTESIAN_POINT('',(23.560821506,-39.942168662,19.447523624));
#4782=VERTEX_POINT('',#4781);
#4783=CARTESIAN_POINT('',(25.920821506,-39.942168662,19.447523624));
#4784=CARTESIAN_POINT('',(25.920821506,-39.942168662,17.087523624));
#4785=CARTESIAN_POINT('',(23.560821506,-39.942168662,17.087523624));
#4786=CARTESIAN_POINT('',(23.560821506,-39.942168662,19.447523624));
#4787=(BOUNDED_CURVE()
B_SPLINE_CURVE(3,(#4783,#4784,#4785,#4786),.UNSPECIFIED.,.F.,.F.)
B_SPLINE_CURVE_WITH_KNOTS((4,4),(0.,0.5),.UNSPECIFIED.)
CURVE()
GEOMETRIC_REPRESENTATION_ITEM()
RATIONAL_B_SPLINE_CURVE((1.,0.333333333,0.333333333,1.))
REPRESENTATION_ITEM(''));
#4788=EDGE_CURVE('NONE',#4764,#4782,#4787,.T.);
#4789=ORIENTED_EDGE('',*,*,#4788,.T.);
#4790=CARTESIAN_POINT('',(23.060821506,-39.442168662,19.447523624));
#4791=CARTESIAN_POINT('',(23.060821506,-39.501094227,19.447523624));
#4792=CARTESIAN_POINT('',(23.071560875,-39.564667542,19.447523624));
#4793=CARTESIAN_POINT('',(23.095927355,-39.626216017,19.447523624));
#4794=CARTESIAN_POINT('',(23.120293835,-39.687764492,19.447523624));
#4795=CARTESIAN_POINT('',(23.158452579,-39.746906516,19.447523624));
#4796=CARTESIAN_POINT('',(23.207268115,-39.795722053,19.447523624));
#4797=CARTESIAN_POINT('',(23.256083652,-39.844537589,19.447523624));
#4798=CARTESIAN_POINT('',(23.315225676,-39.882696333,19.447523624));
#4799=CARTESIAN_POINT('',(23.376774151,-39.907062813,19.447523624));
#4800=CARTESIAN_POINT('',(23.438322626,-39.931429293,19.447523624));
#4801=CARTESIAN_POINT('',(23.501895941,-39.942168662,19.447523624));
#4802=CARTESIAN_POINT('',(23.560821506,-39.942168662,19.447523624));
#4803=B_SPLINE_CURVE_WITH_KNOTS('',3,(#4790,#4791,#4792,#4793,#4794,#4795,#4796,#4797,#4798,#4799,#4800,#4801,#4802),.UNSPECIFIED.,.F.,.F.,(4,3,3,3,4),(0.,22.5,45.,67.5,90.),.UNSPECIFIED.);
#4804=EDGE_CURVE('NONE',#4755,#4782,#4803,.T.);
#4805=ORIENTED_EDGE('',*,*,#4804,.F.);
#4806=EDGE_LOOP('',(#4762,#4780,#4789,#4805));
#4807=FACE_BOUND('',#4806,.T.);
#4808=ADVANCED_FACE('NONE',(#4807),#4751,.T.);
#4809=COLOUR_RGB('',0.827450991,0.839215696,0.827450991);
#4810=FILL_AREA_STYLE_COLOUR('',#4809);
#4811=FILL_AREA_STYLE('',(#4810));
#4812=SURFACE_STYLE_FILL_AREA(#4811);
#4813=SURFACE_SIDE_STYLE('',(#4812));
#4814=SURFACE_STYLE_USAGE(.BOTH.,#4813);
#4815=PRESENTATION_STYLE_ASSIGNMENT((#4814));
#4816=OVER_RIDING_STYLED_ITEM('',(#4815),#4808,#4734);
#4817=CARTESIAN_POINT('',(57.060821506,-39.442168662,19.447523624));
#4818=CARTESIAN_POINT('',(57.060821506,-39.442168662,22.807523624));
#4819=CARTESIAN_POINT('',(60.420821506,-39.442168662,22.807523624));
#4820=CARTESIAN_POINT('',(60.420821506,-39.442168662,19.447523624));
#4821=CARTESIAN_POINT('',(57.060821506,-39.735061881,19.447523624));
#4822=CARTESIAN_POINT('',(57.060821506,-39.735061881,22.807523624));
#4823=CARTESIAN_POINT('',(60.420821506,-39.735061881,22.807523624));
#4824=CARTESIAN_POINT('',(60.420821506,-39.735061881,19.447523624));
#4825=CARTESIAN_POINT('',(57.267928287,-39.942168662,19.447523624));
#4826=CARTESIAN_POINT('',(57.267928287,-39.942168662,22.393310062));
#4827=CARTESIAN_POINT('',(60.213714724,-39.942168662,22.393310062));
#4828=CARTESIAN_POINT('',(60.213714724,-39.942168662,19.447523624));
#4829=CARTESIAN_POINT('',(57.560821506,-39.942168662,19.447523624));
#4830=CARTESIAN_POINT('',(57.560821506,-39.942168662,21.807523624));
#4831=CARTESIAN_POINT('',(59.920821506,-39.942168662,21.807523624));
#4832=CARTESIAN_POINT('',(59.920821506,-39.942168662,19.447523624));
#4833=(BOUNDED_SURFACE()
B_SPLINE_SURFACE(3,3,((#4817,#4818,#4819,#4820),(#4821,#4822,#4823,#4824),(#4825,#4826,#4827,#4828),(#4829,#4830,#4831,#4832)),.UNSPECIFIED.,.F.,.F.,.U.)
B_SPLINE_SURFACE_WITH_KNOTS((4,4),(4,4),(0.,1.),(0.,1.),.UNSPECIFIED.)
GEOMETRIC_REPRESENTATION_ITEM()
RATIONAL_B_SPLINE_SURFACE(((1.,0.333333333,0.333333333,1.),(0.804737854,0.268245951,0.268245951,0.804737854),(0.804737854,0.268245951,0.268245951,0.804737854),(1.,0.333333333,0.333333333,1.)))
REPRESENTATION_ITEM('')
SURFACE()
);
#4834=CARTESIAN_POINT('',(57.060821506,-39.442168662,19.447523624));
#4835=VERTEX_POINT('',#4834);
#4836=CARTESIAN_POINT('',(60.420821506,-39.442168662,19.447523624));
#4837=VERTEX_POINT('',#4836);
#4838=CARTESIAN_POINT('',(58.740821506,-39.442168662,19.447523624));
#4839=DIRECTION('',(-0.,1.,0.));
#4840=DIRECTION('',(1.,-0.,0.));
#4841=AXIS2_PLACEMENT_3D('',#4838,#4839,#4840);
#4842=CIRCLE('',#4841,1.68);
#4843=EDGE_CURVE('NONE',#4835,#4837,#4842,.T.);
#4844=ORIENTED_EDGE('',*,*,#4843,.F.);
#4845=CARTESIAN_POINT('',(57.560821506,-39.942168662,19.447523624));
#4846=VERTEX_POINT('',#4845);
#4847=CARTESIAN_POINT('',(57.060821506,-39.442168662,19.447523624));
#4848=CARTESIAN_POINT('',(57.060821506,-39.501094227,19.447523624));
#4849=CARTESIAN_POINT('',(57.071560875,-39.564667542,19.447523624));
#4850=CARTESIAN_POINT('',(57.095927355,-39.626216017,19.447523624));
#4851=CARTESIAN_POINT('',(57.120293835,-39.687764492,19.447523624));
#4852=CARTESIAN_POINT('',(57.158452579,-39.746906516,19.447523624));
#4853=CARTESIAN_POINT('',(57.207268115,-39.795722053,19.447523624));
#4854=CARTESIAN_POINT('',(57.256083652,-39.844537589,19.447523624));
#4855=CARTESIAN_POINT('',(57.315225676,-39.882696333,19.447523624));
#4856=CARTESIAN_POINT('',(57.376774151,-39.907062813,19.447523624));
#4857=CARTESIAN_POINT('',(57.438322626,-39.931429293,19.447523624));
#4858=CARTESIAN_POINT('',(57.501895941,-39.942168662,19.447523624));
#4859=CARTESIAN_POINT('',(57.560821506,-39.942168662,19.447523624));
#4860=B_SPLINE_CURVE_WITH_KNOTS('',3,(#4847,#4848,#4849,#4850,#4851,#4852,#4853,#4854,#4855,#4856,#4857,#4858,#4859),.UNSPECIFIED.,.F.,.F.,(4,3,3,3,4),(0.,22.5,45.,67.5,90.),.UNSPECIFIED.);
#4861=EDGE_CURVE('NONE',#4835,#4846,#4860,.T.);
#4862=ORIENTED_EDGE('',*,*,#4861,.T.);
#4863=CARTESIAN_POINT('',(59.920821506,-39.942168662,19.447523624));
#4864=VERTEX_POINT('',#4863);
#4865=CARTESIAN_POINT('',(57.560821506,-39.942168662,19.447523624));
#4866=CARTESIAN_POINT('',(57.560821506,-39.942168662,21.807523624));
#4867=CARTESIAN_POINT('',(59.920821506,-39.942168662,21.807523624));
#4868=CARTESIAN_POINT('',(59.920821506,-39.942168662,19.447523624));
#4869=(BOUNDED_CURVE()
B_SPLINE_CURVE(3,(#4865,#4866,#4867,#4868),.UNSPECIFIED.,.F.,.F.)
B_SPLINE_CURVE_WITH_KNOTS((4,4),(0.,0.5),.UNSPECIFIED.)
CURVE()
GEOMETRIC_REPRESENTATION_ITEM()
RATIONAL_B_SPLINE_CURVE((1.,0.333333333,0.333333333,1.))
REPRESENTATION_ITEM(''));
#4870=EDGE_CURVE('NONE',#4846,#4864,#4869,.T.);
#4871=ORIENTED_EDGE('',*,*,#4870,.T.);
#4872=CARTESIAN_POINT('',(60.420821506,-39.442168662,19.447523624));
#4873=CARTESIAN_POINT('',(60.420821506,-39.501094227,19.447523624));
#4874=CARTESIAN_POINT('',(60.410082136,-39.564667542,19.447523624));
#4875=CARTESIAN_POINT('',(60.385715656,-39.626216017,19.447523624));
#4876=CARTESIAN_POINT('',(60.361349176,-39.687764492,19.447523624));
#4877=CARTESIAN_POINT('',(60.323190433,-39.746906516,19.447523624));
#4878=CARTESIAN_POINT('',(60.274374896,-39.795722053,19.447523624));
#4879=CARTESIAN_POINT('',(60.22555936,-39.844537589,19.447523624));
#4880=CARTESIAN_POINT('',(60.166417336,-39.882696333,19.447523624));
#4881=CARTESIAN_POINT('',(60.10486886,-39.907062813,19.447523624));
#4882=CARTESIAN_POINT('',(60.043320385,-39.931429293,19.447523624));
#4883=CARTESIAN_POINT('',(59.979747071,-39.942168662,19.447523624));
#4884=CARTESIAN_POINT('',(59.920821506,-39.942168662,19.447523624));
#4885=B_SPLINE_CURVE_WITH_KNOTS('',3,(#4872,#4873,#4874,#4875,#4876,#4877,#4878,#4879,#4880,#4881,#4882,#4883,#4884),.UNSPECIFIED.,.F.,.F.,(4,3,3,3,4),(0.,22.5,45.,67.5,90.),.UNSPECIFIED.);
#4886=EDGE_CURVE('NONE',#4837,#4864,#4885,.T.);
#4887=ORIENTED_EDGE('',*,*,#4886,.F.);
#4888=EDGE_LOOP('',(#4844,#4862,#4871,#4887));
#4889=FACE_BOUND('',#4888,.T.);
#4890=ADVANCED_FACE('NONE',(#4889),#4833,.T.);
#4891=OVER_RIDING_STYLED_ITEM('',(#4815),#4890,#4734);
#4892=CARTESIAN_POINT('',(26.420821506,-39.442168662,33.267523624));
#4893=CARTESIAN_POINT('',(26.420821506,-39.442168662,29.907523624));
#4894=CARTESIAN_POINT('',(23.060821506,-39.442168662,29.907523624));
#4895=CARTESIAN_POINT('',(23.060821506,-39.442168662,33.267523624));
#4896=CARTESIAN_POINT('',(26.420821506,-39.735061881,33.267523624));
#4897=CARTESIAN_POINT('',(26.420821506,-39.735061881,29.907523624));
#4898=CARTESIAN_POINT('',(23.060821506,-39.735061881,29.907523624));
#4899=CARTESIAN_POINT('',(23.060821506,-39.735061881,33.267523624));
#4900=CARTESIAN_POINT('',(26.213714724,-39.942168662,33.267523624));
#4901=CARTESIAN_POINT('',(26.213714724,-39.942168662,30.321737187));
#4902=CARTESIAN_POINT('',(23.267928287,-39.942168662,30.321737187));
#4903=CARTESIAN_POINT('',(23.267928287,-39.942168662,33.267523624));
#4904=CARTESIAN_POINT('',(25.920821506,-39.942168662,33.267523624));
#4905=CARTESIAN_POINT('',(25.920821506,-39.942168662,30.907523624));
#4906=CARTESIAN_POINT('',(23.560821506,-39.942168662,30.907523624));
#4907=CARTESIAN_POINT('',(23.560821506,-39.942168662,33.267523624));
#4908=(BOUNDED_SURFACE()
B_SPLINE_SURFACE(3,3,((#4892,#4893,#4894,#4895),(#4896,#4897,#4898,#4899),(#4900,#4901,#4902,#4903),(#4904,#4905,#4906,#4907)),.UNSPECIFIED.,.F.,.F.,.U.)
B_SPLINE_SURFACE_WITH_KNOTS((4,4),(4,4),(0.,1.),(0.,1.),.UNSPECIFIED.)
GEOMETRIC_REPRESENTATION_ITEM()
RATIONAL_B_SPLINE_SURFACE(((1.,0.333333333,0.333333333,1.),(0.804737854,0.268245951,0.268245951,0.804737854),(0.804737854,0.268245951,0.268245951,0.804737854),(1.,0.333333333,0.333333333,1.)))
REPRESENTATION_ITEM('')
SURFACE()
);
#4909=CARTESIAN_POINT('',(26.420821506,-39.442168662,33.267523624));
#4910=VERTEX_POINT('',#4909);
#4911=CARTESIAN_POINT('',(23.060821506,-39.442168662,33.267523624));
#4912=VERTEX_POINT('',#4911);
#4913=CARTESIAN_POINT('',(24.740821506,-39.442168662,33.267523624));
#4914=DIRECTION('',(-0.,1.,0.));
#4915=DIRECTION('',(1.,-0.,0.));
#4916=AXIS2_PLACEMENT_3D('',#4913,#4914,#4915);
#4917=CIRCLE('',#4916,1.68);
#4918=EDGE_CURVE('NONE',#4910,#4912,#4917,.T.);
#4919=ORIENTED_EDGE('',*,*,#4918,.F.);
#4920=CARTESIAN_POINT('',(25.920821506,-39.942168662,33.267523624));
#4921=VERTEX_POINT('',#4920);
#4922=CARTESIAN_POINT('',(26.420821506,-39.442168662,33.267523624));
#4923=CARTESIAN_POINT('',(26.420821506,-39.501094227,33.267523624));
#4924=CARTESIAN_POINT('',(26.410082136,-39.564667542,33.267523624));
#4925=CARTESIAN_POINT('',(26.385715656,-39.626216017,33.267523624));
#4926=CARTESIAN_POINT('',(26.361349176,-39.687764492,33.267523624));
#4927=CARTESIAN_POINT('',(26.323190433,-39.746906516,33.267523624));
#4928=CARTESIAN_POINT('',(26.274374896,-39.795722053,33.267523624));
#4929=CARTESIAN_POINT('',(26.22555936,-39.844537589,33.267523624));
#4930=CARTESIAN_POINT('',(26.166417336,-39.882696333,33.267523624));
#4931=CARTESIAN_POINT('',(26.10486886,-39.907062813,33.267523624));
#4932=CARTESIAN_POINT('',(26.043320385,-39.931429293,33.267523624));
#4933=CARTESIAN_POINT('',(25.979747071,-39.942168662,33.267523624));
#4934=CARTESIAN_POINT('',(25.920821506,-39.942168662,33.267523624));
#4935=B_SPLINE_CURVE_WITH_KNOTS('',3,(#4922,#4923,#4924,#4925,#4926,#4927,#4928,#4929,#4930,#4931,#4932,#4933,#4934),.UNSPECIFIED.,.F.,.F.,(4,3,3,3,4),(0.,22.5,45.,67.5,90.),.UNSPECIFIED.);
#4936=EDGE_CURVE('NONE',#4910,#4921,#4935,.T.);
#4937=ORIENTED_EDGE('',*,*,#4936,.T.);
#4938=CARTESIAN_POINT('',(23.560821506,-39.942168662,33.267523624));
#4939=VERTEX_POINT('',#4938);
#4940=CARTESIAN_POINT('',(25.920821506,-39.942168662,33.267523624));
#4941=CARTESIAN_POINT('',(25.920821506,-39.942168662,30.907523624));
#4942=CARTESIAN_POINT('',(23.560821506,-39.942168662,30.907523624));
#4943=CARTESIAN_POINT('',(23.560821506,-39.942168662,33.267523624));
#4944=(BOUNDED_CURVE()
B_SPLINE_CURVE(3,(#4940,#4941,#4942,#4943),.UNSPECIFIED.,.F.,.F.)
B_SPLINE_CURVE_WITH_KNOTS((4,4),(0.,0.5),.UNSPECIFIED.)
CURVE()
GEOMETRIC_REPRESENTATION_ITEM()
RATIONAL_B_SPLINE_CURVE((1.,0.333333333,0.333333333,1.))
REPRESENTATION_ITEM(''));
#4945=EDGE_CURVE('NONE',#4921,#4939,#4944,.T.);
#4946=ORIENTED_EDGE('',*,*,#4945,.T.);
#4947=CARTESIAN_POINT('',(23.060821506,-39.442168662,33.267523624));
#4948=CARTESIAN_POINT('',(23.060821506,-39.501094227,33.267523624));
#4949=CARTESIAN_POINT('',(23.071560875,-39.564667542,33.267523624));
#4950=CARTESIAN_POINT('',(23.095927355,-39.626216017,33.267523624));
#4951=CARTESIAN_POINT('',(23.120293835,-39.687764492,33.267523624));
#4952=CARTESIAN_POINT('',(23.158452579,-39.746906516,33.267523624));
#4953=CARTESIAN_POINT('',(23.207268115,-39.795722053,33.267523624));
#4954=CARTESIAN_POINT('',(23.256083652,-39.844537589,33.267523624));
#4955=CARTESIAN_POINT('',(23.315225676,-39.882696333,33.267523624));
#4956=CARTESIAN_POINT('',(23.376774151,-39.907062813,33.267523624));
#4957=CARTESIAN_POINT('',(23.438322626,-39.931429293,33.267523624));
#4958=CARTESIAN_POINT('',(23.501895941,-39.942168662,33.267523624));
#4959=CARTESIAN_POINT('',(23.560821506,-39.942168662,33.267523624));
#4960=B_SPLINE_CURVE_WITH_KNOTS('',3,(#4947,#4948,#4949,#4950,#4951,#4952,#4953,#4954,#4955,#4956,#4957,#4958,#4959),.UNSPECIFIED.,.F.,.F.,(4,3,3,3,4),(0.,22.5,45.,67.5,90.),.UNSPECIFIED.);
#4961=EDGE_CURVE('NONE',#4912,#4939,#4960,.T.);
#4962=ORIENTED_EDGE('',*,*,#4961,.F.);
#4963=EDGE_LOOP('',(#4919,#4937,#4946,#4962));
#4964=FACE_BOUND('',#4963,.T.);
#4965=ADVANCED_FACE('NONE',(#4964),#4908,.T.);
#4966=OVER_RIDING_STYLED_ITEM('',(#4815),#4965,#4734);
#4967=CARTESIAN_POINT('',(57.060821506,-39.442168662,33.267523624));
#4968=CARTESIAN_POINT('',(57.060821506,-39.442168662,36.627523624));
#4969=CARTESIAN_POINT('',(60.420821506,-39.442168662,36.627523624));
#4970=CARTESIAN_POINT('',(60.420821506,-39.442168662,33.267523624));
#4971=CARTESIAN_POINT('',(57.060821506,-39.735061881,33.267523624));
#4972=CARTESIAN_POINT('',(57.060821506,-39.735061881,36.627523624));
#4973=CARTESIAN_POINT('',(60.420821506,-39.735061881,36.627523624));
#4974=CARTESIAN_POINT('',(60.420821506,-39.735061881,33.267523624));
#4975=CARTESIAN_POINT('',(57.267928287,-39.942168662,33.267523624));
#4976=CARTESIAN_POINT('',(57.267928287,-39.942168662,36.213310062));
#4977=CARTESIAN_POINT('',(60.213714724,-39.942168662,36.213310062));
#4978=CARTESIAN_POINT('',(60.213714724,-39.942168662,33.267523624));
#4979=CARTESIAN_POINT('',(57.560821506,-39.942168662,33.267523624));
#4980=CARTESIAN_POINT('',(57.560821506,-39.942168662,35.627523624));
#4981=CARTESIAN_POINT('',(59.920821506,-39.942168662,35.627523624));
#4982=CARTESIAN_POINT('',(59.920821506,-39.942168662,33.267523624));
#4983=(BOUNDED_SURFACE()
B_SPLINE_SURFACE(3,3,((#4967,#4968,#4969,#4970),(#4971,#4972,#4973,#4974),(#4975,#4976,#4977,#4978),(#4979,#4980,#4981,#4982)),.UNSPECIFIED.,.F.,.F.,.U.)
B_SPLINE_SURFACE_WITH_KNOTS((4,4),(4,4),(0.,1.),(0.,1.),.UNSPECIFIED.)
GEOMETRIC_REPRESENTATION_ITEM()
RATIONAL_B_SPLINE_SURFACE(((1.,0.333333333,0.333333333,1.),(0.804737854,0.268245951,0.268245951,0.804737854),(0.804737854,0.268245951,0.268245951,0.804737854),(1.,0.333333333,0.333333333,1.)))
REPRESENTATION_ITEM('')
SURFACE()
);
#4984=CARTESIAN_POINT('',(57.060821506,-39.442168662,33.267523624));
#4985=VERTEX_POINT('',#4984);
#4986=CARTESIAN_POINT('',(60.420821506,-39.442168662,33.267523624));
#4987=VERTEX_POINT('',#4986);
#4988=CARTESIAN_POINT('',(58.740821506,-39.442168662,33.267523624));
#4989=DIRECTION('',(-0.,1.,0.));
#4990=DIRECTION('',(-1.,0.,-0.));
#4991=AXIS2_PLACEMENT_3D('',#4988,#4989,#4990);
#4992=CIRCLE('',#4991,1.68);
#4993=EDGE_CURVE('NONE',#4985,#4987,#4992,.T.);
#4994=ORIENTED_EDGE('',*,*,#4993,.F.);
#4995=CARTESIAN_POINT('',(57.560821506,-39.942168662,33.267523624));
#4996=VERTEX_POINT('',#4995);
#4997=CARTESIAN_POINT('',(57.060821506,-39.442168662,33.267523624));
#4998=CARTESIAN_POINT('',(57.060821506,-39.501094227,33.267523624));
#4999=CARTESIAN_POINT('',(57.071560875,-39.564667542,33.267523624));
#5000=CARTESIAN_POINT('',(57.095927355,-39.626216017,33.267523624));
#5001=CARTESIAN_POINT('',(57.120293835,-39.687764492,33.267523624));
#5002=CARTESIAN_POINT('',(57.158452579,-39.746906516,33.267523624));
#5003=CARTESIAN_POINT('',(57.207268115,-39.795722053,33.267523624));
#5004=CARTESIAN_POINT('',(57.256083652,-39.844537589,33.267523624));
#5005=CARTESIAN_POINT('',(57.315225676,-39.882696333,33.267523624));
#5006=CARTESIAN_POINT('',(57.376774151,-39.907062813,33.267523624));
#5007=CARTESIAN_POINT('',(57.438322626,-39.931429293,33.267523624));
#5008=CARTESIAN_POINT('',(57.501895941,-39.942168662,33.267523624));
#5009=CARTESIAN_POINT('',(57.560821506,-39.942168662,33.267523624));
#5010=B_SPLINE_CURVE_WITH_KNOTS('',3,(#4997,#4998,#4999,#5000,#5001,#5002,#5003,#5004,#5005,#5006,#5007,#5008,#5009),.UNSPECIFIED.,.F.,.F.,(4,3,3,3,4),(0.,22.5,45.,67.5,90.),.UNSPECIFIED.);
#5011=EDGE_CURVE('NONE',#4985,#4996,#5010,.T.);
#5012=ORIENTED_EDGE('',*,*,#5011,.T.);
#5013=CARTESIAN_POINT('',(59.920821506,-39.942168662,33.267523624));
#5014=VERTEX_POINT('',#5013);
#5015=CARTESIAN_POINT('',(57.560821506,-39.942168662,33.267523624));
#5016=CARTESIAN_POINT('',(57.560821506,-39.942168662,35.627523624));
#5017=CARTESIAN_POINT('',(59.920821506,-39.942168662,35.627523624));
#5018=CARTESIAN_POINT('',(59.920821506,-39.942168662,33.267523624));
#5019=(BOUNDED_CURVE()
B_SPLINE_CURVE(3,(#5015,#5016,#5017,#5018),.UNSPECIFIED.,.F.,.F.)
B_SPLINE_CURVE_WITH_KNOTS((4,4),(0.,0.5),.UNSPECIFIED.)
CURVE()
GEOMETRIC_REPRESENTATION_ITEM()
RATIONAL_B_SPLINE_CURVE((1.,0.333333333,0.333333333,1.))
REPRESENTATION_ITEM(''));
#5020=EDGE_CURVE('NONE',#4996,#5014,#5019,.T.);
#5021=ORIENTED_EDGE('',*,*,#5020,.T.);
#5022=CARTESIAN_POINT('',(60.420821506,-39.442168662,33.267523624));
#5023=CARTESIAN_POINT('',(60.420821506,-39.501094227,33.267523624));
#5024=CARTESIAN_POINT('',(60.410082136,-39.564667542,33.267523624));
#5025=CARTESIAN_POINT('',(60.385715656,-39.626216017,33.267523624));
#5026=CARTESIAN_POINT('',(60.361349176,-39.687764492,33.267523624));
#5027=CARTESIAN_POINT('',(60.323190433,-39.746906516,33.267523624));
#5028=CARTESIAN_POINT('',(60.274374896,-39.795722053,33.267523624));
#5029=CARTESIAN_POINT('',(60.22555936,-39.844537589,33.267523624));
#5030=CARTESIAN_POINT('',(60.166417336,-39.882696333,33.267523624));
#5031=CARTESIAN_POINT('',(60.10486886,-39.907062813,33.267523624));
#5032=CARTESIAN_POINT('',(60.043320385,-39.931429293,33.267523624));
#5033=CARTESIAN_POINT('',(59.979747071,-39.942168662,33.267523624));
#5034=CARTESIAN_POINT('',(59.920821506,-39.942168662,33.267523624));
#5035=B_SPLINE_CURVE_WITH_KNOTS('',3,(#5022,#5023,#5024,#5025,#5026,#5027,#5028,#5029,#5030,#5031,#5032,#5033,#5034),.UNSPECIFIED.,.F.,.F.,(4,3,3,3,4),(0.,22.5,45.,67.5,90.),.UNSPECIFIED.);
#5036=EDGE_CURVE('NONE',#4987,#5014,#5035,.T.);
#5037=ORIENTED_EDGE('',*,*,#5036,.F.);
#5038=EDGE_LOOP('',(#4994,#5012,#5021,#5037));
#5039=FACE_BOUND('',#5038,.T.);
#5040=ADVANCED_FACE('NONE',(#5039),#4983,.T.);
#5041=OVER_RIDING_STYLED_ITEM('',(#4815),#5040,#4734);
#5042=CARTESIAN_POINT('',(24.740821506,-38.692168662,19.447523624));
#5043=DIRECTION('',(0.,-1.,-0.));
#5044=DIRECTION('',(-1.,0.,-0.));
#5045=AXIS2_PLACEMENT_3D('',#5042,#5043,#5044);
#5046=CYLINDRICAL_SURFACE('',#5045,1.68);
#5047=CARTESIAN_POINT('',(23.060821506,-38.692168662,19.447523624));
#5048=VERTEX_POINT('',#5047);
#5049=CARTESIAN_POINT('',(26.420821506,-38.692168662,19.447523624));
#5050=VERTEX_POINT('',#5049);
#5051=CARTESIAN_POINT('',(24.740821506,-38.692168662,19.447523624));
#5052=DIRECTION('',(0.,-1.,-0.));
#5053=DIRECTION('',(-1.,0.,-0.));
#5054=AXIS2_PLACEMENT_3D('',#5051,#5052,#5053);
#5055=CIRCLE('',#5054,1.68);
#5056=EDGE_CURVE('NONE',#5048,#5050,#5055,.T.);
#5057=ORIENTED_EDGE('',*,*,#5056,.T.);
#5058=CARTESIAN_POINT('',(26.420821506,-38.692168662,19.447523624));
#5059=DIRECTION('',(0.,-1.,-0.));
#5060=VECTOR('',#5059,0.75);
#5061=LINE('',#5058,#5060);
#5062=EDGE_CURVE('NONE',#5050,#4753,#5061,.T.);
#5063=ORIENTED_EDGE('',*,*,#5062,.T.);
#5064=ORIENTED_EDGE('',*,*,#4761,.T.);
#5065=CARTESIAN_POINT('',(23.060821506,-38.692168662,19.447523624));
#5066=DIRECTION('',(0.,-1.,-0.));
#5067=VECTOR('',#5066,0.75);
#5068=LINE('',#5065,#5067);
#5069=EDGE_CURVE('NONE',#5048,#4755,#5068,.T.);
#5070=ORIENTED_EDGE('',*,*,#5069,.F.);
#5071=EDGE_LOOP('',(#5057,#5063,#5064,#5070));
#5072=FACE_BOUND('',#5071,.T.);
#5073=ADVANCED_FACE('NONE',(#5072),#5046,.T.);
#5074=OVER_RIDING_STYLED_ITEM('',(#4815),#5073,#4734);
#5075=CARTESIAN_POINT('',(58.740821506,-38.692168662,19.447523624));
#5076=DIRECTION('',(-0.,1.,0.));
#5077=DIRECTION('',(1.,-0.,0.));
#5078=AXIS2_PLACEMENT_3D('',#5075,#5076,#5077);
#5079=CYLINDRICAL_SURFACE('',#5078,1.68);
#5080=CARTESIAN_POINT('',(58.740821506,-39.442168662,19.447523624));
#5081=DIRECTION('',(-0.,1.,0.));
#5082=DIRECTION('',(1.,-0.,0.));
#5083=AXIS2_PLACEMENT_3D('',#5080,#5081,#5082);
#5084=CIRCLE('',#5083,1.68);
#5085=EDGE_CURVE('NONE',#4837,#4835,#5084,.T.);
#5086=ORIENTED_EDGE('',*,*,#5085,.T.);
#5087=CARTESIAN_POINT('',(57.060821506,-38.692168662,19.447523624));
#5088=VERTEX_POINT('',#5087);
#5089=CARTESIAN_POINT('',(57.060821506,-39.442168662,19.447523624));
#5090=DIRECTION('',(-0.,1.,0.));
#5091=VECTOR('',#5090,0.75);
#5092=LINE('',#5089,#5091);
#5093=EDGE_CURVE('NONE',#4835,#5088,#5092,.T.);
#5094=ORIENTED_EDGE('',*,*,#5093,.T.);
#5095=CARTESIAN_POINT('',(60.420821506,-38.692168662,19.447523624));
#5096=VERTEX_POINT('',#5095);
#5097=CARTESIAN_POINT('',(58.740821506,-38.692168662,19.447523624));
#5098=DIRECTION('',(-0.,1.,0.));
#5099=DIRECTION('',(1.,-0.,0.));
#5100=AXIS2_PLACEMENT_3D('',#5097,#5098,#5099);
#5101=CIRCLE('',#5100,1.68);
#5102=EDGE_CURVE('NONE',#5096,#5088,#5101,.T.);
#5103=ORIENTED_EDGE('',*,*,#5102,.F.);
#5104=CARTESIAN_POINT('',(60.420821506,-39.442168662,19.447523624));
#5105=DIRECTION('',(-0.,1.,0.));
#5106=VECTOR('',#5105,0.75);
#5107=LINE('',#5104,#5106);
#5108=EDGE_CURVE('NONE',#4837,#5096,#5107,.T.);
#5109=ORIENTED_EDGE('',*,*,#5108,.F.);
#5110=EDGE_LOOP('',(#5086,#5094,#5103,#5109));
#5111=FACE_BOUND('',#5110,.T.);
#5112=ADVANCED_FACE('NONE',(#5111),#5079,.T.);
#5113=OVER_RIDING_STYLED_ITEM('',(#4815),#5112,#4734);
#5114=CARTESIAN_POINT('',(24.740821506,-38.692168662,33.267523624));
#5115=DIRECTION('',(-0.,1.,0.));
#5116=DIRECTION('',(1.,-0.,0.));
#5117=AXIS2_PLACEMENT_3D('',#5114,#5115,#5116);
#5118=CYLINDRICAL_SURFACE('',#5117,1.68);
#5119=ORIENTED_EDGE('',*,*,#4918,.T.);
#5120=CARTESIAN_POINT('',(23.060821506,-38.692168662,33.267523624));
#5121=VERTEX_POINT('',#5120);
#5122=CARTESIAN_POINT('',(23.060821506,-39.442168662,33.267523624));
#5123=DIRECTION('',(-0.,1.,0.));
#5124=VECTOR('',#5123,0.75);
#5125=LINE('',#5122,#5124);
#5126=EDGE_CURVE('NONE',#4912,#5121,#5125,.T.);
#5127=ORIENTED_EDGE('',*,*,#5126,.T.);
#5128=CARTESIAN_POINT('',(26.420821506,-38.692168662,33.267523624));
#5129=VERTEX_POINT('',#5128);
#5130=CARTESIAN_POINT('',(24.740821506,-38.692168662,33.267523624));
#5131=DIRECTION('',(-0.,1.,0.));
#5132=DIRECTION('',(1.,-0.,0.));
#5133=AXIS2_PLACEMENT_3D('',#5130,#5131,#5132);
#5134=CIRCLE('',#5133,1.68);
#5135=EDGE_CURVE('NONE',#5129,#5121,#5134,.T.);
#5136=ORIENTED_EDGE('',*,*,#5135,.F.);
#5137=CARTESIAN_POINT('',(26.420821506,-39.442168662,33.267523624));
#5138=DIRECTION('',(-0.,1.,0.));
#5139=VECTOR('',#5138,0.75);
#5140=LINE('',#5137,#5139);
#5141=EDGE_CURVE('NONE',#4910,#5129,#5140,.T.);
#5142=ORIENTED_EDGE('',*,*,#5141,.F.);
#5143=EDGE_LOOP('',(#5119,#5127,#5136,#5142));
#5144=FACE_BOUND('',#5143,.T.);
#5145=ADVANCED_FACE('NONE',(#5144),#5118,.T.);
#5146=OVER_RIDING_STYLED_ITEM('',(#4815),#5145,#4734);
#5147=CARTESIAN_POINT('',(58.740821506,-38.692168662,33.267523624));
#5148=DIRECTION('',(0.,-1.,-0.));
#5149=DIRECTION('',(-1.,0.,-0.));
#5150=AXIS2_PLACEMENT_3D('',#5147,#5148,#5149);
#5151=CYLINDRICAL_SURFACE('',#5150,1.68);
#5152=CARTESIAN_POINT('',(57.060821506,-38.692168662,33.267523624));
#5153=VERTEX_POINT('',#5152);
#5154=CARTESIAN_POINT('',(60.420821506,-38.692168662,33.267523624));
#5155=VERTEX_POINT('',#5154);
#5156=CARTESIAN_POINT('',(58.740821506,-38.692168662,33.267523624));
#5157=DIRECTION('',(0.,-1.,-0.));
#5158=DIRECTION('',(-1.,0.,-0.));
#5159=AXIS2_PLACEMENT_3D('',#5156,#5157,#5158);
#5160=CIRCLE('',#5159,1.68);
#5161=EDGE_CURVE('NONE',#5153,#5155,#5160,.T.);
#5162=ORIENTED_EDGE('',*,*,#5161,.T.);
#5163=CARTESIAN_POINT('',(60.420821506,-38.692168662,33.267523624));
#5164=DIRECTION('',(0.,-1.,-0.));
#5165=VECTOR('',#5164,0.75);
#5166=LINE('',#5163,#5165);
#5167=EDGE_CURVE('NONE',#5155,#4987,#5166,.T.);
#5168=ORIENTED_EDGE('',*,*,#5167,.T.);
#5169=CARTESIAN_POINT('',(58.740821506,-39.442168662,33.267523624));
#5170=DIRECTION('',(-0.,1.,0.));
#5171=DIRECTION('',(-1.,0.,-0.));
#5172=AXIS2_PLACEMENT_3D('',#5169,#5170,#5171);
#5173=CIRCLE('',#5172,1.68);
#5174=EDGE_CURVE('NONE',#4987,#4985,#5173,.T.);
#5175=ORIENTED_EDGE('',*,*,#5174,.T.);
#5176=CARTESIAN_POINT('',(57.060821506,-38.692168662,33.267523624));
#5177=DIRECTION('',(0.,-1.,-0.));
#5178=VECTOR('',#5177,0.75);
#5179=LINE('',#5176,#5178);
#5180=EDGE_CURVE('NONE',#5153,#4985,#5179,.T.);
#5181=ORIENTED_EDGE('',*,*,#5180,.F.);
#5182=EDGE_LOOP('',(#5162,#5168,#5175,#5181));
#5183=FACE_BOUND('',#5182,.T.);
#5184=ADVANCED_FACE('NONE',(#5183),#5151,.T.);
#5185=OVER_RIDING_STYLED_ITEM('',(#4815),#5184,#4734);
#5186=CARTESIAN_POINT('',(31.515821506,-4.982168662,26.357523624));
#5187=DIRECTION('',(-0.,-1.,-0.));
#5188=DIRECTION('',(-1.,0.,-0.));
#5189=AXIS2_PLACEMENT_3D('',#5186,#5187,#5188);
#5190=CYLINDRICAL_SURFACE('',#5189,9.325);
#5191=CARTESIAN_POINT('',(34.872251901,-3.622168662,35.057523624));
#5192=VERTEX_POINT('',#5191);
#5193=CARTESIAN_POINT('',(22.190821506,-3.622168662,26.357523624));
#5194=VERTEX_POINT('',#5193);
#5195=CARTESIAN_POINT('',(31.515821506,-3.622168662,26.357523624));
#5196=DIRECTION('',(-0.,-1.,-0.));
#5197=DIRECTION('',(-1.,0.,-0.));
#5198=AXIS2_PLACEMENT_3D('',#5195,#5196,#5197);
#5199=CIRCLE('',#5198,9.325);
#5200=EDGE_CURVE('NONE',#5192,#5194,#5199,.T.);
#5201=ORIENTED_EDGE('',*,*,#5200,.T.);
#5202=CARTESIAN_POINT('',(22.190821506,-6.342168662,26.357523624));
#5203=VERTEX_POINT('',#5202);
#5204=CARTESIAN_POINT('',(22.190821506,-3.622168662,26.357523624));
#5205=DIRECTION('',(-0.,-1.,-0.));
#5206=VECTOR('',#5205,2.72);
#5207=LINE('',#5204,#5206);
#5208=EDGE_CURVE('NONE',#5194,#5203,#5207,.T.);
#5209=ORIENTED_EDGE('',*,*,#5208,.T.);
#5210=CARTESIAN_POINT('',(34.872251901,-6.342168662,35.057523624));
#5211=VERTEX_POINT('',#5210);
#5212=CARTESIAN_POINT('',(31.515821506,-6.342168662,26.357523624));
#5213=DIRECTION('',(0.,1.,0.));
#5214=DIRECTION('',(-1.,0.,-0.));
#5215=AXIS2_PLACEMENT_3D('',#5212,#5213,#5214);
#5216=CIRCLE('',#5215,9.325);
#5217=EDGE_CURVE('NONE',#5203,#5211,#5216,.T.);
#5218=ORIENTED_EDGE('',*,*,#5217,.T.);
#5219=CARTESIAN_POINT('',(34.872251901,-3.622168662,35.057523624));
#5220=DIRECTION('',(0.,-1.,-0.));
#5221=VECTOR('',#5220,2.72);
#5222=LINE('',#5219,#5221);
#5223=EDGE_CURVE('NONE',#5192,#5211,#5222,.T.);
#5224=ORIENTED_EDGE('',*,*,#5223,.F.);
#5225=EDGE_LOOP('',(#5201,#5209,#5218,#5224));
#5226=FACE_BOUND('',#5225,.T.);
#5227=ADVANCED_FACE('NONE',(#5226),#5190,.T.);
#5228=CARTESIAN_POINT('',(21.070821506,-38.467168662,25.137523624));
#5229=DIRECTION('',(-1.,0.,-0.));
#5230=DIRECTION('',(-0.,1.,0.));
#5231=AXIS2_PLACEMENT_3D('',#5228,#5229,#5230);
#5232=CYLINDRICAL_SURFACE('',#5231,0.61);
#5233=CARTESIAN_POINT('',(21.070821506,-39.077168662,25.137523624));
#5234=VERTEX_POINT('',#5233);
#5235=CARTESIAN_POINT('',(21.070821506,-37.857168662,25.137523624));
#5236=VERTEX_POINT('',#5235);
#5237=CARTESIAN_POINT('',(21.070821506,-38.467168662,25.137523624));
#5238=DIRECTION('',(1.,-0.,0.));
#5239=DIRECTION('',(-0.,1.,0.));
#5240=AXIS2_PLACEMENT_3D('',#5237,#5238,#5239);
#5241=CIRCLE('',#5240,0.61);
#5242=EDGE_CURVE('NONE',#5234,#5236,#5241,.T.);
#5243=ORIENTED_EDGE('',*,*,#5242,.F.);
#5244=CARTESIAN_POINT('',(11.070821506,-39.077168662,25.137523624));
#5245=VERTEX_POINT('',#5244);
#5246=CARTESIAN_POINT('',(21.070821506,-39.077168662,25.137523624));
#5247=DIRECTION('',(-1.,0.,-0.));
#5248=VECTOR('',#5247,10.);
#5249=LINE('',#5246,#5248);
#5250=EDGE_CURVE('NONE',#5234,#5245,#5249,.T.);
#5251=ORIENTED_EDGE('',*,*,#5250,.T.);
#5252=CARTESIAN_POINT('',(11.070821506,-37.857168662,25.137523624));
#5253=VERTEX_POINT('',#5252);
#5254=CARTESIAN_POINT('',(11.070821506,-38.467168662,25.137523624));
#5255=DIRECTION('',(1.,-0.,0.));
#5256=DIRECTION('',(-0.,1.,0.));
#5257=AXIS2_PLACEMENT_3D('',#5254,#5255,#5256);
#5258=CIRCLE('',#5257,0.61);
#5259=EDGE_CURVE('NONE',#5245,#5253,#5258,.T.);
#5260=ORIENTED_EDGE('',*,*,#5259,.T.);
#5261=CARTESIAN_POINT('',(21.070821506,-37.857168662,25.137523624));
#5262=DIRECTION('',(-1.,0.,-0.));
#5263=VECTOR('',#5262,10.);
#5264=LINE('',#5261,#5263);
#5265=EDGE_CURVE('NONE',#5236,#5253,#5264,.T.);
#5266=ORIENTED_EDGE('',*,*,#5265,.F.);
#5267=EDGE_LOOP('',(#5243,#5251,#5260,#5266));
#5268=FACE_BOUND('',#5267,.T.);
#5269=ADVANCED_FACE('NONE',(#5268),#5232,.T.);
#5270=DRAUGHTING_PRE_DEFINED_COLOUR('yellow');
#5271=FILL_AREA_STYLE_COLOUR('',#5270);
#5272=FILL_AREA_STYLE('',(#5271));
#5273=SURFACE_STYLE_FILL_AREA(#5272);
#5274=SURFACE_SIDE_STYLE('',(#5273));
#5275=SURFACE_STYLE_USAGE(.BOTH.,#5274);
#5276=PRESENTATION_STYLE_ASSIGNMENT((#5275));
#5277=OVER_RIDING_STYLED_ITEM('',(#5276),#5269,#4734);
#5278=CARTESIAN_POINT('',(21.070821506,-38.467168662,27.577523624));
#5279=DIRECTION('',(-1.,0.,-0.));
#5280=DIRECTION('',(-0.,1.,0.));
#5281=AXIS2_PLACEMENT_3D('',#5278,#5279,#5280);
#5282=CYLINDRICAL_SURFACE('',#5281,0.61);
#5283=CARTESIAN_POINT('',(21.070821506,-39.077168662,27.577523624));
#5284=VERTEX_POINT('',#5283);
#5285=CARTESIAN_POINT('',(21.070821506,-37.857168662,27.577523624));
#5286=VERTEX_POINT('',#5285);
#5287=CARTESIAN_POINT('',(21.070821506,-38.467168662,27.577523624));
#5288=DIRECTION('',(1.,-0.,0.));
#5289=DIRECTION('',(-0.,1.,0.));
#5290=AXIS2_PLACEMENT_3D('',#5287,#5288,#5289);
#5291=CIRCLE('',#5290,0.61);
#5292=EDGE_CURVE('NONE',#5284,#5286,#5291,.T.);
#5293=ORIENTED_EDGE('',*,*,#5292,.F.);
#5294=CARTESIAN_POINT('',(11.070821506,-39.077168662,27.577523624));
#5295=VERTEX_POINT('',#5294);
#5296=CARTESIAN_POINT('',(21.070821506,-39.077168662,27.577523624));
#5297=DIRECTION('',(-1.,0.,-0.));
#5298=VECTOR('',#5297,10.);
#5299=LINE('',#5296,#5298);
#5300=EDGE_CURVE('NONE',#5284,#5295,#5299,.T.);
#5301=ORIENTED_EDGE('',*,*,#5300,.T.);
#5302=CARTESIAN_POINT('',(11.070821506,-37.857168662,27.577523624));
#5303=VERTEX_POINT('',#5302);
#5304=CARTESIAN_POINT('',(11.070821506,-38.467168662,27.577523624));
#5305=DIRECTION('',(1.,-0.,0.));
#5306=DIRECTION('',(-0.,1.,0.));
#5307=AXIS2_PLACEMENT_3D('',#5304,#5305,#5306);
#5308=CIRCLE('',#5307,0.61);
#5309=EDGE_CURVE('NONE',#5295,#5303,#5308,.T.);
#5310=ORIENTED_EDGE('',*,*,#5309,.T.);
#5311=CARTESIAN_POINT('',(21.070821506,-37.857168662,27.577523624));
#5312=DIRECTION('',(-1.,0.,-0.));
#5313=VECTOR('',#5312,10.);
#5314=LINE('',#5311,#5313);
#5315=EDGE_CURVE('NONE',#5286,#5303,#5314,.T.);
#5316=ORIENTED_EDGE('',*,*,#5315,.F.);
#5317=EDGE_LOOP('',(#5293,#5301,#5310,#5316));
#5318=FACE_BOUND('',#5317,.T.);
#5319=ADVANCED_FACE('NONE',(#5318),#5282,.T.);
#5320=COLOUR_RGB('',0.309803933,0.309803933,0.309803933);
#5321=FILL_AREA_STYLE_COLOUR('',#5320);
#5322=FILL_AREA_STYLE('',(#5321));
#5323=SURFACE_STYLE_FILL_AREA(#5322);
#5324=SURFACE_SIDE_STYLE('',(#5323));
#5325=SURFACE_STYLE_USAGE(.BOTH.,#5324);
#5326=PRESENTATION_STYLE_ASSIGNMENT((#5325));
#5327=OVER_RIDING_STYLED_ITEM('',(#5326),#5319,#4734);
#5328=CARTESIAN_POINT('',(21.070821506,-38.467168662,26.357523624));
#5329=DIRECTION('',(-1.,-0.,-0.));
#5330=DIRECTION('',(0.,0.,-1.));
#5331=AXIS2_PLACEMENT_3D('',#5328,#5329,#5330);
#5332=CYLINDRICAL_SURFACE('',#5331,0.61);
#5333=CARTESIAN_POINT('',(21.070821506,-38.467168662,26.967523624));
#5334=VERTEX_POINT('',#5333);
#5335=CARTESIAN_POINT('',(21.070821506,-38.467168662,25.747523624));
#5336=VERTEX_POINT('',#5335);
#5337=CARTESIAN_POINT('',(21.070821506,-38.467168662,26.357523624));
#5338=DIRECTION('',(1.,0.,0.));
#5339=DIRECTION('',(0.,0.,-1.));
#5340=AXIS2_PLACEMENT_3D('',#5337,#5338,#5339);
#5341=CIRCLE('',#5340,0.61);
#5342=EDGE_CURVE('NONE',#5334,#5336,#5341,.T.);
#5343=ORIENTED_EDGE('',*,*,#5342,.F.);
#5344=CARTESIAN_POINT('',(11.070821506,-38.467168662,26.967523624));
#5345=VERTEX_POINT('',#5344);
#5346=CARTESIAN_POINT('',(21.070821506,-38.467168662,26.967523624));
#5347=DIRECTION('',(-1.,-0.,-0.));
#5348=VECTOR('',#5347,10.);
#5349=LINE('',#5346,#5348);
#5350=EDGE_CURVE('NONE',#5334,#5345,#5349,.T.);
#5351=ORIENTED_EDGE('',*,*,#5350,.T.);
#5352=CARTESIAN_POINT('',(11.070821506,-38.467168662,25.747523624));
#5353=VERTEX_POINT('',#5352);
#5354=CARTESIAN_POINT('',(11.070821506,-38.467168662,26.357523624));
#5355=DIRECTION('',(1.,0.,0.));
#5356=DIRECTION('',(0.,0.,-1.));
#5357=AXIS2_PLACEMENT_3D('',#5354,#5355,#5356);
#5358=CIRCLE('',#5357,0.61);
#5359=EDGE_CURVE('NONE',#5345,#5353,#5358,.T.);
#5360=ORIENTED_EDGE('',*,*,#5359,.T.);
#5361=CARTESIAN_POINT('',(21.070821506,-38.467168662,25.747523624));
#5362=DIRECTION('',(-1.,-0.,-0.));
#5363=VECTOR('',#5362,10.);
#5364=LINE('',#5361,#5363);
#5365=EDGE_CURVE('NONE',#5336,#5353,#5364,.T.);
#5366=ORIENTED_EDGE('',*,*,#5365,.F.);
#5367=EDGE_LOOP('',(#5343,#5351,#5360,#5366));
#5368=FACE_BOUND('',#5367,.T.);
#5369=ADVANCED_FACE('NONE',(#5368),#5332,.T.);
#5370=DRAUGHTING_PRE_DEFINED_COLOUR('red');
#5371=FILL_AREA_STYLE_COLOUR('',#5370);
#5372=FILL_AREA_STYLE('',(#5371));
#5373=SURFACE_STYLE_FILL_AREA(#5372);
#5374=SURFACE_SIDE_STYLE('',(#5373));
#5375=SURFACE_STYLE_USAGE(.BOTH.,#5374);
#5376=PRESENTATION_STYLE_ASSIGNMENT((#5375));
#5377=OVER_RIDING_STYLED_ITEM('',(#5376),#5369,#4734);
#5378=CARTESIAN_POINT('',(31.515821506,-2.557168662,26.357523624));
#5379=DIRECTION('',(-0.,-1.,-0.));
#5380=DIRECTION('',(-1.,0.,-0.));
#5381=AXIS2_PLACEMENT_3D('',#5378,#5379,#5380);
#5382=CYLINDRICAL_SURFACE('',#5381,6.925);
#5383=CARTESIAN_POINT('',(24.590821506,-1.492168662,26.357523624));
#5384=VERTEX_POINT('',#5383);
#5385=CARTESIAN_POINT('',(38.440821506,-1.492168662,26.357523624));
#5386=VERTEX_POINT('',#5385);
#5387=CARTESIAN_POINT('',(31.515821506,-1.492168662,26.357523624));
#5388=DIRECTION('',(-0.,-1.,-0.));
#5389=DIRECTION('',(-1.,0.,-0.));
#5390=AXIS2_PLACEMENT_3D('',#5387,#5388,#5389);
#5391=CIRCLE('',#5390,6.925);
#5392=EDGE_CURVE('NONE',#5384,#5386,#5391,.T.);
#5393=ORIENTED_EDGE('',*,*,#5392,.T.);
#5394=CARTESIAN_POINT('',(38.440821506,-3.622168662,26.357523624));
#5395=VERTEX_POINT('',#5394);
#5396=CARTESIAN_POINT('',(38.440821506,-1.492168662,26.357523624));
#5397=DIRECTION('',(-0.,-1.,-0.));
#5398=VECTOR('',#5397,2.13);
#5399=LINE('',#5396,#5398);
#5400=EDGE_CURVE('NONE',#5386,#5395,#5399,.T.);
#5401=ORIENTED_EDGE('',*,*,#5400,.T.);
#5402=CARTESIAN_POINT('',(24.590821506,-3.622168662,26.357523624));
#5403=VERTEX_POINT('',#5402);
#5404=CARTESIAN_POINT('',(31.515821506,-3.622168662,26.357523624));
#5405=DIRECTION('',(-0.,-1.,-0.));
#5406=DIRECTION('',(-1.,0.,-0.));
#5407=AXIS2_PLACEMENT_3D('',#5404,#5405,#5406);
#5408=CIRCLE('',#5407,6.925);
#5409=EDGE_CURVE('NONE',#5403,#5395,#5408,.T.);
#5410=ORIENTED_EDGE('',*,*,#5409,.F.);
#5411=CARTESIAN_POINT('',(24.590821506,-1.492168662,26.357523624));
#5412=DIRECTION('',(-0.,-1.,-0.));
#5413=VECTOR('',#5412,2.13);
#5414=LINE('',#5411,#5413);
#5415=EDGE_CURVE('NONE',#5384,#5403,#5414,.T.);
#5416=ORIENTED_EDGE('',*,*,#5415,.F.);
#5417=EDGE_LOOP('',(#5393,#5401,#5410,#5416));
#5418=FACE_BOUND('',#5417,.T.);
#5419=ADVANCED_FACE('NONE',(#5418),#5382,.T.);
#5420=CARTESIAN_POINT('',(31.515821506,-1.432168662,26.357523624));
#5421=DIRECTION('',(-0.,-1.,-0.));
#5422=DIRECTION('',(-1.,0.,-0.));
#5423=AXIS2_PLACEMENT_3D('',#5420,#5421,#5422);
#5424=CYLINDRICAL_SURFACE('',#5423,5.);
#5425=CARTESIAN_POINT('',(26.515821506,-1.372168662,26.357523624));
#5426=VERTEX_POINT('',#5425);
#5427=CARTESIAN_POINT('',(36.515821506,-1.372168662,26.357523624));
#5428=VERTEX_POINT('',#5427);
#5429=CARTESIAN_POINT('',(31.515821506,-1.372168662,26.357523624));
#5430=DIRECTION('',(-0.,-1.,-0.));
#5431=DIRECTION('',(-1.,0.,-0.));
#5432=AXIS2_PLACEMENT_3D('',#5429,#5430,#5431);
#5433=CIRCLE('',#5432,5.);
#5434=EDGE_CURVE('NONE',#5426,#5428,#5433,.T.);
#5435=ORIENTED_EDGE('',*,*,#5434,.T.);
#5436=CARTESIAN_POINT('',(36.515821506,-1.492168662,26.357523624));
#5437=VERTEX_POINT('',#5436);
#5438=CARTESIAN_POINT('',(36.515821506,-1.372168662,26.357523624));
#5439=DIRECTION('',(-0.,-1.,-0.));
#5440=VECTOR('',#5439,0.12);
#5441=LINE('',#5438,#5440);
#5442=EDGE_CURVE('NONE',#5428,#5437,#5441,.T.);
#5443=ORIENTED_EDGE('',*,*,#5442,.T.);
#5444=CARTESIAN_POINT('',(26.515821506,-1.492168662,26.357523624));
#5445=VERTEX_POINT('',#5444);
#5446=CARTESIAN_POINT('',(31.515821506,-1.492168662,26.357523624));
#5447=DIRECTION('',(-0.,-1.,-0.));
#5448=DIRECTION('',(-1.,0.,-0.));
#5449=AXIS2_PLACEMENT_3D('',#5446,#5447,#5448);
#5450=CIRCLE('',#5449,5.);
#5451=EDGE_CURVE('NONE',#5445,#5437,#5450,.T.);
#5452=ORIENTED_EDGE('',*,*,#5451,.F.);
#5453=CARTESIAN_POINT('',(26.515821506,-1.372168662,26.357523624));
#5454=DIRECTION('',(-0.,-1.,-0.));
#5455=VECTOR('',#5454,0.12);
#5456=LINE('',#5453,#5455);
#5457=EDGE_CURVE('NONE',#5426,#5445,#5456,.T.);
#5458=ORIENTED_EDGE('',*,*,#5457,.F.);
#5459=EDGE_LOOP('',(#5435,#5443,#5452,#5458));
#5460=FACE_BOUND('',#5459,.T.);
#5461=ADVANCED_FACE('NONE',(#5460),#5424,.T.);
#5462=CARTESIAN_POINT('',(31.515821506,-1.757168662,26.357523624));
#5463=DIRECTION('',(-0.,-1.,-0.));
#5464=DIRECTION('',(-1.,0.,-0.));
#5465=AXIS2_PLACEMENT_3D('',#5462,#5463,#5464);
#5466=CYLINDRICAL_SURFACE('',#5465,1.054624244);
#5467=CARTESIAN_POINT('',(32.57044575,1.827831338,26.357523624));
#5468=VERTEX_POINT('',#5467);
#5469=CARTESIAN_POINT('',(30.461197262,1.827831338,26.357523624));
#5470=VERTEX_POINT('',#5469);
#5471=CARTESIAN_POINT('',(31.515821506,1.827831338,26.357523624));
#5472=DIRECTION('',(-0.,-1.,-0.));
#5473=DIRECTION('',(-1.,0.,-0.));
#5474=AXIS2_PLACEMENT_3D('',#5471,#5472,#5473);
#5475=CIRCLE('',#5474,1.054624244);
#5476=EDGE_CURVE('NONE',#5468,#5470,#5475,.T.);
#5477=ORIENTED_EDGE('',*,*,#5476,.F.);
#5478=CARTESIAN_POINT('',(32.57044575,-5.342168662,26.357523624));
#5479=VERTEX_POINT('',#5478);
#5480=CARTESIAN_POINT('',(32.57044575,1.827831338,26.357523624));
#5481=DIRECTION('',(-0.,-1.,-0.));
#5482=VECTOR('',#5481,7.17);
#5483=LINE('',#5480,#5482);
#5484=EDGE_CURVE('NONE',#5468,#5479,#5483,.T.);
#5485=ORIENTED_EDGE('',*,*,#5484,.T.);
#5486=CARTESIAN_POINT('',(30.461197262,-5.342168662,26.357523624));
#5487=VERTEX_POINT('',#5486);
#5488=CARTESIAN_POINT('',(31.515821506,-5.342168662,26.357523624));
#5489=DIRECTION('',(0.,1.,0.));
#5490=DIRECTION('',(-1.,0.,-0.));
#5491=AXIS2_PLACEMENT_3D('',#5488,#5489,#5490);
#5492=CIRCLE('',#5491,1.054624244);
#5493=EDGE_CURVE('NONE',#5487,#5479,#5492,.T.);
#5494=ORIENTED_EDGE('',*,*,#5493,.F.);
#5495=CARTESIAN_POINT('',(30.461197262,1.827831338,26.357523624));
#5496=DIRECTION('',(-0.,-1.,-0.));
#5497=VECTOR('',#5496,7.17);
#5498=LINE('',#5495,#5497);
#5499=EDGE_CURVE('NONE',#5470,#5487,#5498,.T.);
#5500=ORIENTED_EDGE('',*,*,#5499,.F.);
#5501=EDGE_LOOP('',(#5477,#5485,#5494,#5500));
#5502=FACE_BOUND('',#5501,.T.);
#5503=ADVANCED_FACE('NONE',(#5502),#5466,.F.);
#5504=OVER_RIDING_STYLED_ITEM('',(#3068),#5503,#4734);
#5505=CARTESIAN_POINT('',(61.740821506,-6.342168662,16.447523624));
#5506=DIRECTION('',(0.,0.,-1.));
#5507=DIRECTION('',(0.,-1.,-0.));
#5508=AXIS2_PLACEMENT_3D('',#5505,#5506,#5507);
#5509=PLANE('',#5508);
#5510=CARTESIAN_POINT('',(26.740821506,-38.692168662,16.447523624));
#5511=VERTEX_POINT('',#5510);
#5512=CARTESIAN_POINT('',(23.740821506,-38.692168662,16.447523624));
#5513=VERTEX_POINT('',#5512);
#5514=CARTESIAN_POINT('',(26.740821506,-38.692168662,16.447523624));
#5515=DIRECTION('',(-1.,0.,-0.));
#5516=VECTOR('',#5515,3.);
#5517=LINE('',#5514,#5516);
#5518=EDGE_CURVE('NONE',#5511,#5513,#5517,.T.);
#5519=ORIENTED_EDGE('',*,*,#5518,.T.);
#5520=CARTESIAN_POINT('',(23.740821506,-7.092168662,16.447523624));
#5521=VERTEX_POINT('',#5520);
#5522=CARTESIAN_POINT('',(23.740821506,-38.692168662,16.447523624));
#5523=DIRECTION('',(-0.,1.,0.));
#5524=VECTOR('',#5523,31.6);
#5525=LINE('',#5522,#5524);
#5526=EDGE_CURVE('NONE',#5513,#5521,#5525,.T.);
#5527=ORIENTED_EDGE('',*,*,#5526,.T.);
#5528=CARTESIAN_POINT('',(59.740821506,-7.092168662,16.447523624));
#5529=VERTEX_POINT('',#5528);
#5530=CARTESIAN_POINT('',(23.740821506,-7.092168662,16.447523624));
#5531=DIRECTION('',(1.,-0.,0.));
#5532=VECTOR('',#5531,36.);
#5533=LINE('',#5530,#5532);
#5534=EDGE_CURVE('NONE',#5521,#5529,#5533,.T.);
#5535=ORIENTED_EDGE('',*,*,#5534,.T.);
#5536=CARTESIAN_POINT('',(59.740821506,-38.692168662,16.447523624));
#5537=VERTEX_POINT('',#5536);
#5538=CARTESIAN_POINT('',(59.740821506,-7.092168662,16.447523624));
#5539=DIRECTION('',(0.,-1.,-0.));
#5540=VECTOR('',#5539,31.6);
#5541=LINE('',#5538,#5540);
#5542=EDGE_CURVE('NONE',#5529,#5537,#5541,.T.);
#5543=ORIENTED_EDGE('',*,*,#5542,.T.);
#5544=CARTESIAN_POINT('',(56.740821506,-38.692168662,16.447523624));
#5545=VERTEX_POINT('',#5544);
#5546=CARTESIAN_POINT('',(59.740821506,-38.692168662,16.447523624));
#5547=DIRECTION('',(-1.,0.,-0.));
#5548=VECTOR('',#5547,3.);
#5549=LINE('',#5546,#5548);
#5550=EDGE_CURVE('NONE',#5537,#5545,#5549,.T.);
#5551=ORIENTED_EDGE('',*,*,#5550,.T.);
#5552=CARTESIAN_POINT('',(56.740821506,-39.442168662,16.447523624));
#5553=VERTEX_POINT('',#5552);
#5554=CARTESIAN_POINT('',(56.740821506,-38.692168662,16.447523624));
#5555=DIRECTION('',(0.,-1.,-0.));
#5556=VECTOR('',#5555,0.75);
#5557=LINE('',#5554,#5556);
#5558=EDGE_CURVE('NONE',#5545,#5553,#5557,.T.);
#5559=ORIENTED_EDGE('',*,*,#5558,.T.);
#5560=CARTESIAN_POINT('',(26.740821506,-39.442168662,16.447523624));
#5561=VERTEX_POINT('',#5560);
#5562=CARTESIAN_POINT('',(56.740821506,-39.442168662,16.447523624));
#5563=DIRECTION('',(-1.,0.,-0.));
#5564=VECTOR('',#5563,30.);
#5565=LINE('',#5562,#5564);
#5566=EDGE_CURVE('NONE',#5553,#5561,#5565,.T.);
#5567=ORIENTED_EDGE('',*,*,#5566,.T.);
#5568=CARTESIAN_POINT('',(26.740821506,-38.692168662,16.447523624));
#5569=DIRECTION('',(0.,-1.,-0.));
#5570=VECTOR('',#5569,0.75);
#5571=LINE('',#5568,#5570);
#5572=EDGE_CURVE('NONE',#5511,#5561,#5571,.T.);
#5573=ORIENTED_EDGE('',*,*,#5572,.F.);
#5574=EDGE_LOOP('',(#5519,#5527,#5535,#5543,#5551,#5559,#5567,#5573));
#5575=FACE_BOUND('',#5574,.T.);
#5576=ADVANCED_FACE('NONE',(#5575),#5509,.T.);
#5577=CARTESIAN_POINT('',(23.740821506,-6.342168662,18.447523624));
#5578=DIRECTION('',(0.,-1.,-0.));
#5579=DIRECTION('',(-1.,0.,-0.));
#5580=AXIS2_PLACEMENT_3D('',#5577,#5578,#5579);
#5581=CYLINDRICAL_SURFACE('',#5580,2.);
#5582=CARTESIAN_POINT('',(21.740821506,-12.842168662,18.447523624));
#5583=VERTEX_POINT('',#5582);
#5584=CARTESIAN_POINT('',(22.495520337,-12.842168662,16.882523624));
#5585=VERTEX_POINT('',#5584);
#5586=CARTESIAN_POINT('',(23.740821506,-12.842168662,18.447523624));
#5587=DIRECTION('',(0.,-1.,-0.));
#5588=DIRECTION('',(-1.,0.,-0.));
#5589=AXIS2_PLACEMENT_3D('',#5586,#5587,#5588);
#5590=CIRCLE('',#5589,2.);
#5591=EDGE_CURVE('NONE',#5583,#5585,#5590,.T.);
#5592=ORIENTED_EDGE('',*,*,#5591,.T.);
#5593=CARTESIAN_POINT('',(22.495520337,-10.342168662,16.882523624));
#5594=VERTEX_POINT('',#5593);
#5595=CARTESIAN_POINT('',(22.495520337,-12.842168662,16.882523624));
#5596=DIRECTION('',(-0.,1.,0.));
#5597=VECTOR('',#5596,2.5);
#5598=LINE('',#5595,#5597);
#5599=EDGE_CURVE('NONE',#5585,#5594,#5598,.T.);
#5600=ORIENTED_EDGE('',*,*,#5599,.T.);
#5601=CARTESIAN_POINT('',(21.740821506,-10.342168662,18.447523624));
#5602=VERTEX_POINT('',#5601);
#5603=CARTESIAN_POINT('',(23.740821506,-10.342168662,18.447523624));
#5604=DIRECTION('',(-0.,1.,0.));
#5605=DIRECTION('',(-1.,0.,-0.));
#5606=AXIS2_PLACEMENT_3D('',#5603,#5604,#5605);
#5607=CIRCLE('',#5606,2.);
#5608=EDGE_CURVE('NONE',#5594,#5602,#5607,.T.);
#5609=ORIENTED_EDGE('',*,*,#5608,.T.);
#5610=CARTESIAN_POINT('',(21.740821506,-7.092168662,18.447523624));
#5611=VERTEX_POINT('',#5610);
#5612=CARTESIAN_POINT('',(21.740821506,-10.342168662,18.447523624));
#5613=DIRECTION('',(-0.,1.,0.));
#5614=VECTOR('',#5613,3.25);
#5615=LINE('',#5612,#5614);
#5616=EDGE_CURVE('NONE',#5602,#5611,#5615,.T.);
#5617=ORIENTED_EDGE('',*,*,#5616,.T.);
#5618=CARTESIAN_POINT('',(23.740821506,-7.092168662,18.447523624));
#5619=DIRECTION('',(0.,-1.,-0.));
#5620=DIRECTION('',(-1.,0.,-0.));
#5621=AXIS2_PLACEMENT_3D('',#5618,#5619,#5620);
#5622=CIRCLE('',#5621,2.);
#5623=EDGE_CURVE('NONE',#5611,#5521,#5622,.T.);
#5624=ORIENTED_EDGE('',*,*,#5623,.T.);
#5625=ORIENTED_EDGE('',*,*,#5526,.F.);
#5626=CARTESIAN_POINT('',(21.740821506,-38.692168662,18.447523624));
#5627=VERTEX_POINT('',#5626);
#5628=CARTESIAN_POINT('',(23.740821506,-38.692168662,18.447523624));
#5629=DIRECTION('',(-0.,1.,0.));
#5630=DIRECTION('',(-1.,0.,-0.));
#5631=AXIS2_PLACEMENT_3D('',#5628,#5629,#5630);
#5632=CIRCLE('',#5631,2.);
#5633=EDGE_CURVE('NONE',#5513,#5627,#5632,.T.);
#5634=ORIENTED_EDGE('',*,*,#5633,.T.);
#5635=CARTESIAN_POINT('',(21.740821506,-38.692168662,18.447523624));
#5636=DIRECTION('',(-0.,1.,0.));
#5637=VECTOR('',#5636,25.85);
#5638=LINE('',#5635,#5637);
#5639=EDGE_CURVE('NONE',#5627,#5583,#5638,.T.);
#5640=ORIENTED_EDGE('',*,*,#5639,.T.);
#5641=EDGE_LOOP('',(#5592,#5600,#5609,#5617,#5624,#5625,#5634,#5640));
#5642=FACE_BOUND('',#5641,.T.);
#5643=ADVANCED_FACE('NONE',(#5642),#5581,.T.);
#5644=CARTESIAN_POINT('',(24.240821506,-38.692168662,18.947523624));
#5645=DIRECTION('',(-0.,1.,0.));
#5646=DIRECTION('',(1.,-0.,0.));
#5647=AXIS2_PLACEMENT_3D('',#5644,#5645,#5646);
#5648=PLANE('',#5647);
#5649=ORIENTED_EDGE('',*,*,#5056,.F.);
#5650=CARTESIAN_POINT('',(24.740821506,-38.692168662,19.447523624));
#5651=DIRECTION('',(0.,-1.,-0.));
#5652=DIRECTION('',(-1.,0.,-0.));
#5653=AXIS2_PLACEMENT_3D('',#5650,#5651,#5652);
#5654=CIRCLE('',#5653,1.68);
#5655=EDGE_CURVE('NONE',#5050,#5048,#5654,.T.);
#5656=ORIENTED_EDGE('',*,*,#5655,.F.);
#5657=EDGE_LOOP('',(#5649,#5656));
#5658=FACE_BOUND('',#5657,.T.);
#5659=CARTESIAN_POINT('',(21.740821506,-38.692168662,21.447523624));
#5660=VERTEX_POINT('',#5659);
#5661=CARTESIAN_POINT('',(21.740821506,-38.692168662,18.447523624));
#5662=DIRECTION('',(-0.,-0.,1.));
#5663=VECTOR('',#5662,3.);
#5664=LINE('',#5661,#5663);
#5665=EDGE_CURVE('NONE',#5627,#5660,#5664,.T.);
#5666=ORIENTED_EDGE('',*,*,#5665,.F.);
#5667=ORIENTED_EDGE('',*,*,#5633,.F.);
#5668=ORIENTED_EDGE('',*,*,#5518,.F.);
#5669=CARTESIAN_POINT('',(26.740821506,-38.692168662,19.447523624));
#5670=VERTEX_POINT('',#5669);
#5671=CARTESIAN_POINT('',(26.740821506,-38.692168662,19.447523624));
#5672=DIRECTION('',(0.,0.,-1.));
#5673=VECTOR('',#5672,3.);
#5674=LINE('',#5671,#5673);
#5675=EDGE_CURVE('NONE',#5670,#5511,#5674,.T.);
#5676=ORIENTED_EDGE('',*,*,#5675,.F.);
#5677=CARTESIAN_POINT('',(24.740821506,-38.692168662,21.447523624));
#5678=VERTEX_POINT('',#5677);
#5679=CARTESIAN_POINT('',(24.740821506,-38.692168662,19.447523624));
#5680=DIRECTION('',(-0.,1.,0.));
#5681=DIRECTION('',(-1.,0.,-0.));
#5682=AXIS2_PLACEMENT_3D('',#5679,#5680,#5681);
#5683=CIRCLE('',#5682,2.);
#5684=EDGE_CURVE('NONE',#5678,#5670,#5683,.T.);
#5685=ORIENTED_EDGE('',*,*,#5684,.F.);
#5686=CARTESIAN_POINT('',(21.740821506,-38.692168662,21.447523624));
#5687=DIRECTION('',(1.,-0.,0.));
#5688=VECTOR('',#5687,3.);
#5689=LINE('',#5686,#5688);
#5690=EDGE_CURVE('NONE',#5660,#5678,#5689,.T.);
#5691=ORIENTED_EDGE('',*,*,#5690,.F.);
#5692=EDGE_LOOP('',(#5666,#5667,#5668,#5676,#5685,#5691));
#5693=FACE_BOUND('',#5692,.T.);
#5694=ADVANCED_FACE('NONE',(#5658,#5693),#5648,.F.);
#5695=CARTESIAN_POINT('',(51.740821506,-40.067168662,17.072523624));
#5696=DIRECTION('',(-0.,-0.707106781,-0.707106781));
#5697=DIRECTION('',(-0.,-0.707106781,0.707106781));
#5698=AXIS2_PLACEMENT_3D('',#5695,#5696,#5697);
#5699=PLANE('',#5698);
#5700=CARTESIAN_POINT('',(26.740821506,-40.692168662,17.697523624));
#5701=VERTEX_POINT('',#5700);
#5702=CARTESIAN_POINT('',(26.740821506,-40.692168662,17.697523624));
#5703=DIRECTION('',(0.,0.707106781,-0.707106781));
#5704=VECTOR('',#5703,1.767766953);
#5705=LINE('',#5702,#5704);
#5706=EDGE_CURVE('NONE',#5701,#5561,#5705,.T.);
#5707=ORIENTED_EDGE('',*,*,#5706,.T.);
#5708=ORIENTED_EDGE('',*,*,#5566,.F.);
#5709=CARTESIAN_POINT('',(56.740821506,-40.692168662,17.697523624));
#5710=VERTEX_POINT('',#5709);
#5711=CARTESIAN_POINT('',(56.740821506,-39.442168662,16.447523624));
#5712=DIRECTION('',(-0.,-0.707106781,0.707106781));
#5713=VECTOR('',#5712,1.767766953);
#5714=LINE('',#5711,#5713);
#5715=EDGE_CURVE('NONE',#5553,#5710,#5714,.T.);
#5716=ORIENTED_EDGE('',*,*,#5715,.T.);
#5717=CARTESIAN_POINT('',(56.740821506,-40.692168662,17.697523624));
#5718=DIRECTION('',(-1.,0.,-0.));
#5719=VECTOR('',#5718,30.);
#5720=LINE('',#5717,#5719);
#5721=EDGE_CURVE('NONE',#5710,#5701,#5720,.T.);
#5722=ORIENTED_EDGE('',*,*,#5721,.T.);
#5723=EDGE_LOOP('',(#5707,#5708,#5716,#5722));
#5724=FACE_BOUND('',#5723,.T.);
#5725=ADVANCED_FACE('NONE',(#5724),#5699,.T.);
#5726=CARTESIAN_POINT('',(59.240821506,-38.692168662,18.947523624));
#5727=DIRECTION('',(0.,-1.,-0.));
#5728=DIRECTION('',(-1.,0.,-0.));
#5729=AXIS2_PLACEMENT_3D('',#5726,#5727,#5728);
#5730=PLANE('',#5729);
#5731=ORIENTED_EDGE('',*,*,#5102,.T.);
#5732=CARTESIAN_POINT('',(58.740821506,-38.692168662,19.447523624));
#5733=DIRECTION('',(-0.,1.,0.));
#5734=DIRECTION('',(1.,-0.,0.));
#5735=AXIS2_PLACEMENT_3D('',#5732,#5733,#5734);
#5736=CIRCLE('',#5735,1.68);
#5737=EDGE_CURVE('NONE',#5088,#5096,#5736,.T.);
#5738=ORIENTED_EDGE('',*,*,#5737,.T.);
#5739=EDGE_LOOP('',(#5731,#5738));
#5740=FACE_BOUND('',#5739,.T.);
#5741=CARTESIAN_POINT('',(56.740821506,-38.692168662,19.447523624));
#5742=VERTEX_POINT('',#5741);
#5743=CARTESIAN_POINT('',(56.740821506,-38.692168662,19.447523624));
#5744=DIRECTION('',(0.,0.,-1.));
#5745=VECTOR('',#5744,3.);
#5746=LINE('',#5743,#5745);
#5747=EDGE_CURVE('NONE',#5742,#5545,#5746,.T.);
#5748=ORIENTED_EDGE('',*,*,#5747,.T.);
#5749=ORIENTED_EDGE('',*,*,#5550,.F.);
#5750=CARTESIAN_POINT('',(61.740821506,-38.692168662,18.447523624));
#5751=VERTEX_POINT('',#5750);
#5752=CARTESIAN_POINT('',(59.740821506,-38.692168662,18.447523624));
#5753=DIRECTION('',(0.,-1.,-0.));
#5754=DIRECTION('',(-1.,0.,-0.));
#5755=AXIS2_PLACEMENT_3D('',#5752,#5753,#5754);
#5756=CIRCLE('',#5755,2.);
#5757=EDGE_CURVE('NONE',#5537,#5751,#5756,.T.);
#5758=ORIENTED_EDGE('',*,*,#5757,.T.);
#5759=CARTESIAN_POINT('',(61.740821506,-38.692168662,21.447523624));
#5760=VERTEX_POINT('',#5759);
#5761=CARTESIAN_POINT('',(61.740821506,-38.692168662,18.447523624));
#5762=DIRECTION('',(-0.,-0.,1.));
#5763=VECTOR('',#5762,3.);
#5764=LINE('',#5761,#5763);
#5765=EDGE_CURVE('NONE',#5751,#5760,#5764,.T.);
#5766=ORIENTED_EDGE('',*,*,#5765,.T.);
#5767=CARTESIAN_POINT('',(58.740821506,-38.692168662,21.447523624));
#5768=VERTEX_POINT('',#5767);
#5769=CARTESIAN_POINT('',(61.740821506,-38.692168662,21.447523624));
#5770=DIRECTION('',(-1.,0.,-0.));
#5771=VECTOR('',#5770,3.);
#5772=LINE('',#5769,#5771);
#5773=EDGE_CURVE('NONE',#5760,#5768,#5772,.T.);
#5774=ORIENTED_EDGE('',*,*,#5773,.T.);
#5775=CARTESIAN_POINT('',(58.740821506,-38.692168662,19.447523624));
#5776=DIRECTION('',(0.,-1.,-0.));
#5777=DIRECTION('',(1.,-0.,0.));
#5778=AXIS2_PLACEMENT_3D('',#5775,#5776,#5777);
#5779=CIRCLE('',#5778,2.);
#5780=EDGE_CURVE('NONE',#5768,#5742,#5779,.T.);
#5781=ORIENTED_EDGE('',*,*,#5780,.T.);
#5782=EDGE_LOOP('',(#5748,#5749,#5758,#5766,#5774,#5781));
#5783=FACE_BOUND('',#5782,.T.);
#5784=ADVANCED_FACE('NONE',(#5740,#5783),#5730,.T.);
#5785=CARTESIAN_POINT('',(59.740821506,-6.342168662,18.447523624));
#5786=DIRECTION('',(0.,-1.,-0.));
#5787=DIRECTION('',(-1.,0.,-0.));
#5788=AXIS2_PLACEMENT_3D('',#5785,#5786,#5787);
#5789=CYLINDRICAL_SURFACE('',#5788,2.);
#5790=CARTESIAN_POINT('',(60.986122674,-10.342168662,16.882523624));
#5791=VERTEX_POINT('',#5790);
#5792=CARTESIAN_POINT('',(60.986122674,-12.842168662,16.882523624));
#5793=VERTEX_POINT('',#5792);
#5794=CARTESIAN_POINT('',(60.986122674,-10.342168662,16.882523624));
#5795=DIRECTION('',(0.,-1.,-0.));
#5796=VECTOR('',#5795,2.5);
#5797=LINE('',#5794,#5796);
#5798=EDGE_CURVE('NONE',#5791,#5793,#5797,.T.);
#5799=ORIENTED_EDGE('',*,*,#5798,.T.);
#5800=CARTESIAN_POINT('',(61.740821506,-12.842168662,18.447523624));
#5801=VERTEX_POINT('',#5800);
#5802=CARTESIAN_POINT('',(59.740821506,-12.842168662,18.447523624));
#5803=DIRECTION('',(0.,-1.,-0.));
#5804=DIRECTION('',(-1.,0.,-0.));
#5805=AXIS2_PLACEMENT_3D('',#5802,#5803,#5804);
#5806=CIRCLE('',#5805,2.);
#5807=EDGE_CURVE('NONE',#5793,#5801,#5806,.T.);
#5808=ORIENTED_EDGE('',*,*,#5807,.T.);
#5809=CARTESIAN_POINT('',(61.740821506,-12.842168662,18.447523624));
#5810=DIRECTION('',(0.,-1.,-0.));
#5811=VECTOR('',#5810,25.85);
#5812=LINE('',#5809,#5811);
#5813=EDGE_CURVE('NONE',#5801,#5751,#5812,.T.);
#5814=ORIENTED_EDGE('',*,*,#5813,.T.);
#5815=ORIENTED_EDGE('',*,*,#5757,.F.);
#5816=ORIENTED_EDGE('',*,*,#5542,.F.);
#5817=CARTESIAN_POINT('',(61.740821506,-7.092168662,18.447523624));
#5818=VERTEX_POINT('',#5817);
#5819=CARTESIAN_POINT('',(59.740821506,-7.092168662,18.447523624));
#5820=DIRECTION('',(0.,-1.,-0.));
#5821=DIRECTION('',(-1.,0.,-0.));
#5822=AXIS2_PLACEMENT_3D('',#5819,#5820,#5821);
#5823=CIRCLE('',#5822,2.);
#5824=EDGE_CURVE('NONE',#5529,#5818,#5823,.T.);
#5825=ORIENTED_EDGE('',*,*,#5824,.T.);
#5826=CARTESIAN_POINT('',(61.740821506,-10.342168662,18.447523624));
#5827=VERTEX_POINT('',#5826);
#5828=CARTESIAN_POINT('',(61.740821506,-7.092168662,18.447523624));
#5829=DIRECTION('',(0.,-1.,-0.));
#5830=VECTOR('',#5829,3.25);
#5831=LINE('',#5828,#5830);
#5832=EDGE_CURVE('NONE',#5818,#5827,#5831,.T.);
#5833=ORIENTED_EDGE('',*,*,#5832,.T.);
#5834=CARTESIAN_POINT('',(59.740821506,-10.342168662,18.447523624));
#5835=DIRECTION('',(-0.,1.,0.));
#5836=DIRECTION('',(-1.,0.,-0.));
#5837=AXIS2_PLACEMENT_3D('',#5834,#5835,#5836);
#5838=CIRCLE('',#5837,2.);
#5839=EDGE_CURVE('NONE',#5827,#5791,#5838,.T.);
#5840=ORIENTED_EDGE('',*,*,#5839,.T.);
#5841=EDGE_LOOP('',(#5799,#5808,#5814,#5815,#5816,#5825,#5833,#5840));
#5842=FACE_BOUND('',#5841,.T.);
#5843=ADVANCED_FACE('NONE',(#5842),#5789,.T.);
#5844=CARTESIAN_POINT('',(41.740821506,-7.092168662,26.357523624));
#5845=DIRECTION('',(0.,-1.,-0.));
#5846=DIRECTION('',(-1.,0.,-0.));
#5847=AXIS2_PLACEMENT_3D('',#5844,#5845,#5846);
#5848=PLANE('',#5847);
#5849=CARTESIAN_POINT('',(59.740821506,-7.092168662,16.897523624));
#5850=VERTEX_POINT('',#5849);
#5851=CARTESIAN_POINT('',(23.740821506,-7.092168662,16.897523624));
#5852=VERTEX_POINT('',#5851);
#5853=CARTESIAN_POINT('',(59.740821506,-7.092168662,16.897523624));
#5854=DIRECTION('',(-1.,0.,-0.));
#5855=VECTOR('',#5854,36.);
#5856=LINE('',#5853,#5855);
#5857=EDGE_CURVE('NONE',#5850,#5852,#5856,.T.);
#5858=ORIENTED_EDGE('',*,*,#5857,.F.);
#5859=CARTESIAN_POINT('',(61.290821506,-7.092168662,18.447523624));
#5860=VERTEX_POINT('',#5859);
#5861=CARTESIAN_POINT('',(59.740821506,-7.092168662,18.447523624));
#5862=DIRECTION('',(-0.,1.,0.));
#5863=DIRECTION('',(-1.,0.,-0.));
#5864=AXIS2_PLACEMENT_3D('',#5861,#5862,#5863);
#5865=CIRCLE('',#5864,1.55);
#5866=EDGE_CURVE('NONE',#5860,#5850,#5865,.T.);
#5867=ORIENTED_EDGE('',*,*,#5866,.F.);
#5868=CARTESIAN_POINT('',(61.290821506,-7.092168662,34.267523624));
#5869=VERTEX_POINT('',#5868);
#5870=CARTESIAN_POINT('',(61.290821506,-7.092168662,34.267523624));
#5871=DIRECTION('',(0.,0.,-1.));
#5872=VECTOR('',#5871,15.82);
#5873=LINE('',#5870,#5872);
#5874=EDGE_CURVE('NONE',#5869,#5860,#5873,.T.);
#5875=ORIENTED_EDGE('',*,*,#5874,.F.);
#5876=CARTESIAN_POINT('',(59.740821506,-7.092168662,35.817523624));
#5877=VERTEX_POINT('',#5876);
#5878=CARTESIAN_POINT('',(59.740821506,-7.092168662,34.267523624));
#5879=DIRECTION('',(-0.,1.,0.));
#5880=DIRECTION('',(-1.,0.,-0.));
#5881=AXIS2_PLACEMENT_3D('',#5878,#5879,#5880);
#5882=CIRCLE('',#5881,1.55);
#5883=EDGE_CURVE('NONE',#5877,#5869,#5882,.T.);
#5884=ORIENTED_EDGE('',*,*,#5883,.F.);
#5885=CARTESIAN_POINT('',(23.740821506,-7.092168662,35.817523624));
#5886=VERTEX_POINT('',#5885);
#5887=CARTESIAN_POINT('',(23.740821506,-7.092168662,35.817523624));
#5888=DIRECTION('',(1.,-0.,0.));
#5889=VECTOR('',#5888,36.);
#5890=LINE('',#5887,#5889);
#5891=EDGE_CURVE('NONE',#5886,#5877,#5890,.T.);
#5892=ORIENTED_EDGE('',*,*,#5891,.F.);
#5893=CARTESIAN_POINT('',(22.190821506,-7.092168662,34.267523624));
#5894=VERTEX_POINT('',#5893);
#5895=CARTESIAN_POINT('',(23.740821506,-7.092168662,34.267523624));
#5896=DIRECTION('',(-0.,1.,0.));
#5897=DIRECTION('',(-1.,0.,-0.));
#5898=AXIS2_PLACEMENT_3D('',#5895,#5896,#5897);
#5899=CIRCLE('',#5898,1.55);
#5900=EDGE_CURVE('NONE',#5894,#5886,#5899,.T.);
#5901=ORIENTED_EDGE('',*,*,#5900,.F.);
#5902=CARTESIAN_POINT('',(22.190821506,-7.092168662,18.447523624));
#5903=VERTEX_POINT('',#5902);
#5904=CARTESIAN_POINT('',(22.190821506,-7.092168662,18.447523624));
#5905=DIRECTION('',(-0.,-0.,1.));
#5906=VECTOR('',#5905,15.82);
#5907=LINE('',#5904,#5906);
#5908=EDGE_CURVE('NONE',#5903,#5894,#5907,.T.);
#5909=ORIENTED_EDGE('',*,*,#5908,.F.);
#5910=CARTESIAN_POINT('',(23.740821506,-7.092168662,18.447523624));
#5911=DIRECTION('',(-0.,1.,0.));
#5912=DIRECTION('',(-1.,0.,-0.));
#5913=AXIS2_PLACEMENT_3D('',#5910,#5911,#5912);
#5914=CIRCLE('',#5913,1.55);
#5915=EDGE_CURVE('NONE',#5852,#5903,#5914,.T.);
#5916=ORIENTED_EDGE('',*,*,#5915,.F.);
#5917=EDGE_LOOP('',(#5858,#5867,#5875,#5884,#5892,#5901,#5909,#5916));
#5918=FACE_BOUND('',#5917,.T.);
#5919=CARTESIAN_POINT('',(61.740821506,-7.092168662,34.267523624));
#5920=VERTEX_POINT('',#5919);
#5921=CARTESIAN_POINT('',(59.740821506,-7.092168662,36.267523624));
#5922=VERTEX_POINT('',#5921);
#5923=CARTESIAN_POINT('',(59.740821506,-7.092168662,34.267523624));
#5924=DIRECTION('',(0.,-1.,-0.));
#5925=DIRECTION('',(-1.,0.,-0.));
#5926=AXIS2_PLACEMENT_3D('',#5923,#5924,#5925);
#5927=CIRCLE('',#5926,2.);
#5928=EDGE_CURVE('NONE',#5920,#5922,#5927,.T.);
#5929=ORIENTED_EDGE('',*,*,#5928,.F.);
#5930=CARTESIAN_POINT('',(61.740821506,-7.092168662,18.447523624));
#5931=DIRECTION('',(-0.,-0.,1.));
#5932=VECTOR('',#5931,15.82);
#5933=LINE('',#5930,#5932);
#5934=EDGE_CURVE('NONE',#5818,#5920,#5933,.T.);
#5935=ORIENTED_EDGE('',*,*,#5934,.F.);
#5936=ORIENTED_EDGE('',*,*,#5824,.F.);
#5937=ORIENTED_EDGE('',*,*,#5534,.F.);
#5938=ORIENTED_EDGE('',*,*,#5623,.F.);
#5939=CARTESIAN_POINT('',(21.740821506,-7.092168662,34.267523624));
#5940=VERTEX_POINT('',#5939);
#5941=CARTESIAN_POINT('',(21.740821506,-7.092168662,34.267523624));
#5942=DIRECTION('',(0.,0.,-1.));
#5943=VECTOR('',#5942,15.82);
#5944=LINE('',#5941,#5943);
#5945=EDGE_CURVE('NONE',#5940,#5611,#5944,.T.);
#5946=ORIENTED_EDGE('',*,*,#5945,.F.);
#5947=CARTESIAN_POINT('',(23.740821506,-7.092168662,36.267523624));
#5948=VERTEX_POINT('',#5947);
#5949=CARTESIAN_POINT('',(23.740821506,-7.092168662,34.267523624));
#5950=DIRECTION('',(0.,-1.,-0.));
#5951=DIRECTION('',(-1.,0.,-0.));
#5952=AXIS2_PLACEMENT_3D('',#5949,#5950,#5951);
#5953=CIRCLE('',#5952,2.);
#5954=EDGE_CURVE('NONE',#5948,#5940,#5953,.T.);
#5955=ORIENTED_EDGE('',*,*,#5954,.F.);
#5956=CARTESIAN_POINT('',(59.740821506,-7.092168662,36.267523624));
#5957=DIRECTION('',(-1.,0.,-0.));
#5958=VECTOR('',#5957,36.);
#5959=LINE('',#5956,#5958);
#5960=EDGE_CURVE('NONE',#5922,#5948,#5959,.T.);
#5961=ORIENTED_EDGE('',*,*,#5960,.F.);
#5962=EDGE_LOOP('',(#5929,#5935,#5936,#5937,#5938,#5946,#5955,#5961));
#5963=FACE_BOUND('',#5962,.T.);
#5964=ADVANCED_FACE('NONE',(#5918,#5963),#5848,.F.);
#5965=CARTESIAN_POINT('',(22.495520337,-12.842168662,16.882523624));
#5966=DIRECTION('',(-0.,-0.,1.));
#5967=DIRECTION('',(-0.,1.,0.));
#5968=AXIS2_PLACEMENT_3D('',#5965,#5966,#5967);
#5969=PLANE('',#5968);
#5970=CARTESIAN_POINT('',(16.690821506,-10.342168662,16.882523624));
#5971=VERTEX_POINT('',#5970);
#5972=CARTESIAN_POINT('',(22.495520337,-10.342168662,16.882523624));
#5973=DIRECTION('',(-1.,0.,-0.));
#5974=VECTOR('',#5973,5.804698832);
#5975=LINE('',#5972,#5974);
#5976=EDGE_CURVE('NONE',#5594,#5971,#5975,.T.);
#5977=ORIENTED_EDGE('',*,*,#5976,.F.);
#5978=ORIENTED_EDGE('',*,*,#5599,.F.);
#5979=CARTESIAN_POINT('',(16.690821506,-12.842168662,16.882523624));
#5980=VERTEX_POINT('',#5979);
#5981=CARTESIAN_POINT('',(16.690821506,-12.842168662,16.882523624));
#5982=DIRECTION('',(1.,-0.,0.));
#5983=VECTOR('',#5982,5.804698832);
#5984=LINE('',#5981,#5983);
#5985=EDGE_CURVE('NONE',#5980,#5585,#5984,.T.);
#5986=ORIENTED_EDGE('',*,*,#5985,.F.);
#5987=CARTESIAN_POINT('',(16.690821506,-10.342168662,16.882523624));
#5988=DIRECTION('',(0.,-1.,-0.));
#5989=VECTOR('',#5988,2.5);
#5990=LINE('',#5987,#5989);
#5991=EDGE_CURVE('NONE',#5971,#5980,#5990,.T.);
#5992=ORIENTED_EDGE('',*,*,#5991,.F.);
#5993=EDGE_LOOP('',(#5977,#5978,#5986,#5992));
#5994=FACE_BOUND('',#5993,.T.);
#5995=ADVANCED_FACE('NONE',(#5994),#5969,.F.);
#5996=CARTESIAN_POINT('',(18.558931448,-12.842168662,26.357523624));
#5997=DIRECTION('',(-0.,1.,0.));
#5998=DIRECTION('',(1.,-0.,0.));
#5999=AXIS2_PLACEMENT_3D('',#5996,#5997,#5998);
#6000=PLANE('',#5999);
#6001=ORIENTED_EDGE('',*,*,#5985,.T.);
#6002=ORIENTED_EDGE('',*,*,#5591,.F.);
#6003=CARTESIAN_POINT('',(21.740821506,-12.842168662,34.267523624));
#6004=VERTEX_POINT('',#6003);
#6005=CARTESIAN_POINT('',(21.740821506,-12.842168662,34.267523624));
#6006=DIRECTION('',(0.,0.,-1.));
#6007=VECTOR('',#6006,15.82);
#6008=LINE('',#6005,#6007);
#6009=EDGE_CURVE('NONE',#6004,#5583,#6008,.T.);
#6010=ORIENTED_EDGE('',*,*,#6009,.F.);
#6011=CARTESIAN_POINT('',(22.495520337,-12.842168662,35.832523624));
#6012=VERTEX_POINT('',#6011);
#6013=CARTESIAN_POINT('',(23.740821506,-12.842168662,34.267523624));
#6014=DIRECTION('',(0.,-1.,-0.));
#6015=DIRECTION('',(-1.,0.,-0.));
#6016=AXIS2_PLACEMENT_3D('',#6013,#6014,#6015);
#6017=CIRCLE('',#6016,2.);
#6018=EDGE_CURVE('NONE',#6012,#6004,#6017,.T.);
#6019=ORIENTED_EDGE('',*,*,#6018,.F.);
#6020=CARTESIAN_POINT('',(16.690821506,-12.842168662,35.832523624));
#6021=VERTEX_POINT('',#6020);
#6022=CARTESIAN_POINT('',(16.690821506,-12.842168662,35.832523624));
#6023=DIRECTION('',(1.,-0.,0.));
#6024=VECTOR('',#6023,5.804698832);
#6025=LINE('',#6022,#6024);
#6026=EDGE_CURVE('NONE',#6021,#6012,#6025,.T.);
#6027=ORIENTED_EDGE('',*,*,#6026,.F.);
#6028=CARTESIAN_POINT('',(15.190821506,-12.842168662,34.332523624));
#6029=VERTEX_POINT('',#6028);
#6030=CARTESIAN_POINT('',(16.690821506,-12.842168662,34.332523624));
#6031=DIRECTION('',(-0.,1.,0.));
#6032=DIRECTION('',(-1.,0.,-0.));
#6033=AXIS2_PLACEMENT_3D('',#6030,#6031,#6032);
#6034=CIRCLE('',#6033,1.5);
#6035=EDGE_CURVE('NONE',#6029,#6021,#6034,.T.);
#6036=ORIENTED_EDGE('',*,*,#6035,.F.);
#6037=CARTESIAN_POINT('',(15.190821506,-12.842168662,32.732523624));
#6038=VERTEX_POINT('',#6037);
#6039=CARTESIAN_POINT('',(15.190821506,-12.842168662,34.332523624));
#6040=DIRECTION('',(0.,0.,-1.));
#6041=VECTOR('',#6040,1.6);
#6042=LINE('',#6039,#6041);
#6043=EDGE_CURVE('NONE',#6029,#6038,#6042,.T.);
#6044=ORIENTED_EDGE('',*,*,#6043,.T.);
#6045=CARTESIAN_POINT('',(15.885655329,-12.842168662,32.732523624));
#6046=VERTEX_POINT('',#6045);
#6047=CARTESIAN_POINT('',(15.190821506,-12.842168662,32.732523624));
#6048=DIRECTION('',(1.,-0.,0.));
#6049=VECTOR('',#6048,0.694833823);
#6050=LINE('',#6047,#6049);
#6051=EDGE_CURVE('NONE',#6038,#6046,#6050,.T.);
#6052=ORIENTED_EDGE('',*,*,#6051,.T.);
#6053=CARTESIAN_POINT('',(15.885655329,-12.842168662,29.982523624));
#6054=VERTEX_POINT('',#6053);
#6055=CARTESIAN_POINT('',(17.615821506,-12.842168662,31.357523624));
#6056=DIRECTION('',(0.,-1.,-0.));
#6057=DIRECTION('',(-1.,0.,-0.));
#6058=AXIS2_PLACEMENT_3D('',#6055,#6056,#6057);
#6059=CIRCLE('',#6058,2.21);
#6060=EDGE_CURVE('NONE',#6054,#6046,#6059,.T.);
#6061=ORIENTED_EDGE('',*,*,#6060,.F.);
#6062=CARTESIAN_POINT('',(15.190821506,-12.842168662,29.982523624));
#6063=VERTEX_POINT('',#6062);
#6064=CARTESIAN_POINT('',(15.885655329,-12.842168662,29.982523624));
#6065=DIRECTION('',(-1.,0.,-0.));
#6066=VECTOR('',#6065,0.694833823);
#6067=LINE('',#6064,#6066);
#6068=EDGE_CURVE('NONE',#6054,#6063,#6067,.T.);
#6069=ORIENTED_EDGE('',*,*,#6068,.T.);
#6070=CARTESIAN_POINT('',(15.190821506,-12.842168662,22.732523624));
#6071=VERTEX_POINT('',#6070);
#6072=CARTESIAN_POINT('',(15.190821506,-12.842168662,22.732523624));
#6073=DIRECTION('',(-0.,-0.,1.));
#6074=VECTOR('',#6073,7.25);
#6075=LINE('',#6072,#6074);
#6076=EDGE_CURVE('NONE',#6071,#6063,#6075,.T.);
#6077=ORIENTED_EDGE('',*,*,#6076,.F.);
#6078=CARTESIAN_POINT('',(15.885655329,-12.842168662,22.732523624));
#6079=VERTEX_POINT('',#6078);
#6080=CARTESIAN_POINT('',(15.190821506,-12.842168662,22.732523624));
#6081=DIRECTION('',(1.,-0.,0.));
#6082=VECTOR('',#6081,0.694833823);
#6083=LINE('',#6080,#6082);
#6084=EDGE_CURVE('NONE',#6071,#6079,#6083,.T.);
#6085=ORIENTED_EDGE('',*,*,#6084,.T.);
#6086=CARTESIAN_POINT('',(15.885655329,-12.842168662,19.982523624));
#6087=VERTEX_POINT('',#6086);
#6088=CARTESIAN_POINT('',(17.615821506,-12.842168662,21.357523624));
#6089=DIRECTION('',(0.,-1.,-0.));
#6090=DIRECTION('',(-1.,0.,-0.));
#6091=AXIS2_PLACEMENT_3D('',#6088,#6089,#6090);
#6092=CIRCLE('',#6091,2.21);
#6093=EDGE_CURVE('NONE',#6087,#6079,#6092,.T.);
#6094=ORIENTED_EDGE('',*,*,#6093,.F.);
#6095=CARTESIAN_POINT('',(15.190821506,-12.842168662,19.982523624));
#6096=VERTEX_POINT('',#6095);
#6097=CARTESIAN_POINT('',(15.885655329,-12.842168662,19.982523624));
#6098=DIRECTION('',(-1.,0.,-0.));
#6099=VECTOR('',#6098,0.694833823);
#6100=LINE('',#6097,#6099);
#6101=EDGE_CURVE('NONE',#6087,#6096,#6100,.T.);
#6102=ORIENTED_EDGE('',*,*,#6101,.T.);
#6103=CARTESIAN_POINT('',(15.190821506,-12.842168662,18.382523624));
#6104=VERTEX_POINT('',#6103);
#6105=CARTESIAN_POINT('',(15.190821506,-12.842168662,19.982523624));
#6106=DIRECTION('',(0.,0.,-1.));
#6107=VECTOR('',#6106,1.6);
#6108=LINE('',#6105,#6107);
#6109=EDGE_CURVE('NONE',#6096,#6104,#6108,.T.);
#6110=ORIENTED_EDGE('',*,*,#6109,.T.);
#6111=CARTESIAN_POINT('',(16.690821506,-12.842168662,18.382523624));
#6112=DIRECTION('',(-0.,1.,0.));
#6113=DIRECTION('',(-1.,0.,-0.));
#6114=AXIS2_PLACEMENT_3D('',#6111,#6112,#6113);
#6115=CIRCLE('',#6114,1.5);
#6116=EDGE_CURVE('NONE',#5980,#6104,#6115,.T.);
#6117=ORIENTED_EDGE('',*,*,#6116,.F.);
#6118=EDGE_LOOP('',(#6001,#6002,#6010,#6019,#6027,#6036,#6044,#6052,#6061,#6069,#6077,#6085,#6094,#6102,#6110,#6117));
#6119=FACE_BOUND('',#6118,.T.);
#6120=ADVANCED_FACE('NONE',(#6119),#6000,.F.);
#6121=CARTESIAN_POINT('',(21.740821506,-6.342168662,16.447523624));
#6122=DIRECTION('',(-1.,0.,-0.));
#6123=DIRECTION('',(-0.,1.,0.));
#6124=AXIS2_PLACEMENT_3D('',#6121,#6122,#6123);
#6125=PLANE('',#6124);
#6126=CARTESIAN_POINT('',(21.740821506,-39.442168662,21.447523624));
#6127=VERTEX_POINT('',#6126);
#6128=CARTESIAN_POINT('',(21.740821506,-38.692168662,21.447523624));
#6129=DIRECTION('',(0.,-1.,-0.));
#6130=VECTOR('',#6129,0.75);
#6131=LINE('',#6128,#6130);
#6132=EDGE_CURVE('NONE',#5660,#6127,#6131,.T.);
#6133=ORIENTED_EDGE('',*,*,#6132,.T.);
#6134=CARTESIAN_POINT('',(21.740821506,-39.442168662,23.464384547));
#6135=VERTEX_POINT('',#6134);
#6136=CARTESIAN_POINT('',(21.740821506,-39.442168662,21.447523624));
#6137=DIRECTION('',(-0.,-0.,1.));
#6138=VECTOR('',#6137,2.016860923);
#6139=LINE('',#6136,#6138);
#6140=EDGE_CURVE('NONE',#6127,#6135,#6139,.T.);
#6141=ORIENTED_EDGE('',*,*,#6140,.T.);
#6142=CARTESIAN_POINT('',(21.740821506,-36.874029585,23.464384547));
#6143=VERTEX_POINT('',#6142);
#6144=CARTESIAN_POINT('',(21.740821506,-39.442168662,23.464384547));
#6145=DIRECTION('',(-0.,1.,0.));
#6146=VECTOR('',#6145,2.568139077);
#6147=LINE('',#6144,#6146);
#6148=EDGE_CURVE('NONE',#6135,#6143,#6147,.T.);
#6149=ORIENTED_EDGE('',*,*,#6148,.T.);
#6150=CARTESIAN_POINT('',(21.740821506,-36.874029585,29.250662701));
#6151=VERTEX_POINT('',#6150);
#6152=CARTESIAN_POINT('',(21.740821506,-36.874029585,23.464384547));
#6153=DIRECTION('',(-0.,-0.,1.));
#6154=VECTOR('',#6153,5.786278154);
#6155=LINE('',#6152,#6154);
#6156=EDGE_CURVE('NONE',#6143,#6151,#6155,.T.);
#6157=ORIENTED_EDGE('',*,*,#6156,.T.);
#6158=CARTESIAN_POINT('',(21.740821506,-39.442168662,29.250662701));
#6159=VERTEX_POINT('',#6158);
#6160=CARTESIAN_POINT('',(21.740821506,-36.874029585,29.250662701));
#6161=DIRECTION('',(0.,-1.,-0.));
#6162=VECTOR('',#6161,2.568139077);
#6163=LINE('',#6160,#6162);
#6164=EDGE_CURVE('NONE',#6151,#6159,#6163,.T.);
#6165=ORIENTED_EDGE('',*,*,#6164,.T.);
#6166=CARTESIAN_POINT('',(21.740821506,-39.442168662,31.267523624));
#6167=VERTEX_POINT('',#6166);
#6168=CARTESIAN_POINT('',(21.740821506,-39.442168662,29.250662701));
#6169=DIRECTION('',(-0.,-0.,1.));
#6170=VECTOR('',#6169,2.016860923);
#6171=LINE('',#6168,#6170);
#6172=EDGE_CURVE('NONE',#6159,#6167,#6171,.T.);
#6173=ORIENTED_EDGE('',*,*,#6172,.T.);
#6174=CARTESIAN_POINT('',(21.740821506,-38.692168662,31.267523624));
#6175=VERTEX_POINT('',#6174);
#6176=CARTESIAN_POINT('',(21.740821506,-39.442168662,31.267523624));
#6177=DIRECTION('',(-0.,1.,0.));
#6178=VECTOR('',#6177,0.75);
#6179=LINE('',#6176,#6178);
#6180=EDGE_CURVE('NONE',#6167,#6175,#6179,.T.);
#6181=ORIENTED_EDGE('',*,*,#6180,.T.);
#6182=CARTESIAN_POINT('',(21.740821506,-38.692168662,34.267523624));
#6183=VERTEX_POINT('',#6182);
#6184=CARTESIAN_POINT('',(21.740821506,-38.692168662,31.267523624));
#6185=DIRECTION('',(-0.,-0.,1.));
#6186=VECTOR('',#6185,3.);
#6187=LINE('',#6184,#6186);
#6188=EDGE_CURVE('NONE',#6175,#6183,#6187,.T.);
#6189=ORIENTED_EDGE('',*,*,#6188,.T.);
#6190=CARTESIAN_POINT('',(21.740821506,-38.692168662,34.267523624));
#6191=DIRECTION('',(-0.,1.,0.));
#6192=VECTOR('',#6191,25.85);
#6193=LINE('',#6190,#6192);
#6194=EDGE_CURVE('NONE',#6183,#6004,#6193,.T.);
#6195=ORIENTED_EDGE('',*,*,#6194,.T.);
#6196=ORIENTED_EDGE('',*,*,#6009,.T.);
#6197=ORIENTED_EDGE('',*,*,#5639,.F.);
#6198=ORIENTED_EDGE('',*,*,#5665,.T.);
#6199=EDGE_LOOP('',(#6133,#6141,#6149,#6157,#6165,#6173,#6181,#6189,#6195,#6196,#6197,#6198));
#6200=FACE_BOUND('',#6199,.T.);
#6201=ADVANCED_FACE('NONE',(#6200),#6125,.T.);
#6202=CARTESIAN_POINT('',(21.740821506,-6.342168662,16.447523624));
#6203=DIRECTION('',(-1.,0.,-0.));
#6204=DIRECTION('',(-0.,1.,0.));
#6205=AXIS2_PLACEMENT_3D('',#6202,#6203,#6204);
#6206=PLANE('',#6205);
#6207=ORIENTED_EDGE('',*,*,#5945,.T.);
#6208=ORIENTED_EDGE('',*,*,#5616,.F.);
#6209=CARTESIAN_POINT('',(21.740821506,-10.342168662,25.757523624));
#6210=VERTEX_POINT('',#6209);
#6211=CARTESIAN_POINT('',(21.740821506,-10.342168662,18.447523624));
#6212=DIRECTION('',(-0.,-0.,1.));
#6213=VECTOR('',#6212,7.31);
#6214=LINE('',#6211,#6213);
#6215=EDGE_CURVE('NONE',#5602,#6210,#6214,.T.);
#6216=ORIENTED_EDGE('',*,*,#6215,.T.);
#6217=CARTESIAN_POINT('',(21.740821506,-8.542168662,25.757523624));
#6218=VERTEX_POINT('',#6217);
#6219=CARTESIAN_POINT('',(21.740821506,-10.342168662,25.757523624));
#6220=DIRECTION('',(-0.,1.,0.));
#6221=VECTOR('',#6220,1.8);
#6222=LINE('',#6219,#6221);
#6223=EDGE_CURVE('NONE',#6210,#6218,#6222,.T.);
#6224=ORIENTED_EDGE('',*,*,#6223,.T.);
#6225=CARTESIAN_POINT('',(21.740821506,-8.542168662,26.957523624));
#6226=VERTEX_POINT('',#6225);
#6227=CARTESIAN_POINT('',(21.740821506,-8.542168662,25.757523624));
#6228=DIRECTION('',(-0.,-0.,1.));
#6229=VECTOR('',#6228,1.2);
#6230=LINE('',#6227,#6229);
#6231=EDGE_CURVE('NONE',#6218,#6226,#6230,.T.);
#6232=ORIENTED_EDGE('',*,*,#6231,.T.);
#6233=CARTESIAN_POINT('',(21.740821506,-10.342168662,26.957523624));
#6234=VERTEX_POINT('',#6233);
#6235=CARTESIAN_POINT('',(21.740821506,-8.542168662,26.957523624));
#6236=DIRECTION('',(0.,-1.,-0.));
#6237=VECTOR('',#6236,1.8);
#6238=LINE('',#6235,#6237);
#6239=EDGE_CURVE('NONE',#6226,#6234,#6238,.T.);
#6240=ORIENTED_EDGE('',*,*,#6239,.T.);
#6241=CARTESIAN_POINT('',(21.740821506,-10.342168662,34.267523624));
#6242=VERTEX_POINT('',#6241);
#6243=CARTESIAN_POINT('',(21.740821506,-10.342168662,26.957523624));
#6244=DIRECTION('',(-0.,-0.,1.));
#6245=VECTOR('',#6244,7.31);
#6246=LINE('',#6243,#6245);
#6247=EDGE_CURVE('NONE',#6234,#6242,#6246,.T.);
#6248=ORIENTED_EDGE('',*,*,#6247,.T.);
#6249=CARTESIAN_POINT('',(21.740821506,-10.342168662,34.267523624));
#6250=DIRECTION('',(-0.,1.,0.));
#6251=VECTOR('',#6250,3.25);
#6252=LINE('',#6249,#6251);
#6253=EDGE_CURVE('NONE',#6242,#5940,#6252,.T.);
#6254=ORIENTED_EDGE('',*,*,#6253,.T.);
#6255=EDGE_LOOP('',(#6207,#6208,#6216,#6224,#6232,#6240,#6248,#6254));
#6256=FACE_BOUND('',#6255,.T.);
#6257=ADVANCED_FACE('NONE',(#6256),#6206,.T.);
#6258=CARTESIAN_POINT('',(18.558931448,-10.342168662,26.357523624));
#6259=DIRECTION('',(-0.,1.,0.));
#6260=DIRECTION('',(1.,-0.,0.));
#6261=AXIS2_PLACEMENT_3D('',#6258,#6259,#6260);
#6262=PLANE('',#6261);
#6263=ORIENTED_EDGE('',*,*,#5608,.F.);
#6264=ORIENTED_EDGE('',*,*,#5976,.T.);
#6265=CARTESIAN_POINT('',(15.190821506,-10.342168662,18.382523624));
#6266=VERTEX_POINT('',#6265);
#6267=CARTESIAN_POINT('',(16.690821506,-10.342168662,18.382523624));
#6268=DIRECTION('',(-0.,1.,0.));
#6269=DIRECTION('',(-1.,0.,-0.));
#6270=AXIS2_PLACEMENT_3D('',#6267,#6268,#6269);
#6271=CIRCLE('',#6270,1.5);
#6272=EDGE_CURVE('NONE',#5971,#6266,#6271,.T.);
#6273=ORIENTED_EDGE('',*,*,#6272,.T.);
#6274=CARTESIAN_POINT('',(15.190821506,-10.342168662,19.982523624));
#6275=VERTEX_POINT('',#6274);
#6276=CARTESIAN_POINT('',(15.190821506,-10.342168662,18.382523624));
#6277=DIRECTION('',(-0.,-0.,1.));
#6278=VECTOR('',#6277,1.6);
#6279=LINE('',#6276,#6278);
#6280=EDGE_CURVE('NONE',#6266,#6275,#6279,.T.);
#6281=ORIENTED_EDGE('',*,*,#6280,.T.);
#6282=CARTESIAN_POINT('',(15.885655329,-10.342168662,19.982523624));
#6283=VERTEX_POINT('',#6282);
#6284=CARTESIAN_POINT('',(15.190821506,-10.342168662,19.982523624));
#6285=DIRECTION('',(1.,-0.,0.));
#6286=VECTOR('',#6285,0.694833823);
#6287=LINE('',#6284,#6286);
#6288=EDGE_CURVE('NONE',#6275,#6283,#6287,.T.);
#6289=ORIENTED_EDGE('',*,*,#6288,.T.);
#6290=CARTESIAN_POINT('',(15.885655329,-10.342168662,22.732523624));
#6291=VERTEX_POINT('',#6290);
#6292=CARTESIAN_POINT('',(17.615821506,-10.342168662,21.357523624));
#6293=DIRECTION('',(0.,-1.,-0.));
#6294=DIRECTION('',(-1.,0.,-0.));
#6295=AXIS2_PLACEMENT_3D('',#6292,#6293,#6294);
#6296=CIRCLE('',#6295,2.21);
#6297=EDGE_CURVE('NONE',#6283,#6291,#6296,.T.);
#6298=ORIENTED_EDGE('',*,*,#6297,.T.);
#6299=CARTESIAN_POINT('',(15.190821506,-10.342168662,22.732523624));
#6300=VERTEX_POINT('',#6299);
#6301=CARTESIAN_POINT('',(15.885655329,-10.342168662,22.732523624));
#6302=DIRECTION('',(-1.,0.,-0.));
#6303=VECTOR('',#6302,0.694833823);
#6304=LINE('',#6301,#6303);
#6305=EDGE_CURVE('NONE',#6291,#6300,#6304,.T.);
#6306=ORIENTED_EDGE('',*,*,#6305,.T.);
#6307=CARTESIAN_POINT('',(15.190821506,-10.342168662,25.757523624));
#6308=VERTEX_POINT('',#6307);
#6309=CARTESIAN_POINT('',(15.190821506,-10.342168662,22.732523624));
#6310=DIRECTION('',(-0.,-0.,1.));
#6311=VECTOR('',#6310,3.025);
#6312=LINE('',#6309,#6311);
#6313=EDGE_CURVE('NONE',#6300,#6308,#6312,.T.);
#6314=ORIENTED_EDGE('',*,*,#6313,.T.);
#6315=CARTESIAN_POINT('',(15.190821506,-10.342168662,25.757523624));
#6316=DIRECTION('',(1.,-0.,0.));
#6317=VECTOR('',#6316,6.55);
#6318=LINE('',#6315,#6317);
#6319=EDGE_CURVE('NONE',#6308,#6210,#6318,.T.);
#6320=ORIENTED_EDGE('',*,*,#6319,.T.);
#6321=ORIENTED_EDGE('',*,*,#6215,.F.);
#6322=EDGE_LOOP('',(#6263,#6264,#6273,#6281,#6289,#6298,#6306,#6314,#6320,#6321));
#6323=FACE_BOUND('',#6322,.T.);
#6324=ADVANCED_FACE('NONE',(#6323),#6262,.T.);
#6325=CARTESIAN_POINT('',(24.740821506,-38.692168662,19.447523624));
#6326=DIRECTION('',(0.,-1.,-0.));
#6327=DIRECTION('',(-1.,0.,-0.));
#6328=AXIS2_PLACEMENT_3D('',#6325,#6326,#6327);
#6329=CYLINDRICAL_SURFACE('',#6328,1.68);
#6330=ORIENTED_EDGE('',*,*,#5062,.F.);
#6331=ORIENTED_EDGE('',*,*,#5655,.T.);
#6332=ORIENTED_EDGE('',*,*,#5069,.T.);
#6333=CARTESIAN_POINT('',(24.740821506,-39.442168662,19.447523624));
#6334=DIRECTION('',(-0.,1.,0.));
#6335=DIRECTION('',(-1.,0.,-0.));
#6336=AXIS2_PLACEMENT_3D('',#6333,#6334,#6335);
#6337=CIRCLE('',#6336,1.68);
#6338=EDGE_CURVE('NONE',#4755,#4753,#6337,.T.);
#6339=ORIENTED_EDGE('',*,*,#6338,.T.);
#6340=EDGE_LOOP('',(#6330,#6331,#6332,#6339));
#6341=FACE_BOUND('',#6340,.T.);
#6342=ADVANCED_FACE('NONE',(#6341),#6329,.T.);
#6343=OVER_RIDING_STYLED_ITEM('',(#4815),#6342,#4734);
#6344=CARTESIAN_POINT('',(21.740821506,-40.692168662,21.447523624));
#6345=DIRECTION('',(0.,0.,-1.));
#6346=DIRECTION('',(0.,-1.,-0.));
#6347=AXIS2_PLACEMENT_3D('',#6344,#6345,#6346);
#6348=PLANE('',#6347);
#6349=CARTESIAN_POINT('',(24.740821506,-40.692168662,21.447523624));
#6350=VERTEX_POINT('',#6349);
#6351=CARTESIAN_POINT('',(24.740821506,-38.692168662,21.447523624));
#6352=DIRECTION('',(0.,-1.,-0.));
#6353=VECTOR('',#6352,2.);
#6354=LINE('',#6351,#6353);
#6355=EDGE_CURVE('NONE',#5678,#6350,#6354,.T.);
#6356=ORIENTED_EDGE('',*,*,#6355,.T.);
#6357=CARTESIAN_POINT('',(22.990821506,-40.692168662,21.447523624));
#6358=VERTEX_POINT('',#6357);
#6359=CARTESIAN_POINT('',(24.740821506,-40.692168662,21.447523624));
#6360=DIRECTION('',(-1.,0.,-0.));
#6361=VECTOR('',#6360,1.75);
#6362=LINE('',#6359,#6361);
#6363=EDGE_CURVE('NONE',#6350,#6358,#6362,.T.);
#6364=ORIENTED_EDGE('',*,*,#6363,.T.);
#6365=CARTESIAN_POINT('',(22.990821506,-40.692168662,21.447523624));
#6366=DIRECTION('',(-0.707106781,0.707106781,0.));
#6367=VECTOR('',#6366,1.767766953);
#6368=LINE('',#6365,#6367);
#6369=EDGE_CURVE('NONE',#6358,#6127,#6368,.T.);
#6370=ORIENTED_EDGE('',*,*,#6369,.T.);
#6371=ORIENTED_EDGE('',*,*,#6132,.F.);
#6372=ORIENTED_EDGE('',*,*,#5690,.T.);
#6373=EDGE_LOOP('',(#6356,#6364,#6370,#6371,#6372));
#6374=FACE_BOUND('',#6373,.T.);
#6375=ADVANCED_FACE('NONE',(#6374),#6348,.T.);
#6376=CARTESIAN_POINT('',(26.740821506,-40.692168662,19.447523624));
#6377=DIRECTION('',(-1.,0.,-0.));
#6378=DIRECTION('',(-0.,1.,0.));
#6379=AXIS2_PLACEMENT_3D('',#6376,#6377,#6378);
#6380=PLANE('',#6379);
#6381=ORIENTED_EDGE('',*,*,#5675,.T.);
#6382=ORIENTED_EDGE('',*,*,#5572,.T.);
#6383=ORIENTED_EDGE('',*,*,#5706,.F.);
#6384=CARTESIAN_POINT('',(26.740821506,-40.692168662,19.447523624));
#6385=VERTEX_POINT('',#6384);
#6386=CARTESIAN_POINT('',(26.740821506,-40.692168662,17.697523624));
#6387=DIRECTION('',(-0.,-0.,1.));
#6388=VECTOR('',#6387,1.75);
#6389=LINE('',#6386,#6388);
#6390=EDGE_CURVE('NONE',#5701,#6385,#6389,.T.);
#6391=ORIENTED_EDGE('',*,*,#6390,.T.);
#6392=CARTESIAN_POINT('',(26.740821506,-40.692168662,19.447523624));
#6393=DIRECTION('',(-0.,1.,0.));
#6394=VECTOR('',#6393,2.);
#6395=LINE('',#6392,#6394);
#6396=EDGE_CURVE('NONE',#6385,#5670,#6395,.T.);
#6397=ORIENTED_EDGE('',*,*,#6396,.T.);
#6398=EDGE_LOOP('',(#6381,#6382,#6383,#6391,#6397));
#6399=FACE_BOUND('',#6398,.T.);
#6400=ADVANCED_FACE('NONE',(#6399),#6380,.T.);
#6401=CARTESIAN_POINT('',(24.740821506,-40.692168662,19.447523624));
#6402=DIRECTION('',(0.,-1.,-0.));
#6403=DIRECTION('',(-1.,0.,-0.));
#6404=AXIS2_PLACEMENT_3D('',#6401,#6402,#6403);
#6405=CYLINDRICAL_SURFACE('',#6404,2.);
#6406=ORIENTED_EDGE('',*,*,#6396,.F.);
#6407=CARTESIAN_POINT('',(24.740821506,-40.692168662,19.447523624));
#6408=DIRECTION('',(-0.,1.,0.));
#6409=DIRECTION('',(-1.,0.,-0.));
#6410=AXIS2_PLACEMENT_3D('',#6407,#6408,#6409);
#6411=CIRCLE('',#6410,2.);
#6412=EDGE_CURVE('NONE',#6350,#6385,#6411,.T.);
#6413=ORIENTED_EDGE('',*,*,#6412,.F.);
#6414=ORIENTED_EDGE('',*,*,#6355,.F.);
#6415=ORIENTED_EDGE('',*,*,#5684,.T.);
#6416=EDGE_LOOP('',(#6406,#6413,#6414,#6415));
#6417=FACE_BOUND('',#6416,.T.);
#6418=ADVANCED_FACE('NONE',(#6417),#6405,.F.);
#6419=CARTESIAN_POINT('',(41.740821506,-40.692168662,26.357523624));
#6420=DIRECTION('',(0.,-1.,-0.));
#6421=DIRECTION('',(-1.,0.,-0.));
#6422=AXIS2_PLACEMENT_3D('',#6419,#6420,#6421);
#6423=PLANE('',#6422);
#6424=ORIENTED_EDGE('',*,*,#6412,.T.);
#6425=ORIENTED_EDGE('',*,*,#6390,.F.);
#6426=ORIENTED_EDGE('',*,*,#5721,.F.);
#6427=CARTESIAN_POINT('',(56.740821506,-40.692168662,19.447523624));
#6428=VERTEX_POINT('',#6427);
#6429=CARTESIAN_POINT('',(56.740821506,-40.692168662,17.697523624));
#6430=DIRECTION('',(-0.,-0.,1.));
#6431=VECTOR('',#6430,1.75);
#6432=LINE('',#6429,#6431);
#6433=EDGE_CURVE('NONE',#5710,#6428,#6432,.T.);
#6434=ORIENTED_EDGE('',*,*,#6433,.T.);
#6435=CARTESIAN_POINT('',(58.740821506,-40.692168662,21.447523624));
#6436=VERTEX_POINT('',#6435);
#6437=CARTESIAN_POINT('',(58.740821506,-40.692168662,19.447523624));
#6438=DIRECTION('',(-0.,1.,0.));
#6439=DIRECTION('',(1.,-0.,0.));
#6440=AXIS2_PLACEMENT_3D('',#6437,#6438,#6439);
#6441=CIRCLE('',#6440,2.);
#6442=EDGE_CURVE('NONE',#6428,#6436,#6441,.T.);
#6443=ORIENTED_EDGE('',*,*,#6442,.T.);
#6444=CARTESIAN_POINT('',(60.490821506,-40.692168662,21.447523624));
#6445=VERTEX_POINT('',#6444);
#6446=CARTESIAN_POINT('',(58.740821506,-40.692168662,21.447523624));
#6447=DIRECTION('',(1.,-0.,0.));
#6448=VECTOR('',#6447,1.75);
#6449=LINE('',#6446,#6448);
#6450=EDGE_CURVE('NONE',#6436,#6445,#6449,.T.);
#6451=ORIENTED_EDGE('',*,*,#6450,.T.);
#6452=CARTESIAN_POINT('',(60.490821506,-40.692168662,31.267523624));
#6453=VERTEX_POINT('',#6452);
#6454=CARTESIAN_POINT('',(60.490821506,-40.692168662,21.447523624));
#6455=DIRECTION('',(-0.,-0.,1.));
#6456=VECTOR('',#6455,9.82);
#6457=LINE('',#6454,#6456);
#6458=EDGE_CURVE('NONE',#6445,#6453,#6457,.T.);
#6459=ORIENTED_EDGE('',*,*,#6458,.T.);
#6460=CARTESIAN_POINT('',(58.740821506,-40.692168662,31.267523624));
#6461=VERTEX_POINT('',#6460);
#6462=CARTESIAN_POINT('',(60.490821506,-40.692168662,31.267523624));
#6463=DIRECTION('',(-1.,0.,-0.));
#6464=VECTOR('',#6463,1.75);
#6465=LINE('',#6462,#6464);
#6466=EDGE_CURVE('NONE',#6453,#6461,#6465,.T.);
#6467=ORIENTED_EDGE('',*,*,#6466,.T.);
#6468=CARTESIAN_POINT('',(56.740821506,-40.692168662,33.267523624));
#6469=VERTEX_POINT('',#6468);
#6470=CARTESIAN_POINT('',(58.740821506,-40.692168662,33.267523624));
#6471=DIRECTION('',(-0.,1.,0.));
#6472=DIRECTION('',(-1.,0.,-0.));
#6473=AXIS2_PLACEMENT_3D('',#6470,#6471,#6472);
#6474=CIRCLE('',#6473,2.);
#6475=EDGE_CURVE('NONE',#6461,#6469,#6474,.T.);
#6476=ORIENTED_EDGE('',*,*,#6475,.T.);
#6477=CARTESIAN_POINT('',(56.740821506,-40.692168662,35.017523624));
#6478=VERTEX_POINT('',#6477);
#6479=CARTESIAN_POINT('',(56.740821506,-40.692168662,33.267523624));
#6480=DIRECTION('',(-0.,-0.,1.));
#6481=VECTOR('',#6480,1.75);
#6482=LINE('',#6479,#6481);
#6483=EDGE_CURVE('NONE',#6469,#6478,#6482,.T.);
#6484=ORIENTED_EDGE('',*,*,#6483,.T.);
#6485=CARTESIAN_POINT('',(26.740821506,-40.692168662,35.017523624));
#6486=VERTEX_POINT('',#6485);
#6487=CARTESIAN_POINT('',(56.740821506,-40.692168662,35.017523624));
#6488=DIRECTION('',(-1.,0.,-0.));
#6489=VECTOR('',#6488,30.);
#6490=LINE('',#6487,#6489);
#6491=EDGE_CURVE('NONE',#6478,#6486,#6490,.T.);
#6492=ORIENTED_EDGE('',*,*,#6491,.T.);
#6493=CARTESIAN_POINT('',(26.740821506,-40.692168662,33.267523624));
#6494=VERTEX_POINT('',#6493);
#6495=CARTESIAN_POINT('',(26.740821506,-40.692168662,35.017523624));
#6496=DIRECTION('',(0.,0.,-1.));
#6497=VECTOR('',#6496,1.75);
#6498=LINE('',#6495,#6497);
#6499=EDGE_CURVE('NONE',#6486,#6494,#6498,.T.);
#6500=ORIENTED_EDGE('',*,*,#6499,.T.);
#6501=CARTESIAN_POINT('',(24.740821506,-40.692168662,31.267523624));
#6502=VERTEX_POINT('',#6501);
#6503=CARTESIAN_POINT('',(24.740821506,-40.692168662,33.267523624));
#6504=DIRECTION('',(-0.,1.,0.));
#6505=DIRECTION('',(1.,-0.,0.));
#6506=AXIS2_PLACEMENT_3D('',#6503,#6504,#6505);
#6507=CIRCLE('',#6506,2.);
#6508=EDGE_CURVE('NONE',#6494,#6502,#6507,.T.);
#6509=ORIENTED_EDGE('',*,*,#6508,.T.);
#6510=CARTESIAN_POINT('',(22.990821506,-40.692168662,31.267523624));
#6511=VERTEX_POINT('',#6510);
#6512=CARTESIAN_POINT('',(24.740821506,-40.692168662,31.267523624));
#6513=DIRECTION('',(-1.,0.,-0.));
#6514=VECTOR('',#6513,1.75);
#6515=LINE('',#6512,#6514);
#6516=EDGE_CURVE('NONE',#6502,#6511,#6515,.T.);
#6517=ORIENTED_EDGE('',*,*,#6516,.T.);
#6518=CARTESIAN_POINT('',(22.990821506,-40.692168662,31.267523624));
#6519=DIRECTION('',(0.,0.,-1.));
#6520=VECTOR('',#6519,9.82);
#6521=LINE('',#6518,#6520);
#6522=EDGE_CURVE('NONE',#6511,#6358,#6521,.T.);
#6523=ORIENTED_EDGE('',*,*,#6522,.T.);
#6524=ORIENTED_EDGE('',*,*,#6363,.F.);
#6525=EDGE_LOOP('',(#6424,#6425,#6426,#6434,#6443,#6451,#6459,#6467,#6476,#6484,#6492,#6500,#6509,#6517,#6523,#6524));
#6526=FACE_BOUND('',#6525,.T.);
#6527=ADVANCED_FACE('NONE',(#6526),#6423,.T.);
#6528=CARTESIAN_POINT('',(56.740821506,-40.692168662,19.447523624));
#6529=DIRECTION('',(-1.,0.,-0.));
#6530=DIRECTION('',(-0.,1.,0.));
#6531=AXIS2_PLACEMENT_3D('',#6528,#6529,#6530);
#6532=PLANE('',#6531);
#6533=CARTESIAN_POINT('',(56.740821506,-40.692168662,19.447523624));
#6534=DIRECTION('',(-0.,1.,0.));
#6535=VECTOR('',#6534,2.);
#6536=LINE('',#6533,#6535);
#6537=EDGE_CURVE('NONE',#6428,#5742,#6536,.T.);
#6538=ORIENTED_EDGE('',*,*,#6537,.F.);
#6539=ORIENTED_EDGE('',*,*,#6433,.F.);
#6540=ORIENTED_EDGE('',*,*,#5715,.F.);
#6541=ORIENTED_EDGE('',*,*,#5558,.F.);
#6542=ORIENTED_EDGE('',*,*,#5747,.F.);
#6543=EDGE_LOOP('',(#6538,#6539,#6540,#6541,#6542));
#6544=FACE_BOUND('',#6543,.T.);
#6545=ADVANCED_FACE('NONE',(#6544),#6532,.F.);
#6546=CARTESIAN_POINT('',(58.740821506,-38.692168662,19.447523624));
#6547=DIRECTION('',(-0.,1.,0.));
#6548=DIRECTION('',(1.,-0.,0.));
#6549=AXIS2_PLACEMENT_3D('',#6546,#6547,#6548);
#6550=CYLINDRICAL_SURFACE('',#6549,1.68);
#6551=ORIENTED_EDGE('',*,*,#5093,.F.);
#6552=ORIENTED_EDGE('',*,*,#4843,.T.);
#6553=ORIENTED_EDGE('',*,*,#5108,.T.);
#6554=ORIENTED_EDGE('',*,*,#5737,.F.);
#6555=EDGE_LOOP('',(#6551,#6552,#6553,#6554));
#6556=FACE_BOUND('',#6555,.T.);
#6557=ADVANCED_FACE('NONE',(#6556),#6550,.T.);
#6558=OVER_RIDING_STYLED_ITEM('',(#4815),#6557,#4734);
#6559=CARTESIAN_POINT('',(58.740821506,-40.692168662,19.447523624));
#6560=DIRECTION('',(-0.,1.,0.));
#6561=DIRECTION('',(1.,-0.,0.));
#6562=AXIS2_PLACEMENT_3D('',#6559,#6560,#6561);
#6563=CYLINDRICAL_SURFACE('',#6562,2.);
#6564=CARTESIAN_POINT('',(58.740821506,-40.692168662,21.447523624));
#6565=DIRECTION('',(-0.,1.,0.));
#6566=VECTOR('',#6565,2.);
#6567=LINE('',#6564,#6566);
#6568=EDGE_CURVE('NONE',#6436,#5768,#6567,.T.);
#6569=ORIENTED_EDGE('',*,*,#6568,.F.);
#6570=ORIENTED_EDGE('',*,*,#6442,.F.);
#6571=ORIENTED_EDGE('',*,*,#6537,.T.);
#6572=ORIENTED_EDGE('',*,*,#5780,.F.);
#6573=EDGE_LOOP('',(#6569,#6570,#6571,#6572));
#6574=FACE_BOUND('',#6573,.T.);
#6575=ADVANCED_FACE('NONE',(#6574),#6563,.F.);
#6576=CARTESIAN_POINT('',(61.740821506,-40.692168662,21.447523624));
#6577=DIRECTION('',(-0.,-0.,1.));
#6578=DIRECTION('',(-0.,1.,0.));
#6579=AXIS2_PLACEMENT_3D('',#6576,#6577,#6578);
#6580=PLANE('',#6579);
#6581=ORIENTED_EDGE('',*,*,#6450,.F.);
#6582=ORIENTED_EDGE('',*,*,#6568,.T.);
#6583=ORIENTED_EDGE('',*,*,#5773,.F.);
#6584=CARTESIAN_POINT('',(61.740821506,-39.442168662,21.447523624));
#6585=VERTEX_POINT('',#6584);
#6586=CARTESIAN_POINT('',(61.740821506,-39.442168662,21.447523624));
#6587=DIRECTION('',(-0.,1.,0.));
#6588=VECTOR('',#6587,0.75);
#6589=LINE('',#6586,#6588);
#6590=EDGE_CURVE('NONE',#6585,#5760,#6589,.T.);
#6591=ORIENTED_EDGE('',*,*,#6590,.F.);
#6592=CARTESIAN_POINT('',(60.490821506,-40.692168662,21.447523624));
#6593=DIRECTION('',(0.707106781,0.707106781,0.));
#6594=VECTOR('',#6593,1.767766953);
#6595=LINE('',#6592,#6594);
#6596=EDGE_CURVE('NONE',#6445,#6585,#6595,.T.);
#6597=ORIENTED_EDGE('',*,*,#6596,.F.);
#6598=EDGE_LOOP('',(#6581,#6582,#6583,#6591,#6597));
#6599=FACE_BOUND('',#6598,.T.);
#6600=ADVANCED_FACE('NONE',(#6599),#6580,.F.);
#6601=CARTESIAN_POINT('',(61.740821506,-6.342168662,36.267523624));
#6602=DIRECTION('',(1.,0.,0.));
#6603=DIRECTION('',(0.,-1.,-0.));
#6604=AXIS2_PLACEMENT_3D('',#6601,#6602,#6603);
#6605=PLANE('',#6604);
#6606=ORIENTED_EDGE('',*,*,#5813,.F.);
#6607=CARTESIAN_POINT('',(61.740821506,-12.842168662,34.267523624));
#6608=VERTEX_POINT('',#6607);
#6609=CARTESIAN_POINT('',(61.740821506,-12.842168662,18.447523624));
#6610=DIRECTION('',(-0.,-0.,1.));
#6611=VECTOR('',#6610,15.82);
#6612=LINE('',#6609,#6611);
#6613=EDGE_CURVE('NONE',#5801,#6608,#6612,.T.);
#6614=ORIENTED_EDGE('',*,*,#6613,.T.);
#6615=CARTESIAN_POINT('',(61.740821506,-38.692168662,34.267523624));
#6616=VERTEX_POINT('',#6615);
#6617=CARTESIAN_POINT('',(61.740821506,-12.842168662,34.267523624));
#6618=DIRECTION('',(0.,-1.,-0.));
#6619=VECTOR('',#6618,25.85);
#6620=LINE('',#6617,#6619);
#6621=EDGE_CURVE('NONE',#6608,#6616,#6620,.T.);
#6622=ORIENTED_EDGE('',*,*,#6621,.T.);
#6623=CARTESIAN_POINT('',(61.740821506,-38.692168662,31.267523624));
#6624=VERTEX_POINT('',#6623);
#6625=CARTESIAN_POINT('',(61.740821506,-38.692168662,34.267523624));
#6626=DIRECTION('',(0.,0.,-1.));
#6627=VECTOR('',#6626,3.);
#6628=LINE('',#6625,#6627);
#6629=EDGE_CURVE('NONE',#6616,#6624,#6628,.T.);
#6630=ORIENTED_EDGE('',*,*,#6629,.T.);
#6631=CARTESIAN_POINT('',(61.740821506,-39.442168662,31.267523624));
#6632=VERTEX_POINT('',#6631);
#6633=CARTESIAN_POINT('',(61.740821506,-38.692168662,31.267523624));
#6634=DIRECTION('',(0.,-1.,-0.));
#6635=VECTOR('',#6634,0.75);
#6636=LINE('',#6633,#6635);
#6637=EDGE_CURVE('NONE',#6624,#6632,#6636,.T.);
#6638=ORIENTED_EDGE('',*,*,#6637,.T.);
#6639=CARTESIAN_POINT('',(61.740821506,-39.442168662,31.267523624));
#6640=DIRECTION('',(0.,0.,-1.));
#6641=VECTOR('',#6640,9.82);
#6642=LINE('',#6639,#6641);
#6643=EDGE_CURVE('NONE',#6632,#6585,#6642,.T.);
#6644=ORIENTED_EDGE('',*,*,#6643,.T.);
#6645=ORIENTED_EDGE('',*,*,#6590,.T.);
#6646=ORIENTED_EDGE('',*,*,#5765,.F.);
#6647=EDGE_LOOP('',(#6606,#6614,#6622,#6630,#6638,#6644,#6645,#6646));
#6648=FACE_BOUND('',#6647,.T.);
#6649=ADVANCED_FACE('NONE',(#6648),#6605,.T.);
#6650=CARTESIAN_POINT('',(64.922711563,-12.842168662,26.357523624));
#6651=DIRECTION('',(0.,-1.,-0.));
#6652=DIRECTION('',(-1.,0.,-0.));
#6653=AXIS2_PLACEMENT_3D('',#6650,#6651,#6652);
#6654=PLANE('',#6653);
#6655=ORIENTED_EDGE('',*,*,#5807,.F.);
#6656=CARTESIAN_POINT('',(66.790821506,-12.842168662,16.882523624));
#6657=VERTEX_POINT('',#6656);
#6658=CARTESIAN_POINT('',(60.986122674,-12.842168662,16.882523624));
#6659=DIRECTION('',(1.,-0.,0.));
#6660=VECTOR('',#6659,5.804698832);
#6661=LINE('',#6658,#6660);
#6662=EDGE_CURVE('NONE',#5793,#6657,#6661,.T.);
#6663=ORIENTED_EDGE('',*,*,#6662,.T.);
#6664=CARTESIAN_POINT('',(68.290821506,-12.842168662,18.382523624));
#6665=VERTEX_POINT('',#6664);
#6666=CARTESIAN_POINT('',(66.790821506,-12.842168662,18.382523624));
#6667=DIRECTION('',(0.,-1.,-0.));
#6668=DIRECTION('',(1.,-0.,0.));
#6669=AXIS2_PLACEMENT_3D('',#6666,#6667,#6668);
#6670=CIRCLE('',#6669,1.5);
#6671=EDGE_CURVE('NONE',#6657,#6665,#6670,.T.);
#6672=ORIENTED_EDGE('',*,*,#6671,.T.);
#6673=CARTESIAN_POINT('',(68.290821506,-12.842168662,19.982523624));
#6674=VERTEX_POINT('',#6673);
#6675=CARTESIAN_POINT('',(68.290821506,-12.842168662,19.982523624));
#6676=DIRECTION('',(0.,0.,-1.));
#6677=VECTOR('',#6676,1.6);
#6678=LINE('',#6675,#6677);
#6679=EDGE_CURVE('NONE',#6674,#6665,#6678,.T.);
#6680=ORIENTED_EDGE('',*,*,#6679,.F.);
#6681=CARTESIAN_POINT('',(67.595987683,-12.842168662,19.982523624));
#6682=VERTEX_POINT('',#6681);
#6683=CARTESIAN_POINT('',(67.595987683,-12.842168662,19.982523624));
#6684=DIRECTION('',(1.,-0.,0.));
#6685=VECTOR('',#6684,0.694833823);
#6686=LINE('',#6683,#6685);
#6687=EDGE_CURVE('NONE',#6682,#6674,#6686,.T.);
#6688=ORIENTED_EDGE('',*,*,#6687,.F.);
#6689=CARTESIAN_POINT('',(67.595987683,-12.842168662,22.732523624));
#6690=VERTEX_POINT('',#6689);
#6691=CARTESIAN_POINT('',(65.865821506,-12.842168662,21.357523624));
#6692=DIRECTION('',(-0.,1.,0.));
#6693=DIRECTION('',(1.,-0.,0.));
#6694=AXIS2_PLACEMENT_3D('',#6691,#6692,#6693);
#6695=CIRCLE('',#6694,2.21);
#6696=EDGE_CURVE('NONE',#6682,#6690,#6695,.T.);
#6697=ORIENTED_EDGE('',*,*,#6696,.T.);
#6698=CARTESIAN_POINT('',(68.290821506,-12.842168662,22.732523624));
#6699=VERTEX_POINT('',#6698);
#6700=CARTESIAN_POINT('',(68.290821506,-12.842168662,22.732523624));
#6701=DIRECTION('',(-1.,0.,-0.));
#6702=VECTOR('',#6701,0.694833823);
#6703=LINE('',#6700,#6702);
#6704=EDGE_CURVE('NONE',#6699,#6690,#6703,.T.);
#6705=ORIENTED_EDGE('',*,*,#6704,.F.);
#6706=CARTESIAN_POINT('',(68.290821506,-12.842168662,29.982523624));
#6707=VERTEX_POINT('',#6706);
#6708=CARTESIAN_POINT('',(68.290821506,-12.842168662,22.732523624));
#6709=DIRECTION('',(-0.,-0.,1.));
#6710=VECTOR('',#6709,7.25);
#6711=LINE('',#6708,#6710);
#6712=EDGE_CURVE('NONE',#6699,#6707,#6711,.T.);
#6713=ORIENTED_EDGE('',*,*,#6712,.T.);
#6714=CARTESIAN_POINT('',(67.595987683,-12.842168662,29.982523624));
#6715=VERTEX_POINT('',#6714);
#6716=CARTESIAN_POINT('',(67.595987683,-12.842168662,29.982523624));
#6717=DIRECTION('',(1.,-0.,0.));
#6718=VECTOR('',#6717,0.694833823);
#6719=LINE('',#6716,#6718);
#6720=EDGE_CURVE('NONE',#6715,#6707,#6719,.T.);
#6721=ORIENTED_EDGE('',*,*,#6720,.F.);
#6722=CARTESIAN_POINT('',(67.595987683,-12.842168662,32.732523624));
#6723=VERTEX_POINT('',#6722);
#6724=CARTESIAN_POINT('',(65.865821506,-12.842168662,31.357523624));
#6725=DIRECTION('',(-0.,1.,0.));
#6726=DIRECTION('',(1.,-0.,0.));
#6727=AXIS2_PLACEMENT_3D('',#6724,#6725,#6726);
#6728=CIRCLE('',#6727,2.21);
#6729=EDGE_CURVE('NONE',#6715,#6723,#6728,.T.);
#6730=ORIENTED_EDGE('',*,*,#6729,.T.);
#6731=CARTESIAN_POINT('',(68.290821506,-12.842168662,32.732523624));
#6732=VERTEX_POINT('',#6731);
#6733=CARTESIAN_POINT('',(68.290821506,-12.842168662,32.732523624));
#6734=DIRECTION('',(-1.,0.,-0.));
#6735=VECTOR('',#6734,0.694833823);
#6736=LINE('',#6733,#6735);
#6737=EDGE_CURVE('NONE',#6732,#6723,#6736,.T.);
#6738=ORIENTED_EDGE('',*,*,#6737,.F.);
#6739=CARTESIAN_POINT('',(68.290821506,-12.842168662,34.332523624));
#6740=VERTEX_POINT('',#6739);
#6741=CARTESIAN_POINT('',(68.290821506,-12.842168662,34.332523624));
#6742=DIRECTION('',(0.,0.,-1.));
#6743=VECTOR('',#6742,1.6);
#6744=LINE('',#6741,#6743);
#6745=EDGE_CURVE('NONE',#6740,#6732,#6744,.T.);
#6746=ORIENTED_EDGE('',*,*,#6745,.F.);
#6747=CARTESIAN_POINT('',(66.790821506,-12.842168662,35.832523624));
#6748=VERTEX_POINT('',#6747);
#6749=CARTESIAN_POINT('',(66.790821506,-12.842168662,34.332523624));
#6750=DIRECTION('',(0.,-1.,-0.));
#6751=DIRECTION('',(1.,-0.,0.));
#6752=AXIS2_PLACEMENT_3D('',#6749,#6750,#6751);
#6753=CIRCLE('',#6752,1.5);
#6754=EDGE_CURVE('NONE',#6740,#6748,#6753,.T.);
#6755=ORIENTED_EDGE('',*,*,#6754,.T.);
#6756=CARTESIAN_POINT('',(60.986122674,-12.842168662,35.832523624));
#6757=VERTEX_POINT('',#6756);
#6758=CARTESIAN_POINT('',(66.790821506,-12.842168662,35.832523624));
#6759=DIRECTION('',(-1.,0.,-0.));
#6760=VECTOR('',#6759,5.804698832);
#6761=LINE('',#6758,#6760);
#6762=EDGE_CURVE('NONE',#6748,#6757,#6761,.T.);
#6763=ORIENTED_EDGE('',*,*,#6762,.T.);
#6764=CARTESIAN_POINT('',(59.740821506,-12.842168662,34.267523624));
#6765=DIRECTION('',(-0.,1.,0.));
#6766=DIRECTION('',(-1.,0.,-0.));
#6767=AXIS2_PLACEMENT_3D('',#6764,#6765,#6766);
#6768=CIRCLE('',#6767,2.);
#6769=EDGE_CURVE('NONE',#6757,#6608,#6768,.T.);
#6770=ORIENTED_EDGE('',*,*,#6769,.T.);
#6771=ORIENTED_EDGE('',*,*,#6613,.F.);
#6772=EDGE_LOOP('',(#6655,#6663,#6672,#6680,#6688,#6697,#6705,#6713,#6721,#6730,#6738,#6746,#6755,#6763,#6770,#6771));
#6773=FACE_BOUND('',#6772,.T.);
#6774=ADVANCED_FACE('NONE',(#6773),#6654,.T.);
#6775=CARTESIAN_POINT('',(60.986122674,-12.842168662,16.882523624));
#6776=DIRECTION('',(0.,0.,-1.));
#6777=DIRECTION('',(0.,-1.,-0.));
#6778=AXIS2_PLACEMENT_3D('',#6775,#6776,#6777);
#6779=PLANE('',#6778);
#6780=ORIENTED_EDGE('',*,*,#5798,.F.);
#6781=CARTESIAN_POINT('',(66.790821506,-10.342168662,16.882523624));
#6782=VERTEX_POINT('',#6781);
#6783=CARTESIAN_POINT('',(60.986122674,-10.342168662,16.882523624));
#6784=DIRECTION('',(1.,-0.,0.));
#6785=VECTOR('',#6784,5.804698832);
#6786=LINE('',#6783,#6785);
#6787=EDGE_CURVE('NONE',#5791,#6782,#6786,.T.);
#6788=ORIENTED_EDGE('',*,*,#6787,.T.);
#6789=CARTESIAN_POINT('',(66.790821506,-10.342168662,16.882523624));
#6790=DIRECTION('',(0.,-1.,-0.));
#6791=VECTOR('',#6790,2.5);
#6792=LINE('',#6789,#6791);
#6793=EDGE_CURVE('NONE',#6782,#6657,#6792,.T.);
#6794=ORIENTED_EDGE('',*,*,#6793,.T.);
#6795=ORIENTED_EDGE('',*,*,#6662,.F.);
#6796=EDGE_LOOP('',(#6780,#6788,#6794,#6795));
#6797=FACE_BOUND('',#6796,.T.);
#6798=ADVANCED_FACE('NONE',(#6797),#6779,.T.);
#6799=CARTESIAN_POINT('',(64.922711563,-10.342168662,26.357523624));
#6800=DIRECTION('',(0.,-1.,-0.));
#6801=DIRECTION('',(-1.,0.,-0.));
#6802=AXIS2_PLACEMENT_3D('',#6799,#6800,#6801);
#6803=PLANE('',#6802);
#6804=ORIENTED_EDGE('',*,*,#6787,.F.);
#6805=ORIENTED_EDGE('',*,*,#5839,.F.);
#6806=CARTESIAN_POINT('',(61.740821506,-10.342168662,25.757523624));
#6807=VERTEX_POINT('',#6806);
#6808=CARTESIAN_POINT('',(61.740821506,-10.342168662,25.757523624));
#6809=DIRECTION('',(0.,0.,-1.));
#6810=VECTOR('',#6809,7.31);
#6811=LINE('',#6808,#6810);
#6812=EDGE_CURVE('NONE',#6807,#5827,#6811,.T.);
#6813=ORIENTED_EDGE('',*,*,#6812,.F.);
#6814=CARTESIAN_POINT('',(68.290821506,-10.342168662,25.757523624));
#6815=VERTEX_POINT('',#6814);
#6816=CARTESIAN_POINT('',(68.290821506,-10.342168662,25.757523624));
#6817=DIRECTION('',(-1.,0.,-0.));
#6818=VECTOR('',#6817,6.55);
#6819=LINE('',#6816,#6818);
#6820=EDGE_CURVE('NONE',#6815,#6807,#6819,.T.);
#6821=ORIENTED_EDGE('',*,*,#6820,.F.);
#6822=CARTESIAN_POINT('',(68.290821506,-10.342168662,22.732523624));
#6823=VERTEX_POINT('',#6822);
#6824=CARTESIAN_POINT('',(68.290821506,-10.342168662,22.732523624));
#6825=DIRECTION('',(-0.,-0.,1.));
#6826=VECTOR('',#6825,3.025);
#6827=LINE('',#6824,#6826);
#6828=EDGE_CURVE('NONE',#6823,#6815,#6827,.T.);
#6829=ORIENTED_EDGE('',*,*,#6828,.F.);
#6830=CARTESIAN_POINT('',(67.595987683,-10.342168662,22.732523624));
#6831=VERTEX_POINT('',#6830);
#6832=CARTESIAN_POINT('',(67.595987683,-10.342168662,22.732523624));
#6833=DIRECTION('',(1.,-0.,0.));
#6834=VECTOR('',#6833,0.694833823);
#6835=LINE('',#6832,#6834);
#6836=EDGE_CURVE('NONE',#6831,#6823,#6835,.T.);
#6837=ORIENTED_EDGE('',*,*,#6836,.F.);
#6838=CARTESIAN_POINT('',(67.595987683,-10.342168662,19.982523624));
#6839=VERTEX_POINT('',#6838);
#6840=CARTESIAN_POINT('',(65.865821506,-10.342168662,21.357523624));
#6841=DIRECTION('',(-0.,1.,0.));
#6842=DIRECTION('',(1.,-0.,0.));
#6843=AXIS2_PLACEMENT_3D('',#6840,#6841,#6842);
#6844=CIRCLE('',#6843,2.21);
#6845=EDGE_CURVE('NONE',#6839,#6831,#6844,.T.);
#6846=ORIENTED_EDGE('',*,*,#6845,.F.);
#6847=CARTESIAN_POINT('',(68.290821506,-10.342168662,19.982523624));
#6848=VERTEX_POINT('',#6847);
#6849=CARTESIAN_POINT('',(68.290821506,-10.342168662,19.982523624));
#6850=DIRECTION('',(-1.,0.,-0.));
#6851=VECTOR('',#6850,0.694833823);
#6852=LINE('',#6849,#6851);
#6853=EDGE_CURVE('NONE',#6848,#6839,#6852,.T.);
#6854=ORIENTED_EDGE('',*,*,#6853,.F.);
#6855=CARTESIAN_POINT('',(68.290821506,-10.342168662,18.382523624));
#6856=VERTEX_POINT('',#6855);
#6857=CARTESIAN_POINT('',(68.290821506,-10.342168662,18.382523624));
#6858=DIRECTION('',(-0.,-0.,1.));
#6859=VECTOR('',#6858,1.6);
#6860=LINE('',#6857,#6859);
#6861=EDGE_CURVE('NONE',#6856,#6848,#6860,.T.);
#6862=ORIENTED_EDGE('',*,*,#6861,.F.);
#6863=CARTESIAN_POINT('',(66.790821506,-10.342168662,18.382523624));
#6864=DIRECTION('',(0.,-1.,-0.));
#6865=DIRECTION('',(1.,-0.,0.));
#6866=AXIS2_PLACEMENT_3D('',#6863,#6864,#6865);
#6867=CIRCLE('',#6866,1.5);
#6868=EDGE_CURVE('NONE',#6782,#6856,#6867,.T.);
#6869=ORIENTED_EDGE('',*,*,#6868,.F.);
#6870=EDGE_LOOP('',(#6804,#6805,#6813,#6821,#6829,#6837,#6846,#6854,#6862,#6869));
#6871=FACE_BOUND('',#6870,.T.);
#6872=ADVANCED_FACE('NONE',(#6871),#6803,.F.);
#6873=CARTESIAN_POINT('',(61.740821506,-6.342168662,36.267523624));
#6874=DIRECTION('',(1.,0.,0.));
#6875=DIRECTION('',(0.,-1.,-0.));
#6876=AXIS2_PLACEMENT_3D('',#6873,#6874,#6875);
#6877=PLANE('',#6876);
#6878=CARTESIAN_POINT('',(61.740821506,-10.342168662,26.957523624));
#6879=VERTEX_POINT('',#6878);
#6880=CARTESIAN_POINT('',(61.740821506,-8.542168662,26.957523624));
#6881=VERTEX_POINT('',#6880);
#6882=CARTESIAN_POINT('',(61.740821506,-10.342168662,26.957523624));
#6883=DIRECTION('',(-0.,1.,0.));
#6884=VECTOR('',#6883,1.8);
#6885=LINE('',#6882,#6884);
#6886=EDGE_CURVE('NONE',#6879,#6881,#6885,.T.);
#6887=ORIENTED_EDGE('',*,*,#6886,.T.);
#6888=CARTESIAN_POINT('',(61.740821506,-8.542168662,25.757523624));
#6889=VERTEX_POINT('',#6888);
#6890=CARTESIAN_POINT('',(61.740821506,-8.542168662,25.757523624));
#6891=DIRECTION('',(-0.,-0.,1.));
#6892=VECTOR('',#6891,1.2);
#6893=LINE('',#6890,#6892);
#6894=EDGE_CURVE('NONE',#6889,#6881,#6893,.T.);
#6895=ORIENTED_EDGE('',*,*,#6894,.F.);
#6896=CARTESIAN_POINT('',(61.740821506,-8.542168662,25.757523624));
#6897=DIRECTION('',(0.,-1.,-0.));
#6898=VECTOR('',#6897,1.8);
#6899=LINE('',#6896,#6898);
#6900=EDGE_CURVE('NONE',#6889,#6807,#6899,.T.);
#6901=ORIENTED_EDGE('',*,*,#6900,.T.);
#6902=ORIENTED_EDGE('',*,*,#6812,.T.);
#6903=ORIENTED_EDGE('',*,*,#5832,.F.);
#6904=ORIENTED_EDGE('',*,*,#5934,.T.);
#6905=CARTESIAN_POINT('',(61.740821506,-10.342168662,34.267523624));
#6906=VERTEX_POINT('',#6905);
#6907=CARTESIAN_POINT('',(61.740821506,-7.092168662,34.267523624));
#6908=DIRECTION('',(0.,-1.,-0.));
#6909=VECTOR('',#6908,3.25);
#6910=LINE('',#6907,#6909);
#6911=EDGE_CURVE('NONE',#5920,#6906,#6910,.T.);
#6912=ORIENTED_EDGE('',*,*,#6911,.T.);
#6913=CARTESIAN_POINT('',(61.740821506,-10.342168662,34.267523624));
#6914=DIRECTION('',(0.,0.,-1.));
#6915=VECTOR('',#6914,7.31);
#6916=LINE('',#6913,#6915);
#6917=EDGE_CURVE('NONE',#6906,#6879,#6916,.T.);
#6918=ORIENTED_EDGE('',*,*,#6917,.T.);
#6919=EDGE_LOOP('',(#6887,#6895,#6901,#6902,#6903,#6904,#6912,#6918));
#6920=FACE_BOUND('',#6919,.T.);
#6921=ADVANCED_FACE('NONE',(#6920),#6877,.T.);
#6922=CARTESIAN_POINT('',(23.740821506,-6.342168662,18.447523624));
#6923=DIRECTION('',(0.,-1.,-0.));
#6924=DIRECTION('',(-1.,0.,-0.));
#6925=AXIS2_PLACEMENT_3D('',#6922,#6923,#6924);
#6926=CYLINDRICAL_SURFACE('',#6925,1.55);
#6927=CARTESIAN_POINT('',(22.190821506,-6.342168662,18.447523624));
#6928=VERTEX_POINT('',#6927);
#6929=CARTESIAN_POINT('',(23.740821506,-6.342168662,16.897523624));
#6930=VERTEX_POINT('',#6929);
#6931=CARTESIAN_POINT('',(23.740821506,-6.342168662,18.447523624));
#6932=DIRECTION('',(0.,-1.,-0.));
#6933=DIRECTION('',(-1.,0.,-0.));
#6934=AXIS2_PLACEMENT_3D('',#6931,#6932,#6933);
#6935=CIRCLE('',#6934,1.55);
#6936=EDGE_CURVE('NONE',#6928,#6930,#6935,.T.);
#6937=ORIENTED_EDGE('',*,*,#6936,.T.);
#6938=CARTESIAN_POINT('',(23.740821506,-6.342168662,16.897523624));
#6939=DIRECTION('',(0.,-1.,-0.));
#6940=VECTOR('',#6939,0.75);
#6941=LINE('',#6938,#6940);
#6942=EDGE_CURVE('NONE',#6930,#5852,#6941,.T.);
#6943=ORIENTED_EDGE('',*,*,#6942,.T.);
#6944=ORIENTED_EDGE('',*,*,#5915,.T.);
#6945=CARTESIAN_POINT('',(22.190821506,-7.092168662,18.447523624));
#6946=DIRECTION('',(-0.,1.,0.));
#6947=VECTOR('',#6946,0.75);
#6948=LINE('',#6945,#6947);
#6949=EDGE_CURVE('NONE',#5903,#6928,#6948,.T.);
#6950=ORIENTED_EDGE('',*,*,#6949,.T.);
#6951=EDGE_LOOP('',(#6937,#6943,#6944,#6950));
#6952=FACE_BOUND('',#6951,.T.);
#6953=ADVANCED_FACE('NONE',(#6952),#6926,.T.);
#6954=CARTESIAN_POINT('',(59.740821506,-6.342168662,16.897523624));
#6955=DIRECTION('',(0.,0.,-1.));
#6956=DIRECTION('',(0.,-1.,-0.));
#6957=AXIS2_PLACEMENT_3D('',#6954,#6955,#6956);
#6958=PLANE('',#6957);
#6959=CARTESIAN_POINT('',(59.740821506,-6.342168662,16.897523624));
#6960=VERTEX_POINT('',#6959);
#6961=CARTESIAN_POINT('',(23.740821506,-6.342168662,16.897523624));
#6962=DIRECTION('',(1.,-0.,0.));
#6963=VECTOR('',#6962,36.);
#6964=LINE('',#6961,#6963);
#6965=EDGE_CURVE('NONE',#6930,#6960,#6964,.T.);
#6966=ORIENTED_EDGE('',*,*,#6965,.T.);
#6967=CARTESIAN_POINT('',(59.740821506,-6.342168662,16.897523624));
#6968=DIRECTION('',(0.,-1.,-0.));
#6969=VECTOR('',#6968,0.75);
#6970=LINE('',#6967,#6969);
#6971=EDGE_CURVE('NONE',#6960,#5850,#6970,.T.);
#6972=ORIENTED_EDGE('',*,*,#6971,.T.);
#6973=ORIENTED_EDGE('',*,*,#5857,.T.);
#6974=ORIENTED_EDGE('',*,*,#6942,.F.);
#6975=EDGE_LOOP('',(#6966,#6972,#6973,#6974));
#6976=FACE_BOUND('',#6975,.T.);
#6977=ADVANCED_FACE('NONE',(#6976),#6958,.T.);
#6978=CARTESIAN_POINT('',(59.740821506,-6.342168662,18.447523624));
#6979=DIRECTION('',(0.,-1.,-0.));
#6980=DIRECTION('',(-1.,0.,-0.));
#6981=AXIS2_PLACEMENT_3D('',#6978,#6979,#6980);
#6982=CYLINDRICAL_SURFACE('',#6981,1.55);
#6983=CARTESIAN_POINT('',(61.290821506,-6.342168662,18.447523624));
#6984=VERTEX_POINT('',#6983);
#6985=CARTESIAN_POINT('',(59.740821506,-6.342168662,18.447523624));
#6986=DIRECTION('',(0.,-1.,-0.));
#6987=DIRECTION('',(-1.,0.,-0.));
#6988=AXIS2_PLACEMENT_3D('',#6985,#6986,#6987);
#6989=CIRCLE('',#6988,1.55);
#6990=EDGE_CURVE('NONE',#6960,#6984,#6989,.T.);
#6991=ORIENTED_EDGE('',*,*,#6990,.T.);
#6992=CARTESIAN_POINT('',(61.290821506,-6.342168662,18.447523624));
#6993=DIRECTION('',(0.,-1.,-0.));
#6994=VECTOR('',#6993,0.75);
#6995=LINE('',#6992,#6994);
#6996=EDGE_CURVE('NONE',#6984,#5860,#6995,.T.);
#6997=ORIENTED_EDGE('',*,*,#6996,.T.);
#6998=ORIENTED_EDGE('',*,*,#5866,.T.);
#6999=ORIENTED_EDGE('',*,*,#6971,.F.);
#7000=EDGE_LOOP('',(#6991,#6997,#6998,#6999));
#7001=FACE_BOUND('',#7000,.T.);
#7002=ADVANCED_FACE('NONE',(#7001),#6982,.T.);
#7003=CARTESIAN_POINT('',(61.290821506,-6.342168662,34.267523624));
#7004=DIRECTION('',(1.,0.,0.));
#7005=DIRECTION('',(0.,-1.,-0.));
#7006=AXIS2_PLACEMENT_3D('',#7003,#7004,#7005);
#7007=PLANE('',#7006);
#7008=CARTESIAN_POINT('',(61.290821506,-6.342168662,34.267523624));
#7009=VERTEX_POINT('',#7008);
#7010=CARTESIAN_POINT('',(61.290821506,-6.342168662,18.447523624));
#7011=DIRECTION('',(-0.,-0.,1.));
#7012=VECTOR('',#7011,15.82);
#7013=LINE('',#7010,#7012);
#7014=EDGE_CURVE('NONE',#6984,#7009,#7013,.T.);
#7015=ORIENTED_EDGE('',*,*,#7014,.T.);
#7016=CARTESIAN_POINT('',(61.290821506,-6.342168662,34.267523624));
#7017=DIRECTION('',(0.,-1.,-0.));
#7018=VECTOR('',#7017,0.75);
#7019=LINE('',#7016,#7018);
#7020=EDGE_CURVE('NONE',#7009,#5869,#7019,.T.);
#7021=ORIENTED_EDGE('',*,*,#7020,.T.);
#7022=ORIENTED_EDGE('',*,*,#5874,.T.);
#7023=ORIENTED_EDGE('',*,*,#6996,.F.);
#7024=EDGE_LOOP('',(#7015,#7021,#7022,#7023));
#7025=FACE_BOUND('',#7024,.T.);
#7026=ADVANCED_FACE('NONE',(#7025),#7007,.T.);
#7027=CARTESIAN_POINT('',(59.740821506,-6.342168662,34.267523624));
#7028=DIRECTION('',(0.,-1.,-0.));
#7029=DIRECTION('',(-1.,0.,-0.));
#7030=AXIS2_PLACEMENT_3D('',#7027,#7028,#7029);
#7031=CYLINDRICAL_SURFACE('',#7030,1.55);
#7032=CARTESIAN_POINT('',(59.740821506,-6.342168662,35.817523624));
#7033=VERTEX_POINT('',#7032);
#7034=CARTESIAN_POINT('',(59.740821506,-6.342168662,34.267523624));
#7035=DIRECTION('',(0.,-1.,-0.));
#7036=DIRECTION('',(-1.,0.,-0.));
#7037=AXIS2_PLACEMENT_3D('',#7034,#7035,#7036);
#7038=CIRCLE('',#7037,1.55);
#7039=EDGE_CURVE('NONE',#7009,#7033,#7038,.T.);
#7040=ORIENTED_EDGE('',*,*,#7039,.T.);
#7041=CARTESIAN_POINT('',(59.740821506,-6.342168662,35.817523624));
#7042=DIRECTION('',(0.,-1.,-0.));
#7043=VECTOR('',#7042,0.75);
#7044=LINE('',#7041,#7043);
#7045=EDGE_CURVE('NONE',#7033,#5877,#7044,.T.);
#7046=ORIENTED_EDGE('',*,*,#7045,.T.);
#7047=ORIENTED_EDGE('',*,*,#5883,.T.);
#7048=ORIENTED_EDGE('',*,*,#7020,.F.);
#7049=EDGE_LOOP('',(#7040,#7046,#7047,#7048));
#7050=FACE_BOUND('',#7049,.T.);
#7051=ADVANCED_FACE('NONE',(#7050),#7031,.T.);
#7052=CARTESIAN_POINT('',(23.740821506,-6.342168662,35.817523624));
#7053=DIRECTION('',(-0.,-0.,1.));
#7054=DIRECTION('',(-0.,1.,0.));
#7055=AXIS2_PLACEMENT_3D('',#7052,#7053,#7054);
#7056=PLANE('',#7055);
#7057=CARTESIAN_POINT('',(23.740821506,-6.342168662,35.817523624));
#7058=VERTEX_POINT('',#7057);
#7059=CARTESIAN_POINT('',(59.740821506,-6.342168662,35.817523624));
#7060=DIRECTION('',(-1.,0.,-0.));
#7061=VECTOR('',#7060,36.);
#7062=LINE('',#7059,#7061);
#7063=EDGE_CURVE('NONE',#7033,#7058,#7062,.T.);
#7064=ORIENTED_EDGE('',*,*,#7063,.T.);
#7065=CARTESIAN_POINT('',(23.740821506,-6.342168662,35.817523624));
#7066=DIRECTION('',(0.,-1.,-0.));
#7067=VECTOR('',#7066,0.75);
#7068=LINE('',#7065,#7067);
#7069=EDGE_CURVE('NONE',#7058,#5886,#7068,.T.);
#7070=ORIENTED_EDGE('',*,*,#7069,.T.);
#7071=ORIENTED_EDGE('',*,*,#5891,.T.);
#7072=ORIENTED_EDGE('',*,*,#7045,.F.);
#7073=EDGE_LOOP('',(#7064,#7070,#7071,#7072));
#7074=FACE_BOUND('',#7073,.T.);
#7075=ADVANCED_FACE('NONE',(#7074),#7056,.T.);
#7076=CARTESIAN_POINT('',(23.740821506,-6.342168662,34.267523624));
#7077=DIRECTION('',(0.,-1.,-0.));
#7078=DIRECTION('',(-1.,0.,-0.));
#7079=AXIS2_PLACEMENT_3D('',#7076,#7077,#7078);
#7080=CYLINDRICAL_SURFACE('',#7079,1.55);
#7081=CARTESIAN_POINT('',(22.190821506,-6.342168662,34.267523624));
#7082=VERTEX_POINT('',#7081);
#7083=CARTESIAN_POINT('',(23.740821506,-6.342168662,34.267523624));
#7084=DIRECTION('',(0.,-1.,-0.));
#7085=DIRECTION('',(-1.,0.,-0.));
#7086=AXIS2_PLACEMENT_3D('',#7083,#7084,#7085);
#7087=CIRCLE('',#7086,1.55);
#7088=EDGE_CURVE('NONE',#7058,#7082,#7087,.T.);
#7089=ORIENTED_EDGE('',*,*,#7088,.T.);
#7090=CARTESIAN_POINT('',(22.190821506,-6.342168662,34.267523624));
#7091=DIRECTION('',(0.,-1.,-0.));
#7092=VECTOR('',#7091,0.75);
#7093=LINE('',#7090,#7092);
#7094=EDGE_CURVE('NONE',#7082,#5894,#7093,.T.);
#7095=ORIENTED_EDGE('',*,*,#7094,.T.);
#7096=ORIENTED_EDGE('',*,*,#5900,.T.);
#7097=ORIENTED_EDGE('',*,*,#7069,.F.);
#7098=EDGE_LOOP('',(#7089,#7095,#7096,#7097));
#7099=FACE_BOUND('',#7098,.T.);
#7100=ADVANCED_FACE('NONE',(#7099),#7080,.T.);
#7101=CARTESIAN_POINT('',(22.190821506,-6.342168662,18.447523624));
#7102=DIRECTION('',(-1.,0.,-0.));
#7103=DIRECTION('',(-0.,1.,0.));
#7104=AXIS2_PLACEMENT_3D('',#7101,#7102,#7103);
#7105=PLANE('',#7104);
#7106=CARTESIAN_POINT('',(22.190821506,-6.342168662,34.267523624));
#7107=DIRECTION('',(0.,0.,-1.));
#7108=VECTOR('',#7107,15.82);
#7109=LINE('',#7106,#7108);
#7110=EDGE_CURVE('NONE',#7082,#6928,#7109,.T.);
#7111=ORIENTED_EDGE('',*,*,#7110,.T.);
#7112=ORIENTED_EDGE('',*,*,#6949,.F.);
#7113=ORIENTED_EDGE('',*,*,#5908,.T.);
#7114=ORIENTED_EDGE('',*,*,#7094,.F.);
#7115=EDGE_LOOP('',(#7111,#7112,#7113,#7114));
#7116=FACE_BOUND('',#7115,.T.);
#7117=ADVANCED_FACE('NONE',(#7116),#7105,.T.);
#7118=CARTESIAN_POINT('',(21.740821506,-6.342168662,36.267523624));
#7119=DIRECTION('',(-0.,-0.,1.));
#7120=DIRECTION('',(-0.,1.,0.));
#7121=AXIS2_PLACEMENT_3D('',#7118,#7119,#7120);
#7122=PLANE('',#7121);
#7123=CARTESIAN_POINT('',(56.740821506,-38.692168662,36.267523624));
#7124=VERTEX_POINT('',#7123);
#7125=CARTESIAN_POINT('',(59.740821506,-38.692168662,36.267523624));
#7126=VERTEX_POINT('',#7125);
#7127=CARTESIAN_POINT('',(56.740821506,-38.692168662,36.267523624));
#7128=DIRECTION('',(1.,-0.,0.));
#7129=VECTOR('',#7128,3.);
#7130=LINE('',#7127,#7129);
#7131=EDGE_CURVE('NONE',#7124,#7126,#7130,.T.);
#7132=ORIENTED_EDGE('',*,*,#7131,.T.);
#7133=CARTESIAN_POINT('',(59.740821506,-38.692168662,36.267523624));
#7134=DIRECTION('',(-0.,1.,0.));
#7135=VECTOR('',#7134,31.6);
#7136=LINE('',#7133,#7135);
#7137=EDGE_CURVE('NONE',#7126,#5922,#7136,.T.);
#7138=ORIENTED_EDGE('',*,*,#7137,.T.);
#7139=ORIENTED_EDGE('',*,*,#5960,.T.);
#7140=CARTESIAN_POINT('',(23.740821506,-38.692168662,36.267523624));
#7141=VERTEX_POINT('',#7140);
#7142=CARTESIAN_POINT('',(23.740821506,-7.092168662,36.267523624));
#7143=DIRECTION('',(0.,-1.,-0.));
#7144=VECTOR('',#7143,31.6);
#7145=LINE('',#7142,#7144);
#7146=EDGE_CURVE('NONE',#5948,#7141,#7145,.T.);
#7147=ORIENTED_EDGE('',*,*,#7146,.T.);
#7148=CARTESIAN_POINT('',(26.740821506,-38.692168662,36.267523624));
#7149=VERTEX_POINT('',#7148);
#7150=CARTESIAN_POINT('',(23.740821506,-38.692168662,36.267523624));
#7151=DIRECTION('',(1.,-0.,0.));
#7152=VECTOR('',#7151,3.);
#7153=LINE('',#7150,#7152);
#7154=EDGE_CURVE('NONE',#7141,#7149,#7153,.T.);
#7155=ORIENTED_EDGE('',*,*,#7154,.T.);
#7156=CARTESIAN_POINT('',(26.740821506,-39.442168662,36.267523624));
#7157=VERTEX_POINT('',#7156);
#7158=CARTESIAN_POINT('',(26.740821506,-38.692168662,36.267523624));
#7159=DIRECTION('',(0.,-1.,-0.));
#7160=VECTOR('',#7159,0.75);
#7161=LINE('',#7158,#7160);
#7162=EDGE_CURVE('NONE',#7149,#7157,#7161,.T.);
#7163=ORIENTED_EDGE('',*,*,#7162,.T.);
#7164=CARTESIAN_POINT('',(56.740821506,-39.442168662,36.267523624));
#7165=VERTEX_POINT('',#7164);
#7166=CARTESIAN_POINT('',(26.740821506,-39.442168662,36.267523624));
#7167=DIRECTION('',(1.,-0.,0.));
#7168=VECTOR('',#7167,30.);
#7169=LINE('',#7166,#7168);
#7170=EDGE_CURVE('NONE',#7157,#7165,#7169,.T.);
#7171=ORIENTED_EDGE('',*,*,#7170,.T.);
#7172=CARTESIAN_POINT('',(56.740821506,-39.442168662,36.267523624));
#7173=DIRECTION('',(-0.,1.,0.));
#7174=VECTOR('',#7173,0.75);
#7175=LINE('',#7172,#7174);
#7176=EDGE_CURVE('NONE',#7165,#7124,#7175,.T.);
#7177=ORIENTED_EDGE('',*,*,#7176,.T.);
#7178=EDGE_LOOP('',(#7132,#7138,#7139,#7147,#7155,#7163,#7171,#7177));
#7179=FACE_BOUND('',#7178,.T.);
#7180=ADVANCED_FACE('NONE',(#7179),#7122,.T.);
#7181=CARTESIAN_POINT('',(59.740821506,-6.342168662,34.267523624));
#7182=DIRECTION('',(0.,-1.,-0.));
#7183=DIRECTION('',(-1.,0.,-0.));
#7184=AXIS2_PLACEMENT_3D('',#7181,#7182,#7183);
#7185=CYLINDRICAL_SURFACE('',#7184,2.);
#7186=ORIENTED_EDGE('',*,*,#5928,.T.);
#7187=ORIENTED_EDGE('',*,*,#7137,.F.);
#7188=CARTESIAN_POINT('',(59.740821506,-38.692168662,34.267523624));
#7189=DIRECTION('',(-0.,1.,0.));
#7190=DIRECTION('',(-1.,0.,-0.));
#7191=AXIS2_PLACEMENT_3D('',#7188,#7189,#7190);
#7192=CIRCLE('',#7191,2.);
#7193=EDGE_CURVE('NONE',#7126,#6616,#7192,.T.);
#7194=ORIENTED_EDGE('',*,*,#7193,.T.);
#7195=ORIENTED_EDGE('',*,*,#6621,.F.);
#7196=ORIENTED_EDGE('',*,*,#6769,.F.);
#7197=CARTESIAN_POINT('',(60.986122674,-10.342168662,35.832523624));
#7198=VERTEX_POINT('',#7197);
#7199=CARTESIAN_POINT('',(60.986122674,-12.842168662,35.832523624));
#7200=DIRECTION('',(-0.,1.,0.));
#7201=VECTOR('',#7200,2.5);
#7202=LINE('',#7199,#7201);
#7203=EDGE_CURVE('NONE',#6757,#7198,#7202,.T.);
#7204=ORIENTED_EDGE('',*,*,#7203,.T.);
#7205=CARTESIAN_POINT('',(59.740821506,-10.342168662,34.267523624));
#7206=DIRECTION('',(-0.,1.,0.));
#7207=DIRECTION('',(-1.,0.,-0.));
#7208=AXIS2_PLACEMENT_3D('',#7205,#7206,#7207);
#7209=CIRCLE('',#7208,2.);
#7210=EDGE_CURVE('NONE',#7198,#6906,#7209,.T.);
#7211=ORIENTED_EDGE('',*,*,#7210,.T.);
#7212=ORIENTED_EDGE('',*,*,#6911,.F.);
#7213=EDGE_LOOP('',(#7186,#7187,#7194,#7195,#7196,#7204,#7211,#7212));
#7214=FACE_BOUND('',#7213,.T.);
#7215=ADVANCED_FACE('NONE',(#7214),#7185,.T.);
#7216=CARTESIAN_POINT('',(23.740821506,-6.342168662,34.267523624));
#7217=DIRECTION('',(0.,-1.,-0.));
#7218=DIRECTION('',(-1.,0.,-0.));
#7219=AXIS2_PLACEMENT_3D('',#7216,#7217,#7218);
#7220=CYLINDRICAL_SURFACE('',#7219,2.);
#7221=CARTESIAN_POINT('',(22.495520337,-10.342168662,35.832523624));
#7222=VERTEX_POINT('',#7221);
#7223=CARTESIAN_POINT('',(23.740821506,-10.342168662,34.267523624));
#7224=DIRECTION('',(-0.,1.,0.));
#7225=DIRECTION('',(-1.,0.,-0.));
#7226=AXIS2_PLACEMENT_3D('',#7223,#7224,#7225);
#7227=CIRCLE('',#7226,2.);
#7228=EDGE_CURVE('NONE',#6242,#7222,#7227,.T.);
#7229=ORIENTED_EDGE('',*,*,#7228,.T.);
#7230=CARTESIAN_POINT('',(22.495520337,-10.342168662,35.832523624));
#7231=DIRECTION('',(0.,-1.,-0.));
#7232=VECTOR('',#7231,2.5);
#7233=LINE('',#7230,#7232);
#7234=EDGE_CURVE('NONE',#7222,#6012,#7233,.T.);
#7235=ORIENTED_EDGE('',*,*,#7234,.T.);
#7236=ORIENTED_EDGE('',*,*,#6018,.T.);
#7237=ORIENTED_EDGE('',*,*,#6194,.F.);
#7238=CARTESIAN_POINT('',(23.740821506,-38.692168662,34.267523624));
#7239=DIRECTION('',(-0.,1.,0.));
#7240=DIRECTION('',(-1.,0.,-0.));
#7241=AXIS2_PLACEMENT_3D('',#7238,#7239,#7240);
#7242=CIRCLE('',#7241,2.);
#7243=EDGE_CURVE('NONE',#6183,#7141,#7242,.T.);
#7244=ORIENTED_EDGE('',*,*,#7243,.T.);
#7245=ORIENTED_EDGE('',*,*,#7146,.F.);
#7246=ORIENTED_EDGE('',*,*,#5954,.T.);
#7247=ORIENTED_EDGE('',*,*,#6253,.F.);
#7248=EDGE_LOOP('',(#7229,#7235,#7236,#7237,#7244,#7245,#7246,#7247));
#7249=FACE_BOUND('',#7248,.T.);
#7250=ADVANCED_FACE('NONE',(#7249),#7220,.T.);
#7251=CARTESIAN_POINT('',(16.690821506,-12.842168662,18.382523624));
#7252=DIRECTION('',(0.,-1.,-0.));
#7253=DIRECTION('',(-1.,0.,-0.));
#7254=AXIS2_PLACEMENT_3D('',#7251,#7252,#7253);
#7255=CYLINDRICAL_SURFACE('',#7254,1.5);
#7256=ORIENTED_EDGE('',*,*,#6116,.T.);
#7257=CARTESIAN_POINT('',(15.190821506,-12.842168662,18.382523624));
#7258=DIRECTION('',(-0.,1.,0.));
#7259=VECTOR('',#7258,2.5);
#7260=LINE('',#7257,#7259);
#7261=EDGE_CURVE('NONE',#6104,#6266,#7260,.T.);
#7262=ORIENTED_EDGE('',*,*,#7261,.T.);
#7263=ORIENTED_EDGE('',*,*,#6272,.F.);
#7264=ORIENTED_EDGE('',*,*,#5991,.T.);
#7265=EDGE_LOOP('',(#7256,#7262,#7263,#7264));
#7266=FACE_BOUND('',#7265,.T.);
#7267=ADVANCED_FACE('NONE',(#7266),#7255,.T.);
#7268=CARTESIAN_POINT('',(15.190821506,-12.842168662,35.832523624));
#7269=DIRECTION('',(0.,0.,-1.));
#7270=DIRECTION('',(0.,-1.,-0.));
#7271=AXIS2_PLACEMENT_3D('',#7268,#7269,#7270);
#7272=PLANE('',#7271);
#7273=ORIENTED_EDGE('',*,*,#6026,.T.);
#7274=ORIENTED_EDGE('',*,*,#7234,.F.);
#7275=CARTESIAN_POINT('',(16.690821506,-10.342168662,35.832523624));
#7276=VERTEX_POINT('',#7275);
#7277=CARTESIAN_POINT('',(16.690821506,-10.342168662,35.832523624));
#7278=DIRECTION('',(1.,-0.,0.));
#7279=VECTOR('',#7278,5.804698832);
#7280=LINE('',#7277,#7279);
#7281=EDGE_CURVE('NONE',#7276,#7222,#7280,.T.);
#7282=ORIENTED_EDGE('',*,*,#7281,.F.);
#7283=CARTESIAN_POINT('',(16.690821506,-12.842168662,35.832523624));
#7284=DIRECTION('',(-0.,1.,0.));
#7285=VECTOR('',#7284,2.5);
#7286=LINE('',#7283,#7285);
#7287=EDGE_CURVE('NONE',#6021,#7276,#7286,.T.);
#7288=ORIENTED_EDGE('',*,*,#7287,.F.);
#7289=EDGE_LOOP('',(#7273,#7274,#7282,#7288));
#7290=FACE_BOUND('',#7289,.T.);
#7291=ADVANCED_FACE('NONE',(#7290),#7272,.F.);
#7292=CARTESIAN_POINT('',(16.690821506,-12.842168662,34.332523624));
#7293=DIRECTION('',(0.,-1.,-0.));
#7294=DIRECTION('',(-1.,0.,-0.));
#7295=AXIS2_PLACEMENT_3D('',#7292,#7293,#7294);
#7296=CYLINDRICAL_SURFACE('',#7295,1.5);
#7297=ORIENTED_EDGE('',*,*,#6035,.T.);
#7298=ORIENTED_EDGE('',*,*,#7287,.T.);
#7299=CARTESIAN_POINT('',(15.190821506,-10.342168662,34.332523624));
#7300=VERTEX_POINT('',#7299);
#7301=CARTESIAN_POINT('',(16.690821506,-10.342168662,34.332523624));
#7302=DIRECTION('',(0.,-1.,-0.));
#7303=DIRECTION('',(-1.,0.,-0.));
#7304=AXIS2_PLACEMENT_3D('',#7301,#7302,#7303);
#7305=CIRCLE('',#7304,1.5);
#7306=EDGE_CURVE('NONE',#7276,#7300,#7305,.T.);
#7307=ORIENTED_EDGE('',*,*,#7306,.T.);
#7308=CARTESIAN_POINT('',(15.190821506,-10.342168662,34.332523624));
#7309=DIRECTION('',(0.,-1.,-0.));
#7310=VECTOR('',#7309,2.5);
#7311=LINE('',#7308,#7310);
#7312=EDGE_CURVE('NONE',#7300,#6029,#7311,.T.);
#7313=ORIENTED_EDGE('',*,*,#7312,.T.);
#7314=EDGE_LOOP('',(#7297,#7298,#7307,#7313));
#7315=FACE_BOUND('',#7314,.T.);
#7316=ADVANCED_FACE('NONE',(#7315),#7296,.T.);
#7317=CARTESIAN_POINT('',(17.615821506,-12.842168662,31.357523624));
#7318=DIRECTION('',(0.,-1.,-0.));
#7319=DIRECTION('',(-1.,0.,-0.));
#7320=AXIS2_PLACEMENT_3D('',#7317,#7318,#7319);
#7321=CYLINDRICAL_SURFACE('',#7320,2.21);
#7322=CARTESIAN_POINT('',(15.885655329,-10.342168662,29.982523624));
#7323=VERTEX_POINT('',#7322);
#7324=CARTESIAN_POINT('',(15.885655329,-12.842168662,29.982523624));
#7325=DIRECTION('',(-0.,1.,0.));
#7326=VECTOR('',#7325,2.5);
#7327=LINE('',#7324,#7326);
#7328=EDGE_CURVE('NONE',#6054,#7323,#7327,.T.);
#7329=ORIENTED_EDGE('',*,*,#7328,.F.);
#7330=ORIENTED_EDGE('',*,*,#6060,.T.);
#7331=CARTESIAN_POINT('',(15.885655329,-10.342168662,32.732523624));
#7332=VERTEX_POINT('',#7331);
#7333=CARTESIAN_POINT('',(15.885655329,-10.342168662,32.732523624));
#7334=DIRECTION('',(0.,-1.,-0.));
#7335=VECTOR('',#7334,2.5);
#7336=LINE('',#7333,#7335);
#7337=EDGE_CURVE('NONE',#7332,#6046,#7336,.T.);
#7338=ORIENTED_EDGE('',*,*,#7337,.F.);
#7339=CARTESIAN_POINT('',(17.615821506,-10.342168662,31.357523624));
#7340=DIRECTION('',(0.,-1.,-0.));
#7341=DIRECTION('',(-1.,0.,-0.));
#7342=AXIS2_PLACEMENT_3D('',#7339,#7340,#7341);
#7343=CIRCLE('',#7342,2.21);
#7344=EDGE_CURVE('NONE',#7323,#7332,#7343,.T.);
#7345=ORIENTED_EDGE('',*,*,#7344,.F.);
#7346=EDGE_LOOP('',(#7329,#7330,#7338,#7345));
#7347=FACE_BOUND('',#7346,.T.);
#7348=ADVANCED_FACE('NONE',(#7347),#7321,.F.);
#7349=CARTESIAN_POINT('',(15.190821506,-12.842168662,22.732523624));
#7350=DIRECTION('',(1.,0.,0.));
#7351=DIRECTION('',(0.,-1.,-0.));
#7352=AXIS2_PLACEMENT_3D('',#7349,#7350,#7351);
#7353=PLANE('',#7352);
#7354=CARTESIAN_POINT('',(15.190821506,-12.842168662,22.732523624));
#7355=DIRECTION('',(-0.,1.,0.));
#7356=VECTOR('',#7355,2.5);
#7357=LINE('',#7354,#7356);
#7358=EDGE_CURVE('NONE',#6071,#6300,#7357,.T.);
#7359=ORIENTED_EDGE('',*,*,#7358,.F.);
#7360=ORIENTED_EDGE('',*,*,#6076,.T.);
#7361=CARTESIAN_POINT('',(15.190821506,-10.342168662,29.982523624));
#7362=VERTEX_POINT('',#7361);
#7363=CARTESIAN_POINT('',(15.190821506,-10.342168662,29.982523624));
#7364=DIRECTION('',(0.,-1.,-0.));
#7365=VECTOR('',#7364,2.5);
#7366=LINE('',#7363,#7365);
#7367=EDGE_CURVE('NONE',#7362,#6063,#7366,.T.);
#7368=ORIENTED_EDGE('',*,*,#7367,.F.);
#7369=CARTESIAN_POINT('',(15.190821506,-10.342168662,26.957523624));
#7370=VERTEX_POINT('',#7369);
#7371=CARTESIAN_POINT('',(15.190821506,-10.342168662,26.957523624));
#7372=DIRECTION('',(-0.,-0.,1.));
#7373=VECTOR('',#7372,3.025);
#7374=LINE('',#7371,#7373);
#7375=EDGE_CURVE('NONE',#7370,#7362,#7374,.T.);
#7376=ORIENTED_EDGE('',*,*,#7375,.F.);
#7377=CARTESIAN_POINT('',(15.190821506,-9.592168662,26.957523624));
#7378=VERTEX_POINT('',#7377);
#7379=CARTESIAN_POINT('',(15.190821506,-9.592168662,26.957523624));
#7380=DIRECTION('',(0.,-1.,-0.));
#7381=VECTOR('',#7380,0.75);
#7382=LINE('',#7379,#7381);
#7383=EDGE_CURVE('NONE',#7378,#7370,#7382,.T.);
#7384=ORIENTED_EDGE('',*,*,#7383,.F.);
#7385=CARTESIAN_POINT('',(15.190821506,-9.592168662,25.757523624));
#7386=VERTEX_POINT('',#7385);
#7387=CARTESIAN_POINT('',(15.190821506,-9.592168662,26.957523624));
#7388=DIRECTION('',(0.,0.,-1.));
#7389=VECTOR('',#7388,1.2);
#7390=LINE('',#7387,#7389);
#7391=EDGE_CURVE('NONE',#7378,#7386,#7390,.T.);
#7392=ORIENTED_EDGE('',*,*,#7391,.T.);
#7393=CARTESIAN_POINT('',(15.190821506,-10.342168662,25.757523624));
#7394=DIRECTION('',(-0.,1.,0.));
#7395=VECTOR('',#7394,0.75);
#7396=LINE('',#7393,#7395);
#7397=EDGE_CURVE('NONE',#6308,#7386,#7396,.T.);
#7398=ORIENTED_EDGE('',*,*,#7397,.F.);
#7399=ORIENTED_EDGE('',*,*,#6313,.F.);
#7400=EDGE_LOOP('',(#7359,#7360,#7368,#7376,#7384,#7392,#7398,#7399));
#7401=FACE_BOUND('',#7400,.T.);
#7402=ADVANCED_FACE('NONE',(#7401),#7353,.F.);
#7403=CARTESIAN_POINT('',(17.615821506,-12.842168662,21.357523624));
#7404=DIRECTION('',(0.,-1.,-0.));
#7405=DIRECTION('',(-1.,0.,-0.));
#7406=AXIS2_PLACEMENT_3D('',#7403,#7404,#7405);
#7407=CYLINDRICAL_SURFACE('',#7406,2.21);
#7408=CARTESIAN_POINT('',(15.885655329,-12.842168662,19.982523624));
#7409=DIRECTION('',(-0.,1.,0.));
#7410=VECTOR('',#7409,2.5);
#7411=LINE('',#7408,#7410);
#7412=EDGE_CURVE('NONE',#6087,#6283,#7411,.T.);
#7413=ORIENTED_EDGE('',*,*,#7412,.F.);
#7414=ORIENTED_EDGE('',*,*,#6093,.T.);
#7415=CARTESIAN_POINT('',(15.885655329,-10.342168662,22.732523624));
#7416=DIRECTION('',(0.,-1.,-0.));
#7417=VECTOR('',#7416,2.5);
#7418=LINE('',#7415,#7417);
#7419=EDGE_CURVE('NONE',#6291,#6079,#7418,.T.);
#7420=ORIENTED_EDGE('',*,*,#7419,.F.);
#7421=ORIENTED_EDGE('',*,*,#6297,.F.);
#7422=EDGE_LOOP('',(#7413,#7414,#7420,#7421));
#7423=FACE_BOUND('',#7422,.T.);
#7424=ADVANCED_FACE('NONE',(#7423),#7407,.F.);
#7425=CARTESIAN_POINT('',(22.365821506,-40.067168662,21.402523624));
#7426=DIRECTION('',(-0.707106781,-0.707106781,-0.));
#7427=DIRECTION('',(-0.707106781,0.707106781,0.));
#7428=AXIS2_PLACEMENT_3D('',#7425,#7426,#7427);
#7429=PLANE('',#7428);
#7430=CARTESIAN_POINT('',(22.49128809,-40.192635246,29.382990208));
#7431=VERTEX_POINT('',#7430);
#7432=CARTESIAN_POINT('',(21.740821506,-39.442168662,29.250662701));
#7433=CARTESIAN_POINT('',(22.49128809,-40.192635246,29.382990208));
#7434=B_SPLINE_CURVE_WITH_KNOTS('',1,(#7432,#7433),.UNSPECIFIED.,.F.,.F.,(2,2),(0.,1.069537637),.UNSPECIFIED.);
#7435=EDGE_CURVE('NONE',#6159,#7431,#7434,.T.);
#7436=ORIENTED_EDGE('',*,*,#7435,.T.);
#7437=CARTESIAN_POINT('',(22.49128809,-40.192635246,23.33205704));
#7438=VERTEX_POINT('',#7437);
#7439=CARTESIAN_POINT('',(22.49128809,-40.192635246,29.382990208));
#7440=DIRECTION('',(0.,0.,-1.));
#7441=VECTOR('',#7440,6.050933168);
#7442=LINE('',#7439,#7441);
#7443=EDGE_CURVE('NONE',#7431,#7438,#7442,.T.);
#7444=ORIENTED_EDGE('',*,*,#7443,.T.);
#7445=CARTESIAN_POINT('',(22.49128809,-40.192635246,23.33205704));
#7446=CARTESIAN_POINT('',(21.740821506,-39.442168662,23.464384547));
#7447=B_SPLINE_CURVE_WITH_KNOTS('',1,(#7445,#7446),.UNSPECIFIED.,.F.,.F.,(2,2),(0.,1.069537637),.UNSPECIFIED.);
#7448=EDGE_CURVE('NONE',#7438,#6135,#7447,.T.);
#7449=ORIENTED_EDGE('',*,*,#7448,.T.);
#7450=ORIENTED_EDGE('',*,*,#6140,.F.);
#7451=ORIENTED_EDGE('',*,*,#6369,.F.);
#7452=ORIENTED_EDGE('',*,*,#6522,.F.);
#7453=CARTESIAN_POINT('',(22.990821506,-40.692168662,31.267523624));
#7454=DIRECTION('',(-0.707106781,0.707106781,0.));
#7455=VECTOR('',#7454,1.767766953);
#7456=LINE('',#7453,#7455);
#7457=EDGE_CURVE('NONE',#6511,#6167,#7456,.T.);
#7458=ORIENTED_EDGE('',*,*,#7457,.T.);
#7459=ORIENTED_EDGE('',*,*,#6172,.F.);
#7460=EDGE_LOOP('',(#7436,#7444,#7449,#7450,#7451,#7452,#7458,#7459));
#7461=FACE_BOUND('',#7460,.T.);
#7462=ADVANCED_FACE('NONE',(#7461),#7429,.T.);
#7463=CARTESIAN_POINT('',(24.240821506,-38.692168662,33.767523624));
#7464=DIRECTION('',(0.,-1.,-0.));
#7465=DIRECTION('',(-1.,0.,-0.));
#7466=AXIS2_PLACEMENT_3D('',#7463,#7464,#7465);
#7467=PLANE('',#7466);
#7468=ORIENTED_EDGE('',*,*,#5135,.T.);
#7469=CARTESIAN_POINT('',(24.740821506,-38.692168662,33.267523624));
#7470=DIRECTION('',(-0.,1.,0.));
#7471=DIRECTION('',(1.,-0.,0.));
#7472=AXIS2_PLACEMENT_3D('',#7469,#7470,#7471);
#7473=CIRCLE('',#7472,1.68);
#7474=EDGE_CURVE('NONE',#5121,#5129,#7473,.T.);
#7475=ORIENTED_EDGE('',*,*,#7474,.T.);
#7476=EDGE_LOOP('',(#7468,#7475));
#7477=FACE_BOUND('',#7476,.T.);
#7478=ORIENTED_EDGE('',*,*,#7243,.F.);
#7479=ORIENTED_EDGE('',*,*,#6188,.F.);
#7480=CARTESIAN_POINT('',(24.740821506,-38.692168662,31.267523624));
#7481=VERTEX_POINT('',#7480);
#7482=CARTESIAN_POINT('',(21.740821506,-38.692168662,31.267523624));
#7483=DIRECTION('',(1.,-0.,0.));
#7484=VECTOR('',#7483,3.);
#7485=LINE('',#7482,#7484);
#7486=EDGE_CURVE('NONE',#6175,#7481,#7485,.T.);
#7487=ORIENTED_EDGE('',*,*,#7486,.T.);
#7488=CARTESIAN_POINT('',(26.740821506,-38.692168662,33.267523624));
#7489=VERTEX_POINT('',#7488);
#7490=CARTESIAN_POINT('',(24.740821506,-38.692168662,33.267523624));
#7491=DIRECTION('',(0.,-1.,-0.));
#7492=DIRECTION('',(1.,-0.,0.));
#7493=AXIS2_PLACEMENT_3D('',#7490,#7491,#7492);
#7494=CIRCLE('',#7493,2.);
#7495=EDGE_CURVE('NONE',#7481,#7489,#7494,.T.);
#7496=ORIENTED_EDGE('',*,*,#7495,.T.);
#7497=CARTESIAN_POINT('',(26.740821506,-38.692168662,33.267523624));
#7498=DIRECTION('',(-0.,-0.,1.));
#7499=VECTOR('',#7498,3.);
#7500=LINE('',#7497,#7499);
#7501=EDGE_CURVE('NONE',#7489,#7149,#7500,.T.);
#7502=ORIENTED_EDGE('',*,*,#7501,.T.);
#7503=ORIENTED_EDGE('',*,*,#7154,.F.);
#7504=EDGE_LOOP('',(#7478,#7479,#7487,#7496,#7502,#7503));
#7505=FACE_BOUND('',#7504,.T.);
#7506=ADVANCED_FACE('NONE',(#7477,#7505),#7467,.T.);
#7507=CARTESIAN_POINT('',(21.070821506,-39.942168662,29.132523624));
#7508=DIRECTION('',(-0.173648178,-0.,0.984807753));
#7509=DIRECTION('',(-0.984807753,0.,-0.173648178));
#7510=AXIS2_PLACEMENT_3D('',#7507,#7508,#7509);
#7511=PLANE('',#7510);
#7512=CARTESIAN_POINT('',(21.070821506,-36.992168662,29.132523624));
#7513=VERTEX_POINT('',#7512);
#7514=CARTESIAN_POINT('',(21.070821506,-39.942168662,29.132523624));
#7515=VERTEX_POINT('',#7514);
#7516=CARTESIAN_POINT('',(21.070821506,-36.992168662,29.132523624));
#7517=DIRECTION('',(0.,-1.,-0.));
#7518=VECTOR('',#7517,2.95);
#7519=LINE('',#7516,#7518);
#7520=EDGE_CURVE('NONE',#7513,#7515,#7519,.T.);
#7521=ORIENTED_EDGE('',*,*,#7520,.T.);
#7522=CARTESIAN_POINT('',(21.070821506,-39.942168662,29.132523624));
#7523=CARTESIAN_POINT('',(22.49128809,-40.192635246,29.382990208));
#7524=B_SPLINE_CURVE_WITH_KNOTS('',1,(#7522,#7523),.UNSPECIFIED.,.F.,.F.,(2,2),(0.,1.463964595),.UNSPECIFIED.);
#7525=EDGE_CURVE('NONE',#7515,#7431,#7524,.T.);
#7526=ORIENTED_EDGE('',*,*,#7525,.T.);
#7527=ORIENTED_EDGE('',*,*,#7435,.F.);
#7528=ORIENTED_EDGE('',*,*,#6164,.F.);
#7529=CARTESIAN_POINT('',(21.740821506,-36.874029585,29.250662701));
#7530=CARTESIAN_POINT('',(21.070821506,-36.992168662,29.132523624));
#7531=B_SPLINE_CURVE_WITH_KNOTS('',1,(#7529,#7530),.UNSPECIFIED.,.F.,.F.,(2,2),(0.,0.690516968),.UNSPECIFIED.);
#7532=EDGE_CURVE('NONE',#6151,#7513,#7531,.T.);
#7533=ORIENTED_EDGE('',*,*,#7532,.T.);
#7534=EDGE_LOOP('',(#7521,#7526,#7527,#7528,#7533));
#7535=FACE_BOUND('',#7534,.T.);
#7536=ADVANCED_FACE('NONE',(#7535),#7511,.T.);
#7537=CARTESIAN_POINT('',(21.070821506,-36.992168662,29.132523624));
#7538=DIRECTION('',(-0.173648178,0.984807753,0.));
#7539=DIRECTION('',(0.984807753,0.173648178,0.));
#7540=AXIS2_PLACEMENT_3D('',#7537,#7538,#7539);
#7541=PLANE('',#7540);
#7542=CARTESIAN_POINT('',(21.070821506,-36.992168662,23.582523624));
#7543=VERTEX_POINT('',#7542);
#7544=CARTESIAN_POINT('',(21.070821506,-36.992168662,23.582523624));
#7545=DIRECTION('',(-0.,-0.,1.));
#7546=VECTOR('',#7545,5.55);
#7547=LINE('',#7544,#7546);
#7548=EDGE_CURVE('NONE',#7543,#7513,#7547,.T.);
#7549=ORIENTED_EDGE('',*,*,#7548,.T.);
#7550=ORIENTED_EDGE('',*,*,#7532,.F.);
#7551=ORIENTED_EDGE('',*,*,#6156,.F.);
#7552=CARTESIAN_POINT('',(21.740821506,-36.874029585,23.464384547));
#7553=CARTESIAN_POINT('',(21.070821506,-36.992168662,23.582523624));
#7554=B_SPLINE_CURVE_WITH_KNOTS('',1,(#7552,#7553),.UNSPECIFIED.,.F.,.F.,(2,2),(0.,0.690516968),.UNSPECIFIED.);
#7555=EDGE_CURVE('NONE',#6143,#7543,#7554,.T.);
#7556=ORIENTED_EDGE('',*,*,#7555,.T.);
#7557=EDGE_LOOP('',(#7549,#7550,#7551,#7556));
#7558=FACE_BOUND('',#7557,.T.);
#7559=ADVANCED_FACE('NONE',(#7558),#7541,.T.);
#7560=CARTESIAN_POINT('',(21.070821506,-36.992168662,23.582523624));
#7561=DIRECTION('',(-0.173648178,0.,-0.984807753));
#7562=DIRECTION('',(0.984807753,0.,-0.173648178));
#7563=AXIS2_PLACEMENT_3D('',#7560,#7561,#7562);
#7564=PLANE('',#7563);
#7565=ORIENTED_EDGE('',*,*,#7555,.F.);
#7566=ORIENTED_EDGE('',*,*,#6148,.F.);
#7567=ORIENTED_EDGE('',*,*,#7448,.F.);
#7568=CARTESIAN_POINT('',(21.070821506,-39.942168662,23.582523624));
#7569=VERTEX_POINT('',#7568);
#7570=CARTESIAN_POINT('',(22.49128809,-40.192635246,23.33205704));
#7571=CARTESIAN_POINT('',(21.070821506,-39.942168662,23.582523624));
#7572=B_SPLINE_CURVE_WITH_KNOTS('',1,(#7570,#7571),.UNSPECIFIED.,.F.,.F.,(2,2),(0.,1.463964595),.UNSPECIFIED.);
#7573=EDGE_CURVE('NONE',#7438,#7569,#7572,.T.);
#7574=ORIENTED_EDGE('',*,*,#7573,.T.);
#7575=CARTESIAN_POINT('',(21.070821506,-39.942168662,23.582523624));
#7576=DIRECTION('',(-0.,1.,0.));
#7577=VECTOR('',#7576,2.95);
#7578=LINE('',#7575,#7577);
#7579=EDGE_CURVE('NONE',#7569,#7543,#7578,.T.);
#7580=ORIENTED_EDGE('',*,*,#7579,.T.);
#7581=EDGE_LOOP('',(#7565,#7566,#7567,#7574,#7580));
#7582=FACE_BOUND('',#7581,.T.);
#7583=ADVANCED_FACE('NONE',(#7582),#7564,.T.);
#7584=CARTESIAN_POINT('',(18.558931448,-10.342168662,26.357523624));
#7585=DIRECTION('',(-0.,1.,0.));
#7586=DIRECTION('',(1.,-0.,0.));
#7587=AXIS2_PLACEMENT_3D('',#7584,#7585,#7586);
#7588=PLANE('',#7587);
#7589=CARTESIAN_POINT('',(15.190821506,-10.342168662,32.732523624));
#7590=VERTEX_POINT('',#7589);
#7591=CARTESIAN_POINT('',(15.885655329,-10.342168662,32.732523624));
#7592=DIRECTION('',(-1.,0.,-0.));
#7593=VECTOR('',#7592,0.694833823);
#7594=LINE('',#7591,#7593);
#7595=EDGE_CURVE('NONE',#7332,#7590,#7594,.T.);
#7596=ORIENTED_EDGE('',*,*,#7595,.T.);
#7597=CARTESIAN_POINT('',(15.190821506,-10.342168662,32.732523624));
#7598=DIRECTION('',(-0.,-0.,1.));
#7599=VECTOR('',#7598,1.6);
#7600=LINE('',#7597,#7599);
#7601=EDGE_CURVE('NONE',#7590,#7300,#7600,.T.);
#7602=ORIENTED_EDGE('',*,*,#7601,.T.);
#7603=ORIENTED_EDGE('',*,*,#7306,.F.);
#7604=ORIENTED_EDGE('',*,*,#7281,.T.);
#7605=ORIENTED_EDGE('',*,*,#7228,.F.);
#7606=ORIENTED_EDGE('',*,*,#6247,.F.);
#7607=CARTESIAN_POINT('',(21.740821506,-10.342168662,26.957523624));
#7608=DIRECTION('',(-1.,0.,-0.));
#7609=VECTOR('',#7608,6.55);
#7610=LINE('',#7607,#7609);
#7611=EDGE_CURVE('NONE',#6234,#7370,#7610,.T.);
#7612=ORIENTED_EDGE('',*,*,#7611,.T.);
#7613=ORIENTED_EDGE('',*,*,#7375,.T.);
#7614=CARTESIAN_POINT('',(15.190821506,-10.342168662,29.982523624));
#7615=DIRECTION('',(1.,-0.,0.));
#7616=VECTOR('',#7615,0.694833823);
#7617=LINE('',#7614,#7616);
#7618=EDGE_CURVE('NONE',#7362,#7323,#7617,.T.);
#7619=ORIENTED_EDGE('',*,*,#7618,.T.);
#7620=ORIENTED_EDGE('',*,*,#7344,.T.);
#7621=EDGE_LOOP('',(#7596,#7602,#7603,#7604,#7605,#7606,#7612,#7613,#7619,#7620));
#7622=FACE_BOUND('',#7621,.T.);
#7623=ADVANCED_FACE('NONE',(#7622),#7588,.T.);
#7624=CARTESIAN_POINT('',(18.684382052,-9.683762048,26.957523624));
#7625=DIRECTION('',(-0.,-0.,1.));
#7626=DIRECTION('',(-0.,1.,0.));
#7627=AXIS2_PLACEMENT_3D('',#7624,#7625,#7626);
#7628=PLANE('',#7627);
#7629=ORIENTED_EDGE('',*,*,#7611,.F.);
#7630=ORIENTED_EDGE('',*,*,#6239,.F.);
#7631=CARTESIAN_POINT('',(21.740821506,-8.542168662,26.957523624));
#7632=DIRECTION('',(-0.987393553,-0.158284463,-0.));
#7633=VECTOR('',#7632,6.633626459);
#7634=LINE('',#7631,#7633);
#7635=EDGE_CURVE('NONE',#6226,#7378,#7634,.T.);
#7636=ORIENTED_EDGE('',*,*,#7635,.T.);
#7637=ORIENTED_EDGE('',*,*,#7383,.T.);
#7638=EDGE_LOOP('',(#7629,#7630,#7636,#7637));
#7639=FACE_BOUND('',#7638,.T.);
#7640=ADVANCED_FACE('NONE',(#7639),#7628,.T.);
#7641=CARTESIAN_POINT('',(18.684382052,-9.683762048,25.757523624));
#7642=DIRECTION('',(-0.,-0.,1.));
#7643=DIRECTION('',(-0.,1.,0.));
#7644=AXIS2_PLACEMENT_3D('',#7641,#7642,#7643);
#7645=PLANE('',#7644);
#7646=ORIENTED_EDGE('',*,*,#7397,.T.);
#7647=CARTESIAN_POINT('',(21.740821506,-8.542168662,25.757523624));
#7648=DIRECTION('',(-0.987393553,-0.158284463,-0.));
#7649=VECTOR('',#7648,6.633626459);
#7650=LINE('',#7647,#7649);
#7651=EDGE_CURVE('NONE',#6218,#7386,#7650,.T.);
#7652=ORIENTED_EDGE('',*,*,#7651,.F.);
#7653=ORIENTED_EDGE('',*,*,#6223,.F.);
#7654=ORIENTED_EDGE('',*,*,#6319,.F.);
#7655=EDGE_LOOP('',(#7646,#7652,#7653,#7654));
#7656=FACE_BOUND('',#7655,.T.);
#7657=ADVANCED_FACE('NONE',(#7656),#7645,.F.);
#7658=CARTESIAN_POINT('',(23.060821506,-39.442168662,19.447523624));
#7659=CARTESIAN_POINT('',(23.060821506,-39.442168662,22.807523624));
#7660=CARTESIAN_POINT('',(26.420821506,-39.442168662,22.807523624));
#7661=CARTESIAN_POINT('',(26.420821506,-39.442168662,19.447523624));
#7662=CARTESIAN_POINT('',(23.060821506,-39.735061881,19.447523624));
#7663=CARTESIAN_POINT('',(23.060821506,-39.735061881,22.807523624));
#7664=CARTESIAN_POINT('',(26.420821506,-39.735061881,22.807523624));
#7665=CARTESIAN_POINT('',(26.420821506,-39.735061881,19.447523624));
#7666=CARTESIAN_POINT('',(23.267928287,-39.942168662,19.447523624));
#7667=CARTESIAN_POINT('',(23.267928287,-39.942168662,22.393310062));
#7668=CARTESIAN_POINT('',(26.213714724,-39.942168662,22.393310062));
#7669=CARTESIAN_POINT('',(26.213714724,-39.942168662,19.447523624));
#7670=CARTESIAN_POINT('',(23.560821506,-39.942168662,19.447523624));
#7671=CARTESIAN_POINT('',(23.560821506,-39.942168662,21.807523624));
#7672=CARTESIAN_POINT('',(25.920821506,-39.942168662,21.807523624));
#7673=CARTESIAN_POINT('',(25.920821506,-39.942168662,19.447523624));
#7674=(BOUNDED_SURFACE()
B_SPLINE_SURFACE(3,3,((#7658,#7659,#7660,#7661),(#7662,#7663,#7664,#7665),(#7666,#7667,#7668,#7669),(#7670,#7671,#7672,#7673)),.UNSPECIFIED.,.F.,.F.,.U.)
B_SPLINE_SURFACE_WITH_KNOTS((4,4),(4,4),(0.,1.),(0.,1.),.UNSPECIFIED.)
GEOMETRIC_REPRESENTATION_ITEM()
RATIONAL_B_SPLINE_SURFACE(((1.,0.333333333,0.333333333,1.),(0.804737854,0.268245951,0.268245951,0.804737854),(0.804737854,0.268245951,0.268245951,0.804737854),(1.,0.333333333,0.333333333,1.)))
REPRESENTATION_ITEM('')
SURFACE()
);
#7675=ORIENTED_EDGE('',*,*,#4779,.F.);
#7676=ORIENTED_EDGE('',*,*,#6338,.F.);
#7677=ORIENTED_EDGE('',*,*,#4804,.T.);
#7678=CARTESIAN_POINT('',(23.560821506,-39.942168662,19.447523624));
#7679=CARTESIAN_POINT('',(23.560821506,-39.942168662,21.807523624));
#7680=CARTESIAN_POINT('',(25.920821506,-39.942168662,21.807523624));
#7681=CARTESIAN_POINT('',(25.920821506,-39.942168662,19.447523624));
#7682=(BOUNDED_CURVE()
B_SPLINE_CURVE(3,(#7678,#7679,#7680,#7681),.UNSPECIFIED.,.F.,.F.)
B_SPLINE_CURVE_WITH_KNOTS((4,4),(0.5,1.),.UNSPECIFIED.)
CURVE()
GEOMETRIC_REPRESENTATION_ITEM()
RATIONAL_B_SPLINE_CURVE((1.,0.333333333,0.333333333,1.))
REPRESENTATION_ITEM(''));
#7683=EDGE_CURVE('NONE',#4782,#4764,#7682,.T.);
#7684=ORIENTED_EDGE('',*,*,#7683,.T.);
#7685=EDGE_LOOP('',(#7675,#7676,#7677,#7684));
#7686=FACE_BOUND('',#7685,.T.);
#7687=ADVANCED_FACE('NONE',(#7686),#7674,.T.);
#7688=OVER_RIDING_STYLED_ITEM('',(#4815),#7687,#4734);
#7689=CARTESIAN_POINT('',(21.740821506,-40.692168662,31.267523624));
#7690=DIRECTION('',(0.,0.,-1.));
#7691=DIRECTION('',(0.,-1.,-0.));
#7692=AXIS2_PLACEMENT_3D('',#7689,#7690,#7691);
#7693=PLANE('',#7692);
#7694=ORIENTED_EDGE('',*,*,#6516,.F.);
#7695=CARTESIAN_POINT('',(24.740821506,-38.692168662,31.267523624));
#7696=DIRECTION('',(0.,-1.,-0.));
#7697=VECTOR('',#7696,2.);
#7698=LINE('',#7695,#7697);
#7699=EDGE_CURVE('NONE',#7481,#6502,#7698,.T.);
#7700=ORIENTED_EDGE('',*,*,#7699,.F.);
#7701=ORIENTED_EDGE('',*,*,#7486,.F.);
#7702=ORIENTED_EDGE('',*,*,#6180,.F.);
#7703=ORIENTED_EDGE('',*,*,#7457,.F.);
#7704=EDGE_LOOP('',(#7694,#7700,#7701,#7702,#7703));
#7705=FACE_BOUND('',#7704,.T.);
#7706=ADVANCED_FACE('NONE',(#7705),#7693,.F.);
#7707=CARTESIAN_POINT('',(24.740821506,-40.692168662,33.267523624));
#7708=DIRECTION('',(-0.,1.,0.));
#7709=DIRECTION('',(1.,-0.,0.));
#7710=AXIS2_PLACEMENT_3D('',#7707,#7708,#7709);
#7711=CYLINDRICAL_SURFACE('',#7710,2.);
#7712=ORIENTED_EDGE('',*,*,#7699,.T.);
#7713=ORIENTED_EDGE('',*,*,#6508,.F.);
#7714=CARTESIAN_POINT('',(26.740821506,-38.692168662,33.267523624));
#7715=DIRECTION('',(0.,-1.,-0.));
#7716=VECTOR('',#7715,2.);
#7717=LINE('',#7714,#7716);
#7718=EDGE_CURVE('NONE',#7489,#6494,#7717,.T.);
#7719=ORIENTED_EDGE('',*,*,#7718,.F.);
#7720=ORIENTED_EDGE('',*,*,#7495,.F.);
#7721=EDGE_LOOP('',(#7712,#7713,#7719,#7720));
#7722=FACE_BOUND('',#7721,.T.);
#7723=ADVANCED_FACE('NONE',(#7722),#7711,.F.);
#7724=CARTESIAN_POINT('',(26.740821506,-40.692168662,33.267523624));
#7725=DIRECTION('',(1.,0.,0.));
#7726=DIRECTION('',(0.,-1.,-0.));
#7727=AXIS2_PLACEMENT_3D('',#7724,#7725,#7726);
#7728=PLANE('',#7727);
#7729=ORIENTED_EDGE('',*,*,#7162,.F.);
#7730=ORIENTED_EDGE('',*,*,#7501,.F.);
#7731=ORIENTED_EDGE('',*,*,#7718,.T.);
#7732=ORIENTED_EDGE('',*,*,#6499,.F.);
#7733=CARTESIAN_POINT('',(26.740821506,-39.442168662,36.267523624));
#7734=DIRECTION('',(0.,-0.707106781,-0.707106781));
#7735=VECTOR('',#7734,1.767766953);
#7736=LINE('',#7733,#7735);
#7737=EDGE_CURVE('NONE',#7157,#6486,#7736,.T.);
#7738=ORIENTED_EDGE('',*,*,#7737,.F.);
#7739=EDGE_LOOP('',(#7729,#7730,#7731,#7732,#7738));
#7740=FACE_BOUND('',#7739,.T.);
#7741=ADVANCED_FACE('NONE',(#7740),#7728,.F.);
#7742=CARTESIAN_POINT('',(31.740821506,-40.067168662,35.642523624));
#7743=DIRECTION('',(-0.,-0.707106781,0.707106781));
#7744=DIRECTION('',(-0.,0.707106781,0.707106781));
#7745=AXIS2_PLACEMENT_3D('',#7742,#7743,#7744);
#7746=PLANE('',#7745);
#7747=ORIENTED_EDGE('',*,*,#7170,.F.);
#7748=ORIENTED_EDGE('',*,*,#7737,.T.);
#7749=ORIENTED_EDGE('',*,*,#6491,.F.);
#7750=CARTESIAN_POINT('',(56.740821506,-40.692168662,35.017523624));
#7751=DIRECTION('',(-0.,0.707106781,0.707106781));
#7752=VECTOR('',#7751,1.767766953);
#7753=LINE('',#7750,#7752);
#7754=EDGE_CURVE('NONE',#6478,#7165,#7753,.T.);
#7755=ORIENTED_EDGE('',*,*,#7754,.T.);
#7756=EDGE_LOOP('',(#7747,#7748,#7749,#7755));
#7757=FACE_BOUND('',#7756,.T.);
#7758=ADVANCED_FACE('NONE',(#7757),#7746,.T.);
#7759=CARTESIAN_POINT('',(56.740821506,-40.692168662,33.267523624));
#7760=DIRECTION('',(1.,0.,0.));
#7761=DIRECTION('',(0.,-1.,-0.));
#7762=AXIS2_PLACEMENT_3D('',#7759,#7760,#7761);
#7763=PLANE('',#7762);
#7764=CARTESIAN_POINT('',(56.740821506,-38.692168662,33.267523624));
#7765=VERTEX_POINT('',#7764);
#7766=CARTESIAN_POINT('',(56.740821506,-38.692168662,33.267523624));
#7767=DIRECTION('',(-0.,-0.,1.));
#7768=VECTOR('',#7767,3.);
#7769=LINE('',#7766,#7768);
#7770=EDGE_CURVE('NONE',#7765,#7124,#7769,.T.);
#7771=ORIENTED_EDGE('',*,*,#7770,.T.);
#7772=ORIENTED_EDGE('',*,*,#7176,.F.);
#7773=ORIENTED_EDGE('',*,*,#7754,.F.);
#7774=ORIENTED_EDGE('',*,*,#6483,.F.);
#7775=CARTESIAN_POINT('',(56.740821506,-40.692168662,33.267523624));
#7776=DIRECTION('',(-0.,1.,0.));
#7777=VECTOR('',#7776,2.);
#7778=LINE('',#7775,#7777);
#7779=EDGE_CURVE('NONE',#6469,#7765,#7778,.T.);
#7780=ORIENTED_EDGE('',*,*,#7779,.T.);
#7781=EDGE_LOOP('',(#7771,#7772,#7773,#7774,#7780));
#7782=FACE_BOUND('',#7781,.T.);
#7783=ADVANCED_FACE('NONE',(#7782),#7763,.T.);
#7784=CARTESIAN_POINT('',(58.740821506,-40.692168662,33.267523624));
#7785=DIRECTION('',(0.,-1.,-0.));
#7786=DIRECTION('',(-1.,0.,-0.));
#7787=AXIS2_PLACEMENT_3D('',#7784,#7785,#7786);
#7788=CYLINDRICAL_SURFACE('',#7787,2.);
#7789=ORIENTED_EDGE('',*,*,#7779,.F.);
#7790=ORIENTED_EDGE('',*,*,#6475,.F.);
#7791=CARTESIAN_POINT('',(58.740821506,-38.692168662,31.267523624));
#7792=VERTEX_POINT('',#7791);
#7793=CARTESIAN_POINT('',(58.740821506,-38.692168662,31.267523624));
#7794=DIRECTION('',(0.,-1.,-0.));
#7795=VECTOR('',#7794,2.);
#7796=LINE('',#7793,#7795);
#7797=EDGE_CURVE('NONE',#7792,#6461,#7796,.T.);
#7798=ORIENTED_EDGE('',*,*,#7797,.F.);
#7799=CARTESIAN_POINT('',(58.740821506,-38.692168662,33.267523624));
#7800=DIRECTION('',(0.,-1.,-0.));
#7801=DIRECTION('',(-1.,0.,-0.));
#7802=AXIS2_PLACEMENT_3D('',#7799,#7800,#7801);
#7803=CIRCLE('',#7802,2.);
#7804=EDGE_CURVE('NONE',#7765,#7792,#7803,.T.);
#7805=ORIENTED_EDGE('',*,*,#7804,.F.);
#7806=EDGE_LOOP('',(#7789,#7790,#7798,#7805));
#7807=FACE_BOUND('',#7806,.T.);
#7808=ADVANCED_FACE('NONE',(#7807),#7788,.F.);
#7809=CARTESIAN_POINT('',(61.740821506,-40.692168662,31.267523624));
#7810=DIRECTION('',(-0.,-0.,1.));
#7811=DIRECTION('',(-0.,1.,0.));
#7812=AXIS2_PLACEMENT_3D('',#7809,#7810,#7811);
#7813=PLANE('',#7812);
#7814=ORIENTED_EDGE('',*,*,#7797,.T.);
#7815=ORIENTED_EDGE('',*,*,#6466,.F.);
#7816=CARTESIAN_POINT('',(60.490821506,-40.692168662,31.267523624));
#7817=DIRECTION('',(0.707106781,0.707106781,0.));
#7818=VECTOR('',#7817,1.767766953);
#7819=LINE('',#7816,#7818);
#7820=EDGE_CURVE('NONE',#6453,#6632,#7819,.T.);
#7821=ORIENTED_EDGE('',*,*,#7820,.T.);
#7822=ORIENTED_EDGE('',*,*,#6637,.F.);
#7823=CARTESIAN_POINT('',(61.740821506,-38.692168662,31.267523624));
#7824=DIRECTION('',(-1.,0.,-0.));
#7825=VECTOR('',#7824,3.);
#7826=LINE('',#7823,#7825);
#7827=EDGE_CURVE('NONE',#6624,#7792,#7826,.T.);
#7828=ORIENTED_EDGE('',*,*,#7827,.T.);
#7829=EDGE_LOOP('',(#7814,#7815,#7821,#7822,#7828));
#7830=FACE_BOUND('',#7829,.T.);
#7831=ADVANCED_FACE('NONE',(#7830),#7813,.T.);
#7832=CARTESIAN_POINT('',(61.115821506,-40.067168662,31.312523624));
#7833=DIRECTION('',(0.707106781,-0.707106781,0.));
#7834=DIRECTION('',(-0.707106781,-0.707106781,-0.));
#7835=AXIS2_PLACEMENT_3D('',#7832,#7833,#7834);
#7836=PLANE('',#7835);
#7837=ORIENTED_EDGE('',*,*,#6596,.T.);
#7838=ORIENTED_EDGE('',*,*,#6643,.F.);
#7839=ORIENTED_EDGE('',*,*,#7820,.F.);
#7840=ORIENTED_EDGE('',*,*,#6458,.F.);
#7841=EDGE_LOOP('',(#7837,#7838,#7839,#7840));
#7842=FACE_BOUND('',#7841,.T.);
#7843=ADVANCED_FACE('NONE',(#7842),#7836,.T.);
#7844=CARTESIAN_POINT('',(60.420821506,-39.442168662,19.447523624));
#7845=CARTESIAN_POINT('',(60.420821506,-39.442168662,16.087523624));
#7846=CARTESIAN_POINT('',(57.060821506,-39.442168662,16.087523624));
#7847=CARTESIAN_POINT('',(57.060821506,-39.442168662,19.447523624));
#7848=CARTESIAN_POINT('',(60.420821506,-39.735061881,19.447523624));
#7849=CARTESIAN_POINT('',(60.420821506,-39.735061881,16.087523624));
#7850=CARTESIAN_POINT('',(57.060821506,-39.735061881,16.087523624));
#7851=CARTESIAN_POINT('',(57.060821506,-39.735061881,19.447523624));
#7852=CARTESIAN_POINT('',(60.213714724,-39.942168662,19.447523624));
#7853=CARTESIAN_POINT('',(60.213714724,-39.942168662,16.501737187));
#7854=CARTESIAN_POINT('',(57.267928287,-39.942168662,16.501737187));
#7855=CARTESIAN_POINT('',(57.267928287,-39.942168662,19.447523624));
#7856=CARTESIAN_POINT('',(59.920821506,-39.942168662,19.447523624));
#7857=CARTESIAN_POINT('',(59.920821506,-39.942168662,17.087523624));
#7858=CARTESIAN_POINT('',(57.560821506,-39.942168662,17.087523624));
#7859=CARTESIAN_POINT('',(57.560821506,-39.942168662,19.447523624));
#7860=(BOUNDED_SURFACE()
B_SPLINE_SURFACE(3,3,((#7844,#7845,#7846,#7847),(#7848,#7849,#7850,#7851),(#7852,#7853,#7854,#7855),(#7856,#7857,#7858,#7859)),.UNSPECIFIED.,.F.,.F.,.U.)
B_SPLINE_SURFACE_WITH_KNOTS((4,4),(4,4),(0.,1.),(0.,1.),.UNSPECIFIED.)
GEOMETRIC_REPRESENTATION_ITEM()
RATIONAL_B_SPLINE_SURFACE(((1.,0.333333333,0.333333333,1.),(0.804737854,0.268245951,0.268245951,0.804737854),(0.804737854,0.268245951,0.268245951,0.804737854),(1.,0.333333333,0.333333333,1.)))
REPRESENTATION_ITEM('')
SURFACE()
);
#7861=ORIENTED_EDGE('',*,*,#4861,.F.);
#7862=ORIENTED_EDGE('',*,*,#5085,.F.);
#7863=ORIENTED_EDGE('',*,*,#4886,.T.);
#7864=CARTESIAN_POINT('',(59.920821506,-39.942168662,19.447523624));
#7865=CARTESIAN_POINT('',(59.920821506,-39.942168662,17.087523624));
#7866=CARTESIAN_POINT('',(57.560821506,-39.942168662,17.087523624));
#7867=CARTESIAN_POINT('',(57.560821506,-39.942168662,19.447523624));
#7868=(BOUNDED_CURVE()
B_SPLINE_CURVE(3,(#7864,#7865,#7866,#7867),.UNSPECIFIED.,.F.,.F.)
B_SPLINE_CURVE_WITH_KNOTS((4,4),(0.5,1.),.UNSPECIFIED.)
CURVE()
GEOMETRIC_REPRESENTATION_ITEM()
RATIONAL_B_SPLINE_CURVE((1.,0.333333333,0.333333333,1.))
REPRESENTATION_ITEM(''));
#7869=EDGE_CURVE('NONE',#4864,#4846,#7868,.T.);
#7870=ORIENTED_EDGE('',*,*,#7869,.T.);
#7871=EDGE_LOOP('',(#7861,#7862,#7863,#7870));
#7872=FACE_BOUND('',#7871,.T.);
#7873=ADVANCED_FACE('NONE',(#7872),#7860,.T.);
#7874=OVER_RIDING_STYLED_ITEM('',(#4815),#7873,#4734);
#7875=CARTESIAN_POINT('',(59.240821506,-38.692168662,33.767523624));
#7876=DIRECTION('',(-0.,1.,0.));
#7877=DIRECTION('',(1.,-0.,0.));
#7878=AXIS2_PLACEMENT_3D('',#7875,#7876,#7877);
#7879=PLANE('',#7878);
#7880=ORIENTED_EDGE('',*,*,#5161,.F.);
#7881=CARTESIAN_POINT('',(58.740821506,-38.692168662,33.267523624));
#7882=DIRECTION('',(0.,-1.,-0.));
#7883=DIRECTION('',(-1.,0.,-0.));
#7884=AXIS2_PLACEMENT_3D('',#7881,#7882,#7883);
#7885=CIRCLE('',#7884,1.68);
#7886=EDGE_CURVE('NONE',#5155,#5153,#7885,.T.);
#7887=ORIENTED_EDGE('',*,*,#7886,.F.);
#7888=EDGE_LOOP('',(#7880,#7887));
#7889=FACE_BOUND('',#7888,.T.);
#7890=ORIENTED_EDGE('',*,*,#7804,.T.);
#7891=ORIENTED_EDGE('',*,*,#7827,.F.);
#7892=ORIENTED_EDGE('',*,*,#6629,.F.);
#7893=ORIENTED_EDGE('',*,*,#7193,.F.);
#7894=ORIENTED_EDGE('',*,*,#7131,.F.);
#7895=ORIENTED_EDGE('',*,*,#7770,.F.);
#7896=EDGE_LOOP('',(#7890,#7891,#7892,#7893,#7894,#7895));
#7897=FACE_BOUND('',#7896,.T.);
#7898=ADVANCED_FACE('NONE',(#7889,#7897),#7879,.F.);
#7899=CARTESIAN_POINT('',(68.290821506,-12.842168662,35.832523624));
#7900=DIRECTION('',(-0.,-0.,1.));
#7901=DIRECTION('',(-0.,1.,0.));
#7902=AXIS2_PLACEMENT_3D('',#7899,#7900,#7901);
#7903=PLANE('',#7902);
#7904=ORIENTED_EDGE('',*,*,#7203,.F.);
#7905=ORIENTED_EDGE('',*,*,#6762,.F.);
#7906=CARTESIAN_POINT('',(66.790821506,-10.342168662,35.832523624));
#7907=VERTEX_POINT('',#7906);
#7908=CARTESIAN_POINT('',(66.790821506,-12.842168662,35.832523624));
#7909=DIRECTION('',(-0.,1.,0.));
#7910=VECTOR('',#7909,2.5);
#7911=LINE('',#7908,#7910);
#7912=EDGE_CURVE('NONE',#6748,#7907,#7911,.T.);
#7913=ORIENTED_EDGE('',*,*,#7912,.T.);
#7914=CARTESIAN_POINT('',(66.790821506,-10.342168662,35.832523624));
#7915=DIRECTION('',(-1.,0.,-0.));
#7916=VECTOR('',#7915,5.804698832);
#7917=LINE('',#7914,#7916);
#7918=EDGE_CURVE('NONE',#7907,#7198,#7917,.T.);
#7919=ORIENTED_EDGE('',*,*,#7918,.T.);
#7920=EDGE_LOOP('',(#7904,#7905,#7913,#7919));
#7921=FACE_BOUND('',#7920,.T.);
#7922=ADVANCED_FACE('NONE',(#7921),#7903,.T.);
#7923=CARTESIAN_POINT('',(66.790821506,-12.842168662,34.332523624));
#7924=DIRECTION('',(-0.,1.,0.));
#7925=DIRECTION('',(1.,-0.,0.));
#7926=AXIS2_PLACEMENT_3D('',#7923,#7924,#7925);
#7927=CYLINDRICAL_SURFACE('',#7926,1.5);
#7928=ORIENTED_EDGE('',*,*,#6754,.F.);
#7929=CARTESIAN_POINT('',(68.290821506,-10.342168662,34.332523624));
#7930=VERTEX_POINT('',#7929);
#7931=CARTESIAN_POINT('',(68.290821506,-12.842168662,34.332523624));
#7932=DIRECTION('',(-0.,1.,0.));
#7933=VECTOR('',#7932,2.5);
#7934=LINE('',#7931,#7933);
#7935=EDGE_CURVE('NONE',#6740,#7930,#7934,.T.);
#7936=ORIENTED_EDGE('',*,*,#7935,.T.);
#7937=CARTESIAN_POINT('',(66.790821506,-10.342168662,34.332523624));
#7938=DIRECTION('',(0.,-1.,-0.));
#7939=DIRECTION('',(1.,-0.,0.));
#7940=AXIS2_PLACEMENT_3D('',#7937,#7938,#7939);
#7941=CIRCLE('',#7940,1.5);
#7942=EDGE_CURVE('NONE',#7930,#7907,#7941,.T.);
#7943=ORIENTED_EDGE('',*,*,#7942,.T.);
#7944=ORIENTED_EDGE('',*,*,#7912,.F.);
#7945=EDGE_LOOP('',(#7928,#7936,#7943,#7944));
#7946=FACE_BOUND('',#7945,.T.);
#7947=ADVANCED_FACE('NONE',(#7946),#7927,.T.);
#7948=CARTESIAN_POINT('',(65.865821506,-12.842168662,31.357523624));
#7949=DIRECTION('',(-0.,1.,0.));
#7950=DIRECTION('',(1.,-0.,0.));
#7951=AXIS2_PLACEMENT_3D('',#7948,#7949,#7950);
#7952=CYLINDRICAL_SURFACE('',#7951,2.21);
#7953=CARTESIAN_POINT('',(67.595987683,-10.342168662,32.732523624));
#7954=VERTEX_POINT('',#7953);
#7955=CARTESIAN_POINT('',(67.595987683,-12.842168662,32.732523624));
#7956=DIRECTION('',(-0.,1.,0.));
#7957=VECTOR('',#7956,2.5);
#7958=LINE('',#7955,#7957);
#7959=EDGE_CURVE('NONE',#6723,#7954,#7958,.T.);
#7960=ORIENTED_EDGE('',*,*,#7959,.F.);
#7961=ORIENTED_EDGE('',*,*,#6729,.F.);
#7962=CARTESIAN_POINT('',(67.595987683,-10.342168662,29.982523624));
#7963=VERTEX_POINT('',#7962);
#7964=CARTESIAN_POINT('',(67.595987683,-10.342168662,29.982523624));
#7965=DIRECTION('',(0.,-1.,-0.));
#7966=VECTOR('',#7965,2.5);
#7967=LINE('',#7964,#7966);
#7968=EDGE_CURVE('NONE',#7963,#6715,#7967,.T.);
#7969=ORIENTED_EDGE('',*,*,#7968,.F.);
#7970=CARTESIAN_POINT('',(65.865821506,-10.342168662,31.357523624));
#7971=DIRECTION('',(0.,-1.,-0.));
#7972=DIRECTION('',(1.,-0.,0.));
#7973=AXIS2_PLACEMENT_3D('',#7970,#7971,#7972);
#7974=CIRCLE('',#7973,2.21);
#7975=EDGE_CURVE('NONE',#7954,#7963,#7974,.T.);
#7976=ORIENTED_EDGE('',*,*,#7975,.F.);
#7977=EDGE_LOOP('',(#7960,#7961,#7969,#7976));
#7978=FACE_BOUND('',#7977,.T.);
#7979=ADVANCED_FACE('NONE',(#7978),#7952,.F.);
#7980=CARTESIAN_POINT('',(68.290821506,-12.842168662,22.732523624));
#7981=DIRECTION('',(1.,0.,0.));
#7982=DIRECTION('',(0.,-1.,-0.));
#7983=AXIS2_PLACEMENT_3D('',#7980,#7981,#7982);
#7984=PLANE('',#7983);
#7985=ORIENTED_EDGE('',*,*,#6712,.F.);
#7986=CARTESIAN_POINT('',(68.290821506,-12.842168662,22.732523624));
#7987=DIRECTION('',(-0.,1.,0.));
#7988=VECTOR('',#7987,2.5);
#7989=LINE('',#7986,#7988);
#7990=EDGE_CURVE('NONE',#6699,#6823,#7989,.T.);
#7991=ORIENTED_EDGE('',*,*,#7990,.T.);
#7992=ORIENTED_EDGE('',*,*,#6828,.T.);
#7993=CARTESIAN_POINT('',(68.290821506,-9.592168662,25.757523624));
#7994=VERTEX_POINT('',#7993);
#7995=CARTESIAN_POINT('',(68.290821506,-10.342168662,25.757523624));
#7996=DIRECTION('',(-0.,1.,0.));
#7997=VECTOR('',#7996,0.75);
#7998=LINE('',#7995,#7997);
#7999=EDGE_CURVE('NONE',#6815,#7994,#7998,.T.);
#8000=ORIENTED_EDGE('',*,*,#7999,.T.);
#8001=CARTESIAN_POINT('',(68.290821506,-9.592168662,26.957523624));
#8002=VERTEX_POINT('',#8001);
#8003=CARTESIAN_POINT('',(68.290821506,-9.592168662,26.957523624));
#8004=DIRECTION('',(0.,0.,-1.));
#8005=VECTOR('',#8004,1.2);
#8006=LINE('',#8003,#8005);
#8007=EDGE_CURVE('NONE',#8002,#7994,#8006,.T.);
#8008=ORIENTED_EDGE('',*,*,#8007,.F.);
#8009=CARTESIAN_POINT('',(68.290821506,-10.342168662,26.957523624));
#8010=VERTEX_POINT('',#8009);
#8011=CARTESIAN_POINT('',(68.290821506,-9.592168662,26.957523624));
#8012=DIRECTION('',(0.,-1.,-0.));
#8013=VECTOR('',#8012,0.75);
#8014=LINE('',#8011,#8013);
#8015=EDGE_CURVE('NONE',#8002,#8010,#8014,.T.);
#8016=ORIENTED_EDGE('',*,*,#8015,.T.);
#8017=CARTESIAN_POINT('',(68.290821506,-10.342168662,29.982523624));
#8018=VERTEX_POINT('',#8017);
#8019=CARTESIAN_POINT('',(68.290821506,-10.342168662,26.957523624));
#8020=DIRECTION('',(-0.,-0.,1.));
#8021=VECTOR('',#8020,3.025);
#8022=LINE('',#8019,#8021);
#8023=EDGE_CURVE('NONE',#8010,#8018,#8022,.T.);
#8024=ORIENTED_EDGE('',*,*,#8023,.T.);
#8025=CARTESIAN_POINT('',(68.290821506,-10.342168662,29.982523624));
#8026=DIRECTION('',(0.,-1.,-0.));
#8027=VECTOR('',#8026,2.5);
#8028=LINE('',#8025,#8027);
#8029=EDGE_CURVE('NONE',#8018,#6707,#8028,.T.);
#8030=ORIENTED_EDGE('',*,*,#8029,.T.);
#8031=EDGE_LOOP('',(#7985,#7991,#7992,#8000,#8008,#8016,#8024,#8030));
#8032=FACE_BOUND('',#8031,.T.);
#8033=ADVANCED_FACE('NONE',(#8032),#7984,.T.);
#8034=CARTESIAN_POINT('',(65.865821506,-12.842168662,21.357523624));
#8035=DIRECTION('',(-0.,1.,0.));
#8036=DIRECTION('',(1.,-0.,0.));
#8037=AXIS2_PLACEMENT_3D('',#8034,#8035,#8036);
#8038=CYLINDRICAL_SURFACE('',#8037,2.21);
#8039=CARTESIAN_POINT('',(67.595987683,-12.842168662,22.732523624));
#8040=DIRECTION('',(-0.,1.,0.));
#8041=VECTOR('',#8040,2.5);
#8042=LINE('',#8039,#8041);
#8043=EDGE_CURVE('NONE',#6690,#6831,#8042,.T.);
#8044=ORIENTED_EDGE('',*,*,#8043,.F.);
#8045=ORIENTED_EDGE('',*,*,#6696,.F.);
#8046=CARTESIAN_POINT('',(67.595987683,-10.342168662,19.982523624));
#8047=DIRECTION('',(0.,-1.,-0.));
#8048=VECTOR('',#8047,2.5);
#8049=LINE('',#8046,#8048);
#8050=EDGE_CURVE('NONE',#6839,#6682,#8049,.T.);
#8051=ORIENTED_EDGE('',*,*,#8050,.F.);
#8052=ORIENTED_EDGE('',*,*,#6845,.T.);
#8053=EDGE_LOOP('',(#8044,#8045,#8051,#8052));
#8054=FACE_BOUND('',#8053,.T.);
#8055=ADVANCED_FACE('NONE',(#8054),#8038,.F.);
#8056=CARTESIAN_POINT('',(66.790821506,-12.842168662,18.382523624));
#8057=DIRECTION('',(-0.,1.,0.));
#8058=DIRECTION('',(1.,-0.,0.));
#8059=AXIS2_PLACEMENT_3D('',#8056,#8057,#8058);
#8060=CYLINDRICAL_SURFACE('',#8059,1.5);
#8061=ORIENTED_EDGE('',*,*,#6671,.F.);
#8062=ORIENTED_EDGE('',*,*,#6793,.F.);
#8063=ORIENTED_EDGE('',*,*,#6868,.T.);
#8064=CARTESIAN_POINT('',(68.290821506,-10.342168662,18.382523624));
#8065=DIRECTION('',(0.,-1.,-0.));
#8066=VECTOR('',#8065,2.5);
#8067=LINE('',#8064,#8066);
#8068=EDGE_CURVE('NONE',#6856,#6665,#8067,.T.);
#8069=ORIENTED_EDGE('',*,*,#8068,.T.);
#8070=EDGE_LOOP('',(#8061,#8062,#8063,#8069));
#8071=FACE_BOUND('',#8070,.T.);
#8072=ADVANCED_FACE('NONE',(#8071),#8060,.T.);
#8073=CARTESIAN_POINT('',(64.797260959,-9.683762048,25.757523624));
#8074=DIRECTION('',(0.,0.,-1.));
#8075=DIRECTION('',(0.,-1.,-0.));
#8076=AXIS2_PLACEMENT_3D('',#8073,#8074,#8075);
#8077=PLANE('',#8076);
#8078=CARTESIAN_POINT('',(61.740821506,-8.542168662,25.757523624));
#8079=DIRECTION('',(0.987393553,-0.158284463,0.));
#8080=VECTOR('',#8079,6.633626459);
#8081=LINE('',#8078,#8080);
#8082=EDGE_CURVE('NONE',#6889,#7994,#8081,.T.);
#8083=ORIENTED_EDGE('',*,*,#8082,.T.);
#8084=ORIENTED_EDGE('',*,*,#7999,.F.);
#8085=ORIENTED_EDGE('',*,*,#6820,.T.);
#8086=ORIENTED_EDGE('',*,*,#6900,.F.);
#8087=EDGE_LOOP('',(#8083,#8084,#8085,#8086));
#8088=FACE_BOUND('',#8087,.T.);
#8089=ADVANCED_FACE('NONE',(#8088),#8077,.T.);
#8090=CARTESIAN_POINT('',(64.797260959,-9.683762048,26.957523624));
#8091=DIRECTION('',(0.,0.,-1.));
#8092=DIRECTION('',(0.,-1.,-0.));
#8093=AXIS2_PLACEMENT_3D('',#8090,#8091,#8092);
#8094=PLANE('',#8093);
#8095=ORIENTED_EDGE('',*,*,#6886,.F.);
#8096=CARTESIAN_POINT('',(68.290821506,-10.342168662,26.957523624));
#8097=DIRECTION('',(-1.,0.,-0.));
#8098=VECTOR('',#8097,6.55);
#8099=LINE('',#8096,#8098);
#8100=EDGE_CURVE('NONE',#8010,#6879,#8099,.T.);
#8101=ORIENTED_EDGE('',*,*,#8100,.F.);
#8102=ORIENTED_EDGE('',*,*,#8015,.F.);
#8103=CARTESIAN_POINT('',(61.740821506,-8.542168662,26.957523624));
#8104=DIRECTION('',(0.987393553,-0.158284463,0.));
#8105=VECTOR('',#8104,6.633626459);
#8106=LINE('',#8103,#8105);
#8107=EDGE_CURVE('NONE',#6881,#8002,#8106,.T.);
#8108=ORIENTED_EDGE('',*,*,#8107,.F.);
#8109=EDGE_LOOP('',(#8095,#8101,#8102,#8108));
#8110=FACE_BOUND('',#8109,.T.);
#8111=ADVANCED_FACE('NONE',(#8110),#8094,.F.);
#8112=CARTESIAN_POINT('',(64.922711563,-10.342168662,26.357523624));
#8113=DIRECTION('',(0.,-1.,-0.));
#8114=DIRECTION('',(-1.,0.,-0.));
#8115=AXIS2_PLACEMENT_3D('',#8112,#8113,#8114);
#8116=PLANE('',#8115);
#8117=CARTESIAN_POINT('',(68.290821506,-10.342168662,32.732523624));
#8118=VERTEX_POINT('',#8117);
#8119=CARTESIAN_POINT('',(68.290821506,-10.342168662,32.732523624));
#8120=DIRECTION('',(-0.,-0.,1.));
#8121=VECTOR('',#8120,1.6);
#8122=LINE('',#8119,#8121);
#8123=EDGE_CURVE('NONE',#8118,#7930,#8122,.T.);
#8124=ORIENTED_EDGE('',*,*,#8123,.F.);
#8125=CARTESIAN_POINT('',(67.595987683,-10.342168662,32.732523624));
#8126=DIRECTION('',(1.,-0.,0.));
#8127=VECTOR('',#8126,0.694833823);
#8128=LINE('',#8125,#8127);
#8129=EDGE_CURVE('NONE',#7954,#8118,#8128,.T.);
#8130=ORIENTED_EDGE('',*,*,#8129,.F.);
#8131=ORIENTED_EDGE('',*,*,#7975,.T.);
#8132=CARTESIAN_POINT('',(68.290821506,-10.342168662,29.982523624));
#8133=DIRECTION('',(-1.,0.,-0.));
#8134=VECTOR('',#8133,0.694833823);
#8135=LINE('',#8132,#8134);
#8136=EDGE_CURVE('NONE',#8018,#7963,#8135,.T.);
#8137=ORIENTED_EDGE('',*,*,#8136,.F.);
#8138=ORIENTED_EDGE('',*,*,#8023,.F.);
#8139=ORIENTED_EDGE('',*,*,#8100,.T.);
#8140=ORIENTED_EDGE('',*,*,#6917,.F.);
#8141=ORIENTED_EDGE('',*,*,#7210,.F.);
#8142=ORIENTED_EDGE('',*,*,#7918,.F.);
#8143=ORIENTED_EDGE('',*,*,#7942,.F.);
#8144=EDGE_LOOP('',(#8124,#8130,#8131,#8137,#8138,#8139,#8140,#8141,#8142,#8143));
#8145=FACE_BOUND('',#8144,.T.);
#8146=ADVANCED_FACE('NONE',(#8145),#8116,.F.);
#8147=CARTESIAN_POINT('',(41.740821506,-6.342168662,26.357523624));
#8148=DIRECTION('',(0.,-1.,-0.));
#8149=DIRECTION('',(-1.,0.,-0.));
#8150=AXIS2_PLACEMENT_3D('',#8147,#8148,#8149);
#8151=PLANE('',#8150);
#8152=ORIENTED_EDGE('',*,*,#7088,.F.);
#8153=ORIENTED_EDGE('',*,*,#7063,.F.);
#8154=ORIENTED_EDGE('',*,*,#7039,.F.);
#8155=ORIENTED_EDGE('',*,*,#7014,.F.);
#8156=ORIENTED_EDGE('',*,*,#6990,.F.);
#8157=ORIENTED_EDGE('',*,*,#6965,.F.);
#8158=ORIENTED_EDGE('',*,*,#6936,.F.);
#8159=ORIENTED_EDGE('',*,*,#7110,.F.);
#8160=EDGE_LOOP('',(#8152,#8153,#8154,#8155,#8156,#8157,#8158,#8159));
#8161=FACE_BOUND('',#8160,.T.);
#8162=CARTESIAN_POINT('',(34.872251901,-6.342168662,17.657523624));
#8163=VERTEX_POINT('',#8162);
#8164=CARTESIAN_POINT('',(31.515821506,-6.342168662,26.357523624));
#8165=DIRECTION('',(0.,1.,0.));
#8166=DIRECTION('',(-1.,0.,-0.));
#8167=AXIS2_PLACEMENT_3D('',#8164,#8165,#8166);
#8168=CIRCLE('',#8167,9.325);
#8169=EDGE_CURVE('NONE',#8163,#5203,#8168,.T.);
#8170=ORIENTED_EDGE('',*,*,#8169,.F.);
#8171=CARTESIAN_POINT('',(54.090821506,-6.342168662,17.657523624));
#8172=VERTEX_POINT('',#8171);
#8173=CARTESIAN_POINT('',(54.090821506,-6.342168662,17.657523624));
#8174=DIRECTION('',(-1.,0.,-0.));
#8175=VECTOR('',#8174,19.218569604);
#8176=LINE('',#8173,#8175);
#8177=EDGE_CURVE('NONE',#8172,#8163,#8176,.T.);
#8178=ORIENTED_EDGE('',*,*,#8177,.F.);
#8179=CARTESIAN_POINT('',(55.090821506,-6.342168662,18.657523624));
#8180=VERTEX_POINT('',#8179);
#8181=CARTESIAN_POINT('',(54.090821506,-6.342168662,18.657523624));
#8182=DIRECTION('',(0.,1.,0.));
#8183=DIRECTION('',(1.,-0.,0.));
#8184=AXIS2_PLACEMENT_3D('',#8181,#8182,#8183);
#8185=CIRCLE('',#8184,1.);
#8186=EDGE_CURVE('NONE',#8180,#8172,#8185,.T.);
#8187=ORIENTED_EDGE('',*,*,#8186,.F.);
#8188=CARTESIAN_POINT('',(55.090821506,-6.342168662,21.532523624));
#8189=VERTEX_POINT('',#8188);
#8190=CARTESIAN_POINT('',(55.090821506,-6.342168662,21.532523624));
#8191=DIRECTION('',(0.,0.,-1.));
#8192=VECTOR('',#8191,2.875);
#8193=LINE('',#8190,#8192);
#8194=EDGE_CURVE('NONE',#8189,#8180,#8193,.T.);
#8195=ORIENTED_EDGE('',*,*,#8194,.F.);
#8196=CARTESIAN_POINT('',(55.090821506,-6.342168662,31.182523624));
#8197=VERTEX_POINT('',#8196);
#8198=CARTESIAN_POINT('',(51.233445428,-6.342168662,26.357523624));
#8199=DIRECTION('',(0.,1.,0.));
#8200=DIRECTION('',(-1.,0.,-0.));
#8201=AXIS2_PLACEMENT_3D('',#8198,#8199,#8200);
#8202=CIRCLE('',#8201,6.177376078);
#8203=EDGE_CURVE('NONE',#8197,#8189,#8202,.T.);
#8204=ORIENTED_EDGE('',*,*,#8203,.F.);
#8205=CARTESIAN_POINT('',(55.090821506,-6.342168662,34.057523624));
#8206=VERTEX_POINT('',#8205);
#8207=CARTESIAN_POINT('',(55.090821506,-6.342168662,34.057523624));
#8208=DIRECTION('',(0.,0.,-1.));
#8209=VECTOR('',#8208,2.875);
#8210=LINE('',#8207,#8209);
#8211=EDGE_CURVE('NONE',#8206,#8197,#8210,.T.);
#8212=ORIENTED_EDGE('',*,*,#8211,.F.);
#8213=CARTESIAN_POINT('',(54.090821506,-6.342168662,35.057523624));
#8214=VERTEX_POINT('',#8213);
#8215=CARTESIAN_POINT('',(54.090821506,-6.342168662,34.057523624));
#8216=DIRECTION('',(0.,1.,0.));
#8217=DIRECTION('',(1.,-0.,0.));
#8218=AXIS2_PLACEMENT_3D('',#8215,#8216,#8217);
#8219=CIRCLE('',#8218,1.);
#8220=EDGE_CURVE('NONE',#8214,#8206,#8219,.T.);
#8221=ORIENTED_EDGE('',*,*,#8220,.F.);
#8222=CARTESIAN_POINT('',(34.872251901,-6.342168662,35.057523624));
#8223=DIRECTION('',(1.,-0.,0.));
#8224=VECTOR('',#8223,19.218569604);
#8225=LINE('',#8222,#8224);
#8226=EDGE_CURVE('NONE',#5211,#8214,#8225,.T.);
#8227=ORIENTED_EDGE('',*,*,#8226,.F.);
#8228=ORIENTED_EDGE('',*,*,#5217,.F.);
#8229=EDGE_LOOP('',(#8170,#8178,#8187,#8195,#8204,#8212,#8221,#8227,#8228));
#8230=FACE_BOUND('',#8229,.T.);
#8231=ADVANCED_FACE('NONE',(#8161,#8230),#8151,.F.);
#8232=CARTESIAN_POINT('',(15.190821506,-12.842168662,16.882523624));
#8233=DIRECTION('',(1.,0.,0.));
#8234=DIRECTION('',(0.,-1.,-0.));
#8235=AXIS2_PLACEMENT_3D('',#8232,#8233,#8234);
#8236=PLANE('',#8235);
#8237=ORIENTED_EDGE('',*,*,#6109,.F.);
#8238=CARTESIAN_POINT('',(15.190821506,-10.342168662,19.982523624));
#8239=DIRECTION('',(0.,-1.,-0.));
#8240=VECTOR('',#8239,2.5);
#8241=LINE('',#8238,#8240);
#8242=EDGE_CURVE('NONE',#6275,#6096,#8241,.T.);
#8243=ORIENTED_EDGE('',*,*,#8242,.F.);
#8244=ORIENTED_EDGE('',*,*,#6280,.F.);
#8245=ORIENTED_EDGE('',*,*,#7261,.F.);
#8246=EDGE_LOOP('',(#8237,#8243,#8244,#8245));
#8247=FACE_BOUND('',#8246,.T.);
#8248=ADVANCED_FACE('NONE',(#8247),#8236,.F.);
#8249=CARTESIAN_POINT('',(15.190821506,-12.842168662,32.732523624));
#8250=DIRECTION('',(1.,0.,0.));
#8251=DIRECTION('',(0.,-1.,-0.));
#8252=AXIS2_PLACEMENT_3D('',#8249,#8250,#8251);
#8253=PLANE('',#8252);
#8254=ORIENTED_EDGE('',*,*,#7601,.F.);
#8255=CARTESIAN_POINT('',(15.190821506,-12.842168662,32.732523624));
#8256=DIRECTION('',(-0.,1.,0.));
#8257=VECTOR('',#8256,2.5);
#8258=LINE('',#8255,#8257);
#8259=EDGE_CURVE('NONE',#6038,#7590,#8258,.T.);
#8260=ORIENTED_EDGE('',*,*,#8259,.F.);
#8261=ORIENTED_EDGE('',*,*,#6043,.F.);
#8262=ORIENTED_EDGE('',*,*,#7312,.F.);
#8263=EDGE_LOOP('',(#8254,#8260,#8261,#8262));
#8264=FACE_BOUND('',#8263,.T.);
#8265=ADVANCED_FACE('NONE',(#8264),#8253,.F.);
#8266=CARTESIAN_POINT('',(15.190821506,-12.842168662,29.982523624));
#8267=DIRECTION('',(0.,0.,-1.));
#8268=DIRECTION('',(0.,-1.,-0.));
#8269=AXIS2_PLACEMENT_3D('',#8266,#8267,#8268);
#8270=PLANE('',#8269);
#8271=ORIENTED_EDGE('',*,*,#7367,.T.);
#8272=ORIENTED_EDGE('',*,*,#6068,.F.);
#8273=ORIENTED_EDGE('',*,*,#7328,.T.);
#8274=ORIENTED_EDGE('',*,*,#7618,.F.);
#8275=EDGE_LOOP('',(#8271,#8272,#8273,#8274));
#8276=FACE_BOUND('',#8275,.T.);
#8277=ADVANCED_FACE('NONE',(#8276),#8270,.F.);
#8278=CARTESIAN_POINT('',(15.885655329,-12.842168662,32.732523624));
#8279=DIRECTION('',(-0.,-0.,1.));
#8280=DIRECTION('',(-0.,1.,0.));
#8281=AXIS2_PLACEMENT_3D('',#8278,#8279,#8280);
#8282=PLANE('',#8281);
#8283=ORIENTED_EDGE('',*,*,#7337,.T.);
#8284=ORIENTED_EDGE('',*,*,#6051,.F.);
#8285=ORIENTED_EDGE('',*,*,#8259,.T.);
#8286=ORIENTED_EDGE('',*,*,#7595,.F.);
#8287=EDGE_LOOP('',(#8283,#8284,#8285,#8286));
#8288=FACE_BOUND('',#8287,.T.);
#8289=ADVANCED_FACE('NONE',(#8288),#8282,.F.);
#8290=CARTESIAN_POINT('',(15.885655329,-12.842168662,22.732523624));
#8291=DIRECTION('',(-0.,-0.,1.));
#8292=DIRECTION('',(-0.,1.,0.));
#8293=AXIS2_PLACEMENT_3D('',#8290,#8291,#8292);
#8294=PLANE('',#8293);
#8295=ORIENTED_EDGE('',*,*,#7419,.T.);
#8296=ORIENTED_EDGE('',*,*,#6084,.F.);
#8297=ORIENTED_EDGE('',*,*,#7358,.T.);
#8298=ORIENTED_EDGE('',*,*,#6305,.F.);
#8299=EDGE_LOOP('',(#8295,#8296,#8297,#8298));
#8300=FACE_BOUND('',#8299,.T.);
#8301=ADVANCED_FACE('NONE',(#8300),#8294,.F.);
#8302=CARTESIAN_POINT('',(15.190821506,-12.842168662,19.982523624));
#8303=DIRECTION('',(0.,0.,-1.));
#8304=DIRECTION('',(0.,-1.,-0.));
#8305=AXIS2_PLACEMENT_3D('',#8302,#8303,#8304);
#8306=PLANE('',#8305);
#8307=ORIENTED_EDGE('',*,*,#8242,.T.);
#8308=ORIENTED_EDGE('',*,*,#6101,.F.);
#8309=ORIENTED_EDGE('',*,*,#7412,.T.);
#8310=ORIENTED_EDGE('',*,*,#6288,.F.);
#8311=EDGE_LOOP('',(#8307,#8308,#8309,#8310));
#8312=FACE_BOUND('',#8311,.T.);
#8313=ADVANCED_FACE('NONE',(#8312),#8306,.F.);
#8314=CARTESIAN_POINT('',(21.070821506,-39.942168662,26.357523624));
#8315=DIRECTION('',(-0.173648178,-0.984807753,-0.));
#8316=DIRECTION('',(-0.984807753,0.173648178,-0.));
#8317=AXIS2_PLACEMENT_3D('',#8314,#8315,#8316);
#8318=PLANE('',#8317);
#8319=CARTESIAN_POINT('',(21.070821506,-39.942168662,29.132523624));
#8320=DIRECTION('',(0.,0.,-1.));
#8321=VECTOR('',#8320,5.55);
#8322=LINE('',#8319,#8321);
#8323=EDGE_CURVE('NONE',#7515,#7569,#8322,.T.);
#8324=ORIENTED_EDGE('',*,*,#8323,.T.);
#8325=ORIENTED_EDGE('',*,*,#7573,.F.);
#8326=ORIENTED_EDGE('',*,*,#7443,.F.);
#8327=ORIENTED_EDGE('',*,*,#7525,.F.);
#8328=EDGE_LOOP('',(#8324,#8325,#8326,#8327));
#8329=FACE_BOUND('',#8328,.T.);
#8330=ADVANCED_FACE('NONE',(#8329),#8318,.T.);
#8331=CARTESIAN_POINT('',(24.740821506,-38.692168662,33.267523624));
#8332=DIRECTION('',(-0.,1.,0.));
#8333=DIRECTION('',(1.,-0.,0.));
#8334=AXIS2_PLACEMENT_3D('',#8331,#8332,#8333);
#8335=CYLINDRICAL_SURFACE('',#8334,1.68);
#8336=ORIENTED_EDGE('',*,*,#5126,.F.);
#8337=CARTESIAN_POINT('',(24.740821506,-39.442168662,33.267523624));
#8338=DIRECTION('',(-0.,1.,0.));
#8339=DIRECTION('',(1.,-0.,0.));
#8340=AXIS2_PLACEMENT_3D('',#8337,#8338,#8339);
#8341=CIRCLE('',#8340,1.68);
#8342=EDGE_CURVE('NONE',#4912,#4910,#8341,.T.);
#8343=ORIENTED_EDGE('',*,*,#8342,.T.);
#8344=ORIENTED_EDGE('',*,*,#5141,.T.);
#8345=ORIENTED_EDGE('',*,*,#7474,.F.);
#8346=EDGE_LOOP('',(#8336,#8343,#8344,#8345));
#8347=FACE_BOUND('',#8346,.T.);
#8348=ADVANCED_FACE('NONE',(#8347),#8335,.T.);
#8349=OVER_RIDING_STYLED_ITEM('',(#4815),#8348,#4734);
#8350=CARTESIAN_POINT('',(21.070821506,-38.467168662,26.357523624));
#8351=DIRECTION('',(-1.,0.,-0.));
#8352=DIRECTION('',(-0.,1.,0.));
#8353=AXIS2_PLACEMENT_3D('',#8350,#8351,#8352);
#8354=PLANE('',#8353);
#8355=CARTESIAN_POINT('',(21.070821506,-38.467168662,25.137523624));
#8356=DIRECTION('',(1.,-0.,0.));
#8357=DIRECTION('',(-0.,1.,0.));
#8358=AXIS2_PLACEMENT_3D('',#8355,#8356,#8357);
#8359=CIRCLE('',#8358,0.61);
#8360=EDGE_CURVE('NONE',#5236,#5234,#8359,.T.);
#8361=ORIENTED_EDGE('',*,*,#8360,.T.);
#8362=ORIENTED_EDGE('',*,*,#5242,.T.);
#8363=EDGE_LOOP('',(#8361,#8362));
#8364=FACE_BOUND('',#8363,.T.);
#8365=CARTESIAN_POINT('',(21.070821506,-38.467168662,27.577523624));
#8366=DIRECTION('',(1.,-0.,0.));
#8367=DIRECTION('',(-0.,1.,0.));
#8368=AXIS2_PLACEMENT_3D('',#8365,#8366,#8367);
#8369=CIRCLE('',#8368,0.61);
#8370=EDGE_CURVE('NONE',#5286,#5284,#8369,.T.);
#8371=ORIENTED_EDGE('',*,*,#8370,.T.);
#8372=ORIENTED_EDGE('',*,*,#5292,.T.);
#8373=EDGE_LOOP('',(#8371,#8372));
#8374=FACE_BOUND('',#8373,.T.);
#8375=CARTESIAN_POINT('',(21.070821506,-38.467168662,26.357523624));
#8376=DIRECTION('',(1.,0.,0.));
#8377=DIRECTION('',(0.,0.,-1.));
#8378=AXIS2_PLACEMENT_3D('',#8375,#8376,#8377);
#8379=CIRCLE('',#8378,0.61);
#8380=EDGE_CURVE('NONE',#5336,#5334,#8379,.T.);
#8381=ORIENTED_EDGE('',*,*,#8380,.T.);
#8382=ORIENTED_EDGE('',*,*,#5342,.T.);
#8383=EDGE_LOOP('',(#8381,#8382));
#8384=FACE_BOUND('',#8383,.T.);
#8385=ORIENTED_EDGE('',*,*,#7548,.F.);
#8386=ORIENTED_EDGE('',*,*,#7579,.F.);
#8387=ORIENTED_EDGE('',*,*,#8323,.F.);
#8388=ORIENTED_EDGE('',*,*,#7520,.F.);
#8389=EDGE_LOOP('',(#8385,#8386,#8387,#8388));
#8390=FACE_BOUND('',#8389,.T.);
#8391=ADVANCED_FACE('NONE',(#8364,#8374,#8384,#8390),#8354,.T.);
#8392=CARTESIAN_POINT('',(15.190821506,-9.592168662,26.357523624));
#8393=DIRECTION('',(0.158284463,-0.987393553,-0.));
#8394=DIRECTION('',(-0.987393553,-0.158284463,-0.));
#8395=AXIS2_PLACEMENT_3D('',#8392,#8393,#8394);
#8396=PLANE('',#8395);
#8397=ORIENTED_EDGE('',*,*,#7391,.F.);
#8398=ORIENTED_EDGE('',*,*,#7635,.F.);
#8399=ORIENTED_EDGE('',*,*,#6231,.F.);
#8400=ORIENTED_EDGE('',*,*,#7651,.T.);
#8401=EDGE_LOOP('',(#8397,#8398,#8399,#8400));
#8402=FACE_BOUND('',#8401,.T.);
#8403=ADVANCED_FACE('NONE',(#8402),#8396,.F.);
#8404=CARTESIAN_POINT('',(24.740821506,-39.942168662,19.447523624));
#8405=DIRECTION('',(-0.,1.,0.));
#8406=DIRECTION('',(1.,-0.,0.));
#8407=AXIS2_PLACEMENT_3D('',#8404,#8405,#8406);
#8408=PLANE('',#8407);
#8409=CARTESIAN_POINT('',(24.490821506,-39.942168662,19.697523624));
#8410=VERTEX_POINT('',#8409);
#8411=CARTESIAN_POINT('',(23.990821506,-39.942168662,19.697523624));
#8412=VERTEX_POINT('',#8411);
#8413=CARTESIAN_POINT('',(24.490821506,-39.942168662,19.697523624));
#8414=DIRECTION('',(-1.,0.,-0.));
#8415=VECTOR('',#8414,0.5);
#8416=LINE('',#8413,#8415);
#8417=EDGE_CURVE('NONE',#8410,#8412,#8416,.T.);
#8418=ORIENTED_EDGE('',*,*,#8417,.F.);
#8419=CARTESIAN_POINT('',(24.490821506,-39.942168662,20.197523624));
#8420=VERTEX_POINT('',#8419);
#8421=CARTESIAN_POINT('',(24.490821506,-39.942168662,20.197523624));
#8422=DIRECTION('',(0.,0.,-1.));
#8423=VECTOR('',#8422,0.5);
#8424=LINE('',#8421,#8423);
#8425=EDGE_CURVE('NONE',#8420,#8410,#8424,.T.);
#8426=ORIENTED_EDGE('',*,*,#8425,.F.);
#8427=CARTESIAN_POINT('',(24.990821506,-39.942168662,20.197523624));
#8428=VERTEX_POINT('',#8427);
#8429=CARTESIAN_POINT('',(24.990821506,-39.942168662,20.197523624));
#8430=DIRECTION('',(-1.,0.,-0.));
#8431=VECTOR('',#8430,0.5);
#8432=LINE('',#8429,#8431);
#8433=EDGE_CURVE('NONE',#8428,#8420,#8432,.T.);
#8434=ORIENTED_EDGE('',*,*,#8433,.F.);
#8435=CARTESIAN_POINT('',(24.990821506,-39.942168662,19.697523624));
#8436=VERTEX_POINT('',#8435);
#8437=CARTESIAN_POINT('',(24.990821506,-39.942168662,19.697523624));
#8438=DIRECTION('',(-0.,-0.,1.));
#8439=VECTOR('',#8438,0.5);
#8440=LINE('',#8437,#8439);
#8441=EDGE_CURVE('NONE',#8436,#8428,#8440,.T.);
#8442=ORIENTED_EDGE('',*,*,#8441,.F.);
#8443=CARTESIAN_POINT('',(25.490821506,-39.942168662,19.697523624));
#8444=VERTEX_POINT('',#8443);
#8445=CARTESIAN_POINT('',(25.490821506,-39.942168662,19.697523624));
#8446=DIRECTION('',(-1.,0.,-0.));
#8447=VECTOR('',#8446,0.5);
#8448=LINE('',#8445,#8447);
#8449=EDGE_CURVE('NONE',#8444,#8436,#8448,.T.);
#8450=ORIENTED_EDGE('',*,*,#8449,.F.);
#8451=CARTESIAN_POINT('',(25.490821506,-39.942168662,19.197523624));
#8452=VERTEX_POINT('',#8451);
#8453=CARTESIAN_POINT('',(25.490821506,-39.942168662,19.197523624));
#8454=DIRECTION('',(-0.,-0.,1.));
#8455=VECTOR('',#8454,0.5);
#8456=LINE('',#8453,#8455);
#8457=EDGE_CURVE('NONE',#8452,#8444,#8456,.T.);
#8458=ORIENTED_EDGE('',*,*,#8457,.F.);
#8459=CARTESIAN_POINT('',(24.990821506,-39.942168662,19.197523624));
#8460=VERTEX_POINT('',#8459);
#8461=CARTESIAN_POINT('',(24.990821506,-39.942168662,19.197523624));
#8462=DIRECTION('',(1.,-0.,0.));
#8463=VECTOR('',#8462,0.5);
#8464=LINE('',#8461,#8463);
#8465=EDGE_CURVE('NONE',#8460,#8452,#8464,.T.);
#8466=ORIENTED_EDGE('',*,*,#8465,.F.);
#8467=CARTESIAN_POINT('',(24.990821506,-39.942168662,18.697523624));
#8468=VERTEX_POINT('',#8467);
#8469=CARTESIAN_POINT('',(24.990821506,-39.942168662,18.697523624));
#8470=DIRECTION('',(-0.,-0.,1.));
#8471=VECTOR('',#8470,0.5);
#8472=LINE('',#8469,#8471);
#8473=EDGE_CURVE('NONE',#8468,#8460,#8472,.T.);
#8474=ORIENTED_EDGE('',*,*,#8473,.F.);
#8475=CARTESIAN_POINT('',(24.490821506,-39.942168662,18.697523624));
#8476=VERTEX_POINT('',#8475);
#8477=CARTESIAN_POINT('',(24.490821506,-39.942168662,18.697523624));
#8478=DIRECTION('',(1.,-0.,0.));
#8479=VECTOR('',#8478,0.5);
#8480=LINE('',#8477,#8479);
#8481=EDGE_CURVE('NONE',#8476,#8468,#8480,.T.);
#8482=ORIENTED_EDGE('',*,*,#8481,.F.);
#8483=CARTESIAN_POINT('',(24.490821506,-39.942168662,19.197523624));
#8484=VERTEX_POINT('',#8483);
#8485=CARTESIAN_POINT('',(24.490821506,-39.942168662,19.197523624));
#8486=DIRECTION('',(0.,0.,-1.));
#8487=VECTOR('',#8486,0.5);
#8488=LINE('',#8485,#8487);
#8489=EDGE_CURVE('NONE',#8484,#8476,#8488,.T.);
#8490=ORIENTED_EDGE('',*,*,#8489,.F.);
#8491=CARTESIAN_POINT('',(23.990821506,-39.942168662,19.197523624));
#8492=VERTEX_POINT('',#8491);
#8493=CARTESIAN_POINT('',(23.990821506,-39.942168662,19.197523624));
#8494=DIRECTION('',(1.,-0.,0.));
#8495=VECTOR('',#8494,0.5);
#8496=LINE('',#8493,#8495);
#8497=EDGE_CURVE('NONE',#8492,#8484,#8496,.T.);
#8498=ORIENTED_EDGE('',*,*,#8497,.F.);
#8499=CARTESIAN_POINT('',(23.990821506,-39.942168662,19.697523624));
#8500=DIRECTION('',(0.,0.,-1.));
#8501=VECTOR('',#8500,0.5);
#8502=LINE('',#8499,#8501);
#8503=EDGE_CURVE('NONE',#8412,#8492,#8502,.T.);
#8504=ORIENTED_EDGE('',*,*,#8503,.F.);
#8505=EDGE_LOOP('',(#8418,#8426,#8434,#8442,#8450,#8458,#8466,#8474,#8482,#8490,#8498,#8504));
#8506=FACE_BOUND('',#8505,.T.);
#8507=ORIENTED_EDGE('',*,*,#7683,.F.);
#8508=ORIENTED_EDGE('',*,*,#4788,.F.);
#8509=EDGE_LOOP('',(#8507,#8508));
#8510=FACE_BOUND('',#8509,.T.);
#8511=ADVANCED_FACE('NONE',(#8506,#8510),#8408,.F.);
#8512=OVER_RIDING_STYLED_ITEM('',(#4815),#8511,#4734);
#8513=CARTESIAN_POINT('',(58.740821506,-39.942168662,19.447523624));
#8514=DIRECTION('',(0.,-1.,-0.));
#8515=DIRECTION('',(-1.,0.,-0.));
#8516=AXIS2_PLACEMENT_3D('',#8513,#8514,#8515);
#8517=PLANE('',#8516);
#8518=CARTESIAN_POINT('',(58.990821506,-39.942168662,20.197523624));
#8519=VERTEX_POINT('',#8518);
#8520=CARTESIAN_POINT('',(58.990821506,-39.942168662,19.697523624));
#8521=VERTEX_POINT('',#8520);
#8522=CARTESIAN_POINT('',(58.990821506,-39.942168662,20.197523624));
#8523=DIRECTION('',(0.,0.,-1.));
#8524=VECTOR('',#8523,0.5);
#8525=LINE('',#8522,#8524);
#8526=EDGE_CURVE('NONE',#8519,#8521,#8525,.T.);
#8527=ORIENTED_EDGE('',*,*,#8526,.T.);
#8528=CARTESIAN_POINT('',(59.490821506,-39.942168662,19.697523624));
#8529=VERTEX_POINT('',#8528);
#8530=CARTESIAN_POINT('',(58.990821506,-39.942168662,19.697523624));
#8531=DIRECTION('',(1.,-0.,0.));
#8532=VECTOR('',#8531,0.5);
#8533=LINE('',#8530,#8532);
#8534=EDGE_CURVE('NONE',#8521,#8529,#8533,.T.);
#8535=ORIENTED_EDGE('',*,*,#8534,.T.);
#8536=CARTESIAN_POINT('',(59.490821506,-39.942168662,19.197523624));
#8537=VERTEX_POINT('',#8536);
#8538=CARTESIAN_POINT('',(59.490821506,-39.942168662,19.697523624));
#8539=DIRECTION('',(0.,0.,-1.));
#8540=VECTOR('',#8539,0.5);
#8541=LINE('',#8538,#8540);
#8542=EDGE_CURVE('NONE',#8529,#8537,#8541,.T.);
#8543=ORIENTED_EDGE('',*,*,#8542,.T.);
#8544=CARTESIAN_POINT('',(58.990821506,-39.942168662,19.197523624));
#8545=VERTEX_POINT('',#8544);
#8546=CARTESIAN_POINT('',(59.490821506,-39.942168662,19.197523624));
#8547=DIRECTION('',(-1.,0.,-0.));
#8548=VECTOR('',#8547,0.5);
#8549=LINE('',#8546,#8548);
#8550=EDGE_CURVE('NONE',#8537,#8545,#8549,.T.);
#8551=ORIENTED_EDGE('',*,*,#8550,.T.);
#8552=CARTESIAN_POINT('',(58.990821506,-39.942168662,18.697523624));
#8553=VERTEX_POINT('',#8552);
#8554=CARTESIAN_POINT('',(58.990821506,-39.942168662,19.197523624));
#8555=DIRECTION('',(0.,0.,-1.));
#8556=VECTOR('',#8555,0.5);
#8557=LINE('',#8554,#8556);
#8558=EDGE_CURVE('NONE',#8545,#8553,#8557,.T.);
#8559=ORIENTED_EDGE('',*,*,#8558,.T.);
#8560=CARTESIAN_POINT('',(58.490821506,-39.942168662,18.697523624));
#8561=VERTEX_POINT('',#8560);
#8562=CARTESIAN_POINT('',(58.990821506,-39.942168662,18.697523624));
#8563=DIRECTION('',(-1.,0.,-0.));
#8564=VECTOR('',#8563,0.5);
#8565=LINE('',#8562,#8564);
#8566=EDGE_CURVE('NONE',#8553,#8561,#8565,.T.);
#8567=ORIENTED_EDGE('',*,*,#8566,.T.);
#8568=CARTESIAN_POINT('',(58.490821506,-39.942168662,19.197523624));
#8569=VERTEX_POINT('',#8568);
#8570=CARTESIAN_POINT('',(58.490821506,-39.942168662,18.697523624));
#8571=DIRECTION('',(-0.,-0.,1.));
#8572=VECTOR('',#8571,0.5);
#8573=LINE('',#8570,#8572);
#8574=EDGE_CURVE('NONE',#8561,#8569,#8573,.T.);
#8575=ORIENTED_EDGE('',*,*,#8574,.T.);
#8576=CARTESIAN_POINT('',(57.990821506,-39.942168662,19.197523624));
#8577=VERTEX_POINT('',#8576);
#8578=CARTESIAN_POINT('',(58.490821506,-39.942168662,19.197523624));
#8579=DIRECTION('',(-1.,0.,-0.));
#8580=VECTOR('',#8579,0.5);
#8581=LINE('',#8578,#8580);
#8582=EDGE_CURVE('NONE',#8569,#8577,#8581,.T.);
#8583=ORIENTED_EDGE('',*,*,#8582,.T.);
#8584=CARTESIAN_POINT('',(57.990821506,-39.942168662,19.697523624));
#8585=VERTEX_POINT('',#8584);
#8586=CARTESIAN_POINT('',(57.990821506,-39.942168662,19.197523624));
#8587=DIRECTION('',(-0.,-0.,1.));
#8588=VECTOR('',#8587,0.5);
#8589=LINE('',#8586,#8588);
#8590=EDGE_CURVE('NONE',#8577,#8585,#8589,.T.);
#8591=ORIENTED_EDGE('',*,*,#8590,.T.);
#8592=CARTESIAN_POINT('',(58.490821506,-39.942168662,19.697523624));
#8593=VERTEX_POINT('',#8592);
#8594=CARTESIAN_POINT('',(57.990821506,-39.942168662,19.697523624));
#8595=DIRECTION('',(1.,-0.,0.));
#8596=VECTOR('',#8595,0.5);
#8597=LINE('',#8594,#8596);
#8598=EDGE_CURVE('NONE',#8585,#8593,#8597,.T.);
#8599=ORIENTED_EDGE('',*,*,#8598,.T.);
#8600=CARTESIAN_POINT('',(58.490821506,-39.942168662,20.197523624));
#8601=VERTEX_POINT('',#8600);
#8602=CARTESIAN_POINT('',(58.490821506,-39.942168662,19.697523624));
#8603=DIRECTION('',(-0.,-0.,1.));
#8604=VECTOR('',#8603,0.5);
#8605=LINE('',#8602,#8604);
#8606=EDGE_CURVE('NONE',#8593,#8601,#8605,.T.);
#8607=ORIENTED_EDGE('',*,*,#8606,.T.);
#8608=CARTESIAN_POINT('',(58.490821506,-39.942168662,20.197523624));
#8609=DIRECTION('',(1.,-0.,0.));
#8610=VECTOR('',#8609,0.5);
#8611=LINE('',#8608,#8610);
#8612=EDGE_CURVE('NONE',#8601,#8519,#8611,.T.);
#8613=ORIENTED_EDGE('',*,*,#8612,.T.);
#8614=EDGE_LOOP('',(#8527,#8535,#8543,#8551,#8559,#8567,#8575,#8583,#8591,#8599,#8607,#8613));
#8615=FACE_BOUND('',#8614,.T.);
#8616=ORIENTED_EDGE('',*,*,#7869,.F.);
#8617=ORIENTED_EDGE('',*,*,#4870,.F.);
#8618=EDGE_LOOP('',(#8616,#8617));
#8619=FACE_BOUND('',#8618,.T.);
#8620=ADVANCED_FACE('NONE',(#8615,#8619),#8517,.T.);
#8621=OVER_RIDING_STYLED_ITEM('',(#4815),#8620,#4734);
#8622=CARTESIAN_POINT('',(58.740821506,-38.692168662,33.267523624));
#8623=DIRECTION('',(0.,-1.,-0.));
#8624=DIRECTION('',(-1.,0.,-0.));
#8625=AXIS2_PLACEMENT_3D('',#8622,#8623,#8624);
#8626=CYLINDRICAL_SURFACE('',#8625,1.68);
#8627=ORIENTED_EDGE('',*,*,#5167,.F.);
#8628=ORIENTED_EDGE('',*,*,#7886,.T.);
#8629=ORIENTED_EDGE('',*,*,#5180,.T.);
#8630=ORIENTED_EDGE('',*,*,#4993,.T.);
#8631=EDGE_LOOP('',(#8627,#8628,#8629,#8630));
#8632=FACE_BOUND('',#8631,.T.);
#8633=ADVANCED_FACE('NONE',(#8632),#8626,.T.);
#8634=OVER_RIDING_STYLED_ITEM('',(#4815),#8633,#4734);
#8635=CARTESIAN_POINT('',(68.290821506,-12.842168662,32.732523624));
#8636=DIRECTION('',(1.,0.,0.));
#8637=DIRECTION('',(0.,-1.,-0.));
#8638=AXIS2_PLACEMENT_3D('',#8635,#8636,#8637);
#8639=PLANE('',#8638);
#8640=CARTESIAN_POINT('',(68.290821506,-12.842168662,32.732523624));
#8641=DIRECTION('',(-0.,1.,0.));
#8642=VECTOR('',#8641,2.5);
#8643=LINE('',#8640,#8642);
#8644=EDGE_CURVE('NONE',#6732,#8118,#8643,.T.);
#8645=ORIENTED_EDGE('',*,*,#8644,.T.);
#8646=ORIENTED_EDGE('',*,*,#8123,.T.);
#8647=ORIENTED_EDGE('',*,*,#7935,.F.);
#8648=ORIENTED_EDGE('',*,*,#6745,.T.);
#8649=EDGE_LOOP('',(#8645,#8646,#8647,#8648));
#8650=FACE_BOUND('',#8649,.T.);
#8651=ADVANCED_FACE('NONE',(#8650),#8639,.T.);
#8652=CARTESIAN_POINT('',(67.595987683,-12.842168662,32.732523624));
#8653=DIRECTION('',(0.,0.,-1.));
#8654=DIRECTION('',(0.,-1.,-0.));
#8655=AXIS2_PLACEMENT_3D('',#8652,#8653,#8654);
#8656=PLANE('',#8655);
#8657=ORIENTED_EDGE('',*,*,#6737,.T.);
#8658=ORIENTED_EDGE('',*,*,#7959,.T.);
#8659=ORIENTED_EDGE('',*,*,#8129,.T.);
#8660=ORIENTED_EDGE('',*,*,#8644,.F.);
#8661=EDGE_LOOP('',(#8657,#8658,#8659,#8660));
#8662=FACE_BOUND('',#8661,.T.);
#8663=ADVANCED_FACE('NONE',(#8662),#8656,.T.);
#8664=CARTESIAN_POINT('',(68.290821506,-12.842168662,29.982523624));
#8665=DIRECTION('',(-0.,-0.,1.));
#8666=DIRECTION('',(-0.,1.,0.));
#8667=AXIS2_PLACEMENT_3D('',#8664,#8665,#8666);
#8668=PLANE('',#8667);
#8669=ORIENTED_EDGE('',*,*,#6720,.T.);
#8670=ORIENTED_EDGE('',*,*,#8029,.F.);
#8671=ORIENTED_EDGE('',*,*,#8136,.T.);
#8672=ORIENTED_EDGE('',*,*,#7968,.T.);
#8673=EDGE_LOOP('',(#8669,#8670,#8671,#8672));
#8674=FACE_BOUND('',#8673,.T.);
#8675=ADVANCED_FACE('NONE',(#8674),#8668,.T.);
#8676=CARTESIAN_POINT('',(67.595987683,-12.842168662,22.732523624));
#8677=DIRECTION('',(0.,0.,-1.));
#8678=DIRECTION('',(0.,-1.,-0.));
#8679=AXIS2_PLACEMENT_3D('',#8676,#8677,#8678);
#8680=PLANE('',#8679);
#8681=ORIENTED_EDGE('',*,*,#6704,.T.);
#8682=ORIENTED_EDGE('',*,*,#8043,.T.);
#8683=ORIENTED_EDGE('',*,*,#6836,.T.);
#8684=ORIENTED_EDGE('',*,*,#7990,.F.);
#8685=EDGE_LOOP('',(#8681,#8682,#8683,#8684));
#8686=FACE_BOUND('',#8685,.T.);
#8687=ADVANCED_FACE('NONE',(#8686),#8680,.T.);
#8688=CARTESIAN_POINT('',(68.290821506,-12.842168662,19.982523624));
#8689=DIRECTION('',(-0.,-0.,1.));
#8690=DIRECTION('',(-0.,1.,0.));
#8691=AXIS2_PLACEMENT_3D('',#8688,#8689,#8690);
#8692=PLANE('',#8691);
#8693=ORIENTED_EDGE('',*,*,#6687,.T.);
#8694=CARTESIAN_POINT('',(68.290821506,-12.842168662,19.982523624));
#8695=DIRECTION('',(-0.,1.,0.));
#8696=VECTOR('',#8695,2.5);
#8697=LINE('',#8694,#8696);
#8698=EDGE_CURVE('NONE',#6674,#6848,#8697,.T.);
#8699=ORIENTED_EDGE('',*,*,#8698,.T.);
#8700=ORIENTED_EDGE('',*,*,#6853,.T.);
#8701=ORIENTED_EDGE('',*,*,#8050,.T.);
#8702=EDGE_LOOP('',(#8693,#8699,#8700,#8701));
#8703=FACE_BOUND('',#8702,.T.);
#8704=ADVANCED_FACE('NONE',(#8703),#8692,.T.);
#8705=CARTESIAN_POINT('',(68.290821506,-12.842168662,16.882523624));
#8706=DIRECTION('',(1.,0.,0.));
#8707=DIRECTION('',(0.,-1.,-0.));
#8708=AXIS2_PLACEMENT_3D('',#8705,#8706,#8707);
#8709=PLANE('',#8708);
#8710=ORIENTED_EDGE('',*,*,#8698,.F.);
#8711=ORIENTED_EDGE('',*,*,#6679,.T.);
#8712=ORIENTED_EDGE('',*,*,#8068,.F.);
#8713=ORIENTED_EDGE('',*,*,#6861,.T.);
#8714=EDGE_LOOP('',(#8710,#8711,#8712,#8713));
#8715=FACE_BOUND('',#8714,.T.);
#8716=ADVANCED_FACE('NONE',(#8715),#8709,.T.);
#8717=CARTESIAN_POINT('',(68.290821506,-9.592168662,26.357523624));
#8718=DIRECTION('',(0.158284463,0.987393553,0.));
#8719=DIRECTION('',(0.987393553,-0.158284463,0.));
#8720=AXIS2_PLACEMENT_3D('',#8717,#8718,#8719);
#8721=PLANE('',#8720);
#8722=ORIENTED_EDGE('',*,*,#8107,.T.);
#8723=ORIENTED_EDGE('',*,*,#8007,.T.);
#8724=ORIENTED_EDGE('',*,*,#8082,.F.);
#8725=ORIENTED_EDGE('',*,*,#6894,.T.);
#8726=EDGE_LOOP('',(#8722,#8723,#8724,#8725));
#8727=FACE_BOUND('',#8726,.T.);
#8728=ADVANCED_FACE('NONE',(#8727),#8721,.T.);
#8729=CARTESIAN_POINT('',(34.872251901,-3.622168662,35.057523624));
#8730=DIRECTION('',(-0.,-0.,1.));
#8731=DIRECTION('',(-0.,1.,0.));
#8732=AXIS2_PLACEMENT_3D('',#8729,#8730,#8731);
#8733=PLANE('',#8732);
#8734=CARTESIAN_POINT('',(54.090821506,-2.962168662,35.057523624));
#8735=VERTEX_POINT('',#8734);
#8736=CARTESIAN_POINT('',(43.590821506,-2.962168662,35.057523624));
#8737=VERTEX_POINT('',#8736);
#8738=CARTESIAN_POINT('',(54.090821506,-2.962168662,35.057523624));
#8739=DIRECTION('',(-1.,0.,-0.));
#8740=VECTOR('',#8739,10.5);
#8741=LINE('',#8738,#8740);
#8742=EDGE_CURVE('NONE',#8735,#8737,#8741,.T.);
#8743=ORIENTED_EDGE('',*,*,#8742,.T.);
#8744=CARTESIAN_POINT('',(43.590821506,-3.622168662,35.057523624));
#8745=VERTEX_POINT('',#8744);
#8746=CARTESIAN_POINT('',(43.590821506,-3.622168662,35.057523624));
#8747=DIRECTION('',(-0.,1.,0.));
#8748=VECTOR('',#8747,0.66);
#8749=LINE('',#8746,#8748);
#8750=EDGE_CURVE('NONE',#8745,#8737,#8749,.T.);
#8751=ORIENTED_EDGE('',*,*,#8750,.F.);
#8752=CARTESIAN_POINT('',(43.590821506,-3.622168662,35.057523624));
#8753=DIRECTION('',(-1.,0.,-0.));
#8754=VECTOR('',#8753,8.718569604);
#8755=LINE('',#8752,#8754);
#8756=EDGE_CURVE('NONE',#8745,#5192,#8755,.T.);
#8757=ORIENTED_EDGE('',*,*,#8756,.T.);
#8758=ORIENTED_EDGE('',*,*,#5223,.T.);
#8759=ORIENTED_EDGE('',*,*,#8226,.T.);
#8760=CARTESIAN_POINT('',(54.090821506,-6.342168662,35.057523624));
#8761=DIRECTION('',(-0.,1.,0.));
#8762=VECTOR('',#8761,3.38);
#8763=LINE('',#8760,#8762);
#8764=EDGE_CURVE('NONE',#8214,#8735,#8763,.T.);
#8765=ORIENTED_EDGE('',*,*,#8764,.T.);
#8766=EDGE_LOOP('',(#8743,#8751,#8757,#8758,#8759,#8765));
#8767=FACE_BOUND('',#8766,.T.);
#8768=ADVANCED_FACE('NONE',(#8767),#8733,.T.);
#8769=CARTESIAN_POINT('',(31.515821506,-4.982168662,26.357523624));
#8770=DIRECTION('',(-0.,-1.,-0.));
#8771=DIRECTION('',(-1.,0.,-0.));
#8772=AXIS2_PLACEMENT_3D('',#8769,#8770,#8771);
#8773=CYLINDRICAL_SURFACE('',#8772,9.325);
#8774=ORIENTED_EDGE('',*,*,#5208,.F.);
#8775=CARTESIAN_POINT('',(34.872251901,-3.622168662,17.657523624));
#8776=VERTEX_POINT('',#8775);
#8777=CARTESIAN_POINT('',(31.515821506,-3.622168662,26.357523624));
#8778=DIRECTION('',(-0.,-1.,-0.));
#8779=DIRECTION('',(-1.,0.,-0.));
#8780=AXIS2_PLACEMENT_3D('',#8777,#8778,#8779);
#8781=CIRCLE('',#8780,9.325);
#8782=EDGE_CURVE('NONE',#5194,#8776,#8781,.T.);
#8783=ORIENTED_EDGE('',*,*,#8782,.T.);
#8784=CARTESIAN_POINT('',(34.872251901,-3.622168662,17.657523624));
#8785=DIRECTION('',(0.,-1.,-0.));
#8786=VECTOR('',#8785,2.72);
#8787=LINE('',#8784,#8786);
#8788=EDGE_CURVE('NONE',#8776,#8163,#8787,.T.);
#8789=ORIENTED_EDGE('',*,*,#8788,.T.);
#8790=ORIENTED_EDGE('',*,*,#8169,.T.);
#8791=EDGE_LOOP('',(#8774,#8783,#8789,#8790));
#8792=FACE_BOUND('',#8791,.T.);
#8793=ADVANCED_FACE('NONE',(#8792),#8773,.T.);
#8794=CARTESIAN_POINT('',(55.090821506,-3.622168662,17.657523624));
#8795=DIRECTION('',(0.,0.,-1.));
#8796=DIRECTION('',(0.,-1.,-0.));
#8797=AXIS2_PLACEMENT_3D('',#8794,#8795,#8796);
#8798=PLANE('',#8797);
#8799=ORIENTED_EDGE('',*,*,#8177,.T.);
#8800=ORIENTED_EDGE('',*,*,#8788,.F.);
#8801=CARTESIAN_POINT('',(43.590821506,-3.622168662,17.657523624));
#8802=VERTEX_POINT('',#8801);
#8803=CARTESIAN_POINT('',(34.872251901,-3.622168662,17.657523624));
#8804=DIRECTION('',(1.,-0.,0.));
#8805=VECTOR('',#8804,8.718569604);
#8806=LINE('',#8803,#8805);
#8807=EDGE_CURVE('NONE',#8776,#8802,#8806,.T.);
#8808=ORIENTED_EDGE('',*,*,#8807,.T.);
#8809=CARTESIAN_POINT('',(43.590821506,-2.962168662,17.657523624));
#8810=VERTEX_POINT('',#8809);
#8811=CARTESIAN_POINT('',(43.590821506,-2.962168662,17.657523624));
#8812=DIRECTION('',(0.,-1.,-0.));
#8813=VECTOR('',#8812,0.66);
#8814=LINE('',#8811,#8813);
#8815=EDGE_CURVE('NONE',#8810,#8802,#8814,.T.);
#8816=ORIENTED_EDGE('',*,*,#8815,.F.);
#8817=CARTESIAN_POINT('',(54.090821506,-2.962168662,17.657523624));
#8818=VERTEX_POINT('',#8817);
#8819=CARTESIAN_POINT('',(43.590821506,-2.962168662,17.657523624));
#8820=DIRECTION('',(1.,-0.,0.));
#8821=VECTOR('',#8820,10.5);
#8822=LINE('',#8819,#8821);
#8823=EDGE_CURVE('NONE',#8810,#8818,#8822,.T.);
#8824=ORIENTED_EDGE('',*,*,#8823,.T.);
#8825=CARTESIAN_POINT('',(54.090821506,-2.962168662,17.657523624));
#8826=DIRECTION('',(0.,-1.,-0.));
#8827=VECTOR('',#8826,3.38);
#8828=LINE('',#8825,#8827);
#8829=EDGE_CURVE('NONE',#8818,#8172,#8828,.T.);
#8830=ORIENTED_EDGE('',*,*,#8829,.T.);
#8831=EDGE_LOOP('',(#8799,#8800,#8808,#8816,#8824,#8830));
#8832=FACE_BOUND('',#8831,.T.);
#8833=ADVANCED_FACE('NONE',(#8832),#8798,.T.);
#8834=CARTESIAN_POINT('',(55.090821506,-3.622168662,21.532523624));
#8835=DIRECTION('',(1.,0.,0.));
#8836=DIRECTION('',(0.,-1.,-0.));
#8837=AXIS2_PLACEMENT_3D('',#8834,#8835,#8836);
#8838=PLANE('',#8837);
#8839=CARTESIAN_POINT('',(55.090821506,-2.962168662,18.657523624));
#8840=VERTEX_POINT('',#8839);
#8841=CARTESIAN_POINT('',(55.090821506,-6.342168662,18.657523624));
#8842=DIRECTION('',(-0.,1.,0.));
#8843=VECTOR('',#8842,3.38);
#8844=LINE('',#8841,#8843);
#8845=EDGE_CURVE('NONE',#8180,#8840,#8844,.T.);
#8846=ORIENTED_EDGE('',*,*,#8845,.T.);
#8847=CARTESIAN_POINT('',(55.090821506,-2.962168662,34.057523624));
#8848=VERTEX_POINT('',#8847);
#8849=CARTESIAN_POINT('',(55.090821506,-2.962168662,18.657523624));
#8850=DIRECTION('',(-0.,-0.,1.));
#8851=VECTOR('',#8850,15.4);
#8852=LINE('',#8849,#8851);
#8853=EDGE_CURVE('NONE',#8840,#8848,#8852,.T.);
#8854=ORIENTED_EDGE('',*,*,#8853,.T.);
#8855=CARTESIAN_POINT('',(55.090821506,-2.962168662,34.057523624));
#8856=DIRECTION('',(0.,-1.,-0.));
#8857=VECTOR('',#8856,3.38);
#8858=LINE('',#8855,#8857);
#8859=EDGE_CURVE('NONE',#8848,#8206,#8858,.T.);
#8860=ORIENTED_EDGE('',*,*,#8859,.T.);
#8861=ORIENTED_EDGE('',*,*,#8211,.T.);
#8862=CARTESIAN_POINT('',(55.090821506,-3.622168662,31.182523624));
#8863=VERTEX_POINT('',#8862);
#8864=CARTESIAN_POINT('',(55.090821506,-6.342168662,31.182523624));
#8865=DIRECTION('',(-0.,1.,0.));
#8866=VECTOR('',#8865,2.72);
#8867=LINE('',#8864,#8866);
#8868=EDGE_CURVE('NONE',#8197,#8863,#8867,.T.);
#8869=ORIENTED_EDGE('',*,*,#8868,.T.);
#8870=CARTESIAN_POINT('',(55.090821506,-3.622168662,21.532523624));
#8871=VERTEX_POINT('',#8870);
#8872=CARTESIAN_POINT('',(55.090821506,-3.622168662,31.182523624));
#8873=DIRECTION('',(0.,0.,-1.));
#8874=VECTOR('',#8873,9.65);
#8875=LINE('',#8872,#8874);
#8876=EDGE_CURVE('NONE',#8863,#8871,#8875,.T.);
#8877=ORIENTED_EDGE('',*,*,#8876,.T.);
#8878=CARTESIAN_POINT('',(55.090821506,-3.622168662,21.532523624));
#8879=DIRECTION('',(0.,-1.,-0.));
#8880=VECTOR('',#8879,2.72);
#8881=LINE('',#8878,#8880);
#8882=EDGE_CURVE('NONE',#8871,#8189,#8881,.T.);
#8883=ORIENTED_EDGE('',*,*,#8882,.T.);
#8884=ORIENTED_EDGE('',*,*,#8194,.T.);
#8885=EDGE_LOOP('',(#8846,#8854,#8860,#8861,#8869,#8877,#8883,#8884));
#8886=FACE_BOUND('',#8885,.T.);
#8887=ADVANCED_FACE('NONE',(#8886),#8838,.T.);
#8888=CARTESIAN_POINT('',(51.233445428,-3.622168662,26.357523624));
#8889=DIRECTION('',(-0.,-1.,-0.));
#8890=DIRECTION('',(-1.,0.,-0.));
#8891=AXIS2_PLACEMENT_3D('',#8888,#8889,#8890);
#8892=CYLINDRICAL_SURFACE('',#8891,6.177376078);
#8893=CARTESIAN_POINT('',(51.233445428,-3.622168662,26.357523624));
#8894=DIRECTION('',(-0.,-1.,-0.));
#8895=DIRECTION('',(-1.,0.,-0.));
#8896=AXIS2_PLACEMENT_3D('',#8893,#8894,#8895);
#8897=CIRCLE('',#8896,6.177376078);
#8898=EDGE_CURVE('NONE',#8871,#8863,#8897,.T.);
#8899=ORIENTED_EDGE('',*,*,#8898,.T.);
#8900=ORIENTED_EDGE('',*,*,#8868,.F.);
#8901=ORIENTED_EDGE('',*,*,#8203,.T.);
#8902=ORIENTED_EDGE('',*,*,#8882,.F.);
#8903=EDGE_LOOP('',(#8899,#8900,#8901,#8902));
#8904=FACE_BOUND('',#8903,.T.);
#8905=ADVANCED_FACE('NONE',(#8904),#8892,.T.);
#8906=CARTESIAN_POINT('',(23.060821506,-39.442168662,33.267523624));
#8907=CARTESIAN_POINT('',(23.060821506,-39.442168662,36.627523624));
#8908=CARTESIAN_POINT('',(26.420821506,-39.442168662,36.627523624));
#8909=CARTESIAN_POINT('',(26.420821506,-39.442168662,33.267523624));
#8910=CARTESIAN_POINT('',(23.060821506,-39.735061881,33.267523624));
#8911=CARTESIAN_POINT('',(23.060821506,-39.735061881,36.627523624));
#8912=CARTESIAN_POINT('',(26.420821506,-39.735061881,36.627523624));
#8913=CARTESIAN_POINT('',(26.420821506,-39.735061881,33.267523624));
#8914=CARTESIAN_POINT('',(23.267928287,-39.942168662,33.267523624));
#8915=CARTESIAN_POINT('',(23.267928287,-39.942168662,36.213310062));
#8916=CARTESIAN_POINT('',(26.213714724,-39.942168662,36.213310062));
#8917=CARTESIAN_POINT('',(26.213714724,-39.942168662,33.267523624));
#8918=CARTESIAN_POINT('',(23.560821506,-39.942168662,33.267523624));
#8919=CARTESIAN_POINT('',(23.560821506,-39.942168662,35.627523624));
#8920=CARTESIAN_POINT('',(25.920821506,-39.942168662,35.627523624));
#8921=CARTESIAN_POINT('',(25.920821506,-39.942168662,33.267523624));
#8922=(BOUNDED_SURFACE()
B_SPLINE_SURFACE(3,3,((#8906,#8907,#8908,#8909),(#8910,#8911,#8912,#8913),(#8914,#8915,#8916,#8917),(#8918,#8919,#8920,#8921)),.UNSPECIFIED.,.F.,.F.,.U.)
B_SPLINE_SURFACE_WITH_KNOTS((4,4),(4,4),(0.,1.),(0.,1.),.UNSPECIFIED.)
GEOMETRIC_REPRESENTATION_ITEM()
RATIONAL_B_SPLINE_SURFACE(((1.,0.333333333,0.333333333,1.),(0.804737854,0.268245951,0.268245951,0.804737854),(0.804737854,0.268245951,0.268245951,0.804737854),(1.,0.333333333,0.333333333,1.)))
REPRESENTATION_ITEM('')
SURFACE()
);
#8923=ORIENTED_EDGE('',*,*,#4936,.F.);
#8924=ORIENTED_EDGE('',*,*,#8342,.F.);
#8925=ORIENTED_EDGE('',*,*,#4961,.T.);
#8926=CARTESIAN_POINT('',(23.560821506,-39.942168662,33.267523624));
#8927=CARTESIAN_POINT('',(23.560821506,-39.942168662,35.627523624));
#8928=CARTESIAN_POINT('',(25.920821506,-39.942168662,35.627523624));
#8929=CARTESIAN_POINT('',(25.920821506,-39.942168662,33.267523624));
#8930=(BOUNDED_CURVE()
B_SPLINE_CURVE(3,(#8926,#8927,#8928,#8929),.UNSPECIFIED.,.F.,.F.)
B_SPLINE_CURVE_WITH_KNOTS((4,4),(0.5,1.),.UNSPECIFIED.)
CURVE()
GEOMETRIC_REPRESENTATION_ITEM()
RATIONAL_B_SPLINE_CURVE((1.,0.333333333,0.333333333,1.))
REPRESENTATION_ITEM(''));
#8931=EDGE_CURVE('NONE',#4939,#4921,#8930,.T.);
#8932=ORIENTED_EDGE('',*,*,#8931,.T.);
#8933=EDGE_LOOP('',(#8923,#8924,#8925,#8932));
#8934=FACE_BOUND('',#8933,.T.);
#8935=ADVANCED_FACE('NONE',(#8934),#8922,.T.);
#8936=OVER_RIDING_STYLED_ITEM('',(#4815),#8935,#4734);
#8937=CARTESIAN_POINT('',(21.070821506,-38.467168662,25.137523624));
#8938=DIRECTION('',(-1.,0.,-0.));
#8939=DIRECTION('',(-0.,1.,0.));
#8940=AXIS2_PLACEMENT_3D('',#8937,#8938,#8939);
#8941=CYLINDRICAL_SURFACE('',#8940,0.61);
#8942=ORIENTED_EDGE('',*,*,#5250,.F.);
#8943=ORIENTED_EDGE('',*,*,#8360,.F.);
#8944=ORIENTED_EDGE('',*,*,#5265,.T.);
#8945=CARTESIAN_POINT('',(11.070821506,-38.467168662,25.137523624));
#8946=DIRECTION('',(1.,-0.,0.));
#8947=DIRECTION('',(-0.,1.,0.));
#8948=AXIS2_PLACEMENT_3D('',#8945,#8946,#8947);
#8949=CIRCLE('',#8948,0.61);
#8950=EDGE_CURVE('NONE',#5253,#5245,#8949,.T.);
#8951=ORIENTED_EDGE('',*,*,#8950,.T.);
#8952=EDGE_LOOP('',(#8942,#8943,#8944,#8951));
#8953=FACE_BOUND('',#8952,.T.);
#8954=ADVANCED_FACE('NONE',(#8953),#8941,.T.);
#8955=OVER_RIDING_STYLED_ITEM('',(#5276),#8954,#4734);
#8956=CARTESIAN_POINT('',(21.070821506,-38.467168662,27.577523624));
#8957=DIRECTION('',(-1.,0.,-0.));
#8958=DIRECTION('',(-0.,1.,0.));
#8959=AXIS2_PLACEMENT_3D('',#8956,#8957,#8958);
#8960=CYLINDRICAL_SURFACE('',#8959,0.61);
#8961=ORIENTED_EDGE('',*,*,#5300,.F.);
#8962=ORIENTED_EDGE('',*,*,#8370,.F.);
#8963=ORIENTED_EDGE('',*,*,#5315,.T.);
#8964=CARTESIAN_POINT('',(11.070821506,-38.467168662,27.577523624));
#8965=DIRECTION('',(1.,-0.,0.));
#8966=DIRECTION('',(-0.,1.,0.));
#8967=AXIS2_PLACEMENT_3D('',#8964,#8965,#8966);
#8968=CIRCLE('',#8967,0.61);
#8969=EDGE_CURVE('NONE',#5303,#5295,#8968,.T.);
#8970=ORIENTED_EDGE('',*,*,#8969,.T.);
#8971=EDGE_LOOP('',(#8961,#8962,#8963,#8970));
#8972=FACE_BOUND('',#8971,.T.);
#8973=ADVANCED_FACE('NONE',(#8972),#8960,.T.);
#8974=OVER_RIDING_STYLED_ITEM('',(#5326),#8973,#4734);
#8975=CARTESIAN_POINT('',(21.070821506,-38.467168662,26.357523624));
#8976=DIRECTION('',(-1.,-0.,-0.));
#8977=DIRECTION('',(0.,0.,-1.));
#8978=AXIS2_PLACEMENT_3D('',#8975,#8976,#8977);
#8979=CYLINDRICAL_SURFACE('',#8978,0.61);
#8980=ORIENTED_EDGE('',*,*,#5350,.F.);
#8981=ORIENTED_EDGE('',*,*,#8380,.F.);
#8982=ORIENTED_EDGE('',*,*,#5365,.T.);
#8983=CARTESIAN_POINT('',(11.070821506,-38.467168662,26.357523624));
#8984=DIRECTION('',(1.,0.,0.));
#8985=DIRECTION('',(0.,0.,-1.));
#8986=AXIS2_PLACEMENT_3D('',#8983,#8984,#8985);
#8987=CIRCLE('',#8986,0.61);
#8988=EDGE_CURVE('NONE',#5353,#5345,#8987,.T.);
#8989=ORIENTED_EDGE('',*,*,#8988,.T.);
#8990=EDGE_LOOP('',(#8980,#8981,#8982,#8989));
#8991=FACE_BOUND('',#8990,.T.);
#8992=ADVANCED_FACE('NONE',(#8991),#8979,.T.);
#8993=OVER_RIDING_STYLED_ITEM('',(#5376),#8992,#4734);
#8994=CARTESIAN_POINT('',(23.990821506,-39.942168662,19.697523624));
#8995=DIRECTION('',(-1.,0.,-0.));
#8996=DIRECTION('',(-0.,1.,0.));
#8997=AXIS2_PLACEMENT_3D('',#8994,#8995,#8996);
#8998=PLANE('',#8997);
#8999=CARTESIAN_POINT('',(23.990821506,-39.192168662,19.697523624));
#9000=VERTEX_POINT('',#8999);
#9001=CARTESIAN_POINT('',(23.990821506,-39.942168662,19.697523624));
#9002=DIRECTION('',(-0.,1.,0.));
#9003=VECTOR('',#9002,0.75);
#9004=LINE('',#9001,#9003);
#9005=EDGE_CURVE('NONE',#8412,#9000,#9004,.T.);
#9006=ORIENTED_EDGE('',*,*,#9005,.F.);
#9007=ORIENTED_EDGE('',*,*,#8503,.T.);
#9008=CARTESIAN_POINT('',(23.990821506,-39.192168662,19.197523624));
#9009=VERTEX_POINT('',#9008);
#9010=CARTESIAN_POINT('',(23.990821506,-39.192168662,19.197523624));
#9011=DIRECTION('',(0.,-1.,-0.));
#9012=VECTOR('',#9011,0.75);
#9013=LINE('',#9010,#9012);
#9014=EDGE_CURVE('NONE',#9009,#8492,#9013,.T.);
#9015=ORIENTED_EDGE('',*,*,#9014,.F.);
#9016=CARTESIAN_POINT('',(23.990821506,-39.192168662,19.697523624));
#9017=DIRECTION('',(0.,0.,-1.));
#9018=VECTOR('',#9017,0.5);
#9019=LINE('',#9016,#9018);
#9020=EDGE_CURVE('NONE',#9000,#9009,#9019,.T.);
#9021=ORIENTED_EDGE('',*,*,#9020,.F.);
#9022=EDGE_LOOP('',(#9006,#9007,#9015,#9021));
#9023=FACE_BOUND('',#9022,.T.);
#9024=ADVANCED_FACE('NONE',(#9023),#8998,.F.);
#9025=OVER_RIDING_STYLED_ITEM('',(#4815),#9024,#4734);
#9026=CARTESIAN_POINT('',(25.490821506,-39.942168662,19.697523624));
#9027=DIRECTION('',(-0.,-0.,1.));
#9028=DIRECTION('',(-0.,1.,0.));
#9029=AXIS2_PLACEMENT_3D('',#9026,#9027,#9028);
#9030=PLANE('',#9029);
#9031=ORIENTED_EDGE('',*,*,#8417,.T.);
#9032=ORIENTED_EDGE('',*,*,#9005,.T.);
#9033=CARTESIAN_POINT('',(24.490821506,-39.192168662,19.697523624));
#9034=VERTEX_POINT('',#9033);
#9035=CARTESIAN_POINT('',(24.490821506,-39.192168662,19.697523624));
#9036=DIRECTION('',(-1.,0.,-0.));
#9037=VECTOR('',#9036,0.5);
#9038=LINE('',#9035,#9037);
#9039=EDGE_CURVE('NONE',#9034,#9000,#9038,.T.);
#9040=ORIENTED_EDGE('',*,*,#9039,.F.);
#9041=CARTESIAN_POINT('',(24.490821506,-39.942168662,19.697523624));
#9042=DIRECTION('',(-0.,1.,0.));
#9043=VECTOR('',#9042,0.75);
#9044=LINE('',#9041,#9043);
#9045=EDGE_CURVE('NONE',#8410,#9034,#9044,.T.);
#9046=ORIENTED_EDGE('',*,*,#9045,.F.);
#9047=EDGE_LOOP('',(#9031,#9032,#9040,#9046));
#9048=FACE_BOUND('',#9047,.T.);
#9049=ADVANCED_FACE('NONE',(#9048),#9030,.F.);
#9050=OVER_RIDING_STYLED_ITEM('',(#4815),#9049,#4734);
#9051=CARTESIAN_POINT('',(24.490821506,-39.942168662,20.197523624));
#9052=DIRECTION('',(-1.,0.,-0.));
#9053=DIRECTION('',(-0.,1.,0.));
#9054=AXIS2_PLACEMENT_3D('',#9051,#9052,#9053);
#9055=PLANE('',#9054);
#9056=CARTESIAN_POINT('',(24.490821506,-39.192168662,20.197523624));
#9057=VERTEX_POINT('',#9056);
#9058=CARTESIAN_POINT('',(24.490821506,-39.192168662,20.197523624));
#9059=DIRECTION('',(0.,0.,-1.));
#9060=VECTOR('',#9059,0.5);
#9061=LINE('',#9058,#9060);
#9062=EDGE_CURVE('NONE',#9057,#9034,#9061,.T.);
#9063=ORIENTED_EDGE('',*,*,#9062,.F.);
#9064=CARTESIAN_POINT('',(24.490821506,-39.942168662,20.197523624));
#9065=DIRECTION('',(-0.,1.,0.));
#9066=VECTOR('',#9065,0.75);
#9067=LINE('',#9064,#9066);
#9068=EDGE_CURVE('NONE',#8420,#9057,#9067,.T.);
#9069=ORIENTED_EDGE('',*,*,#9068,.F.);
#9070=ORIENTED_EDGE('',*,*,#8425,.T.);
#9071=ORIENTED_EDGE('',*,*,#9045,.T.);
#9072=EDGE_LOOP('',(#9063,#9069,#9070,#9071));
#9073=FACE_BOUND('',#9072,.T.);
#9074=ADVANCED_FACE('NONE',(#9073),#9055,.F.);
#9075=OVER_RIDING_STYLED_ITEM('',(#4815),#9074,#4734);
#9076=CARTESIAN_POINT('',(24.990821506,-39.942168662,20.197523624));
#9077=DIRECTION('',(-0.,-0.,1.));
#9078=DIRECTION('',(-0.,1.,0.));
#9079=AXIS2_PLACEMENT_3D('',#9076,#9077,#9078);
#9080=PLANE('',#9079);
#9081=CARTESIAN_POINT('',(24.990821506,-39.192168662,20.197523624));
#9082=VERTEX_POINT('',#9081);
#9083=CARTESIAN_POINT('',(24.990821506,-39.942168662,20.197523624));
#9084=DIRECTION('',(-0.,1.,0.));
#9085=VECTOR('',#9084,0.75);
#9086=LINE('',#9083,#9085);
#9087=EDGE_CURVE('NONE',#8428,#9082,#9086,.T.);
#9088=ORIENTED_EDGE('',*,*,#9087,.F.);
#9089=ORIENTED_EDGE('',*,*,#8433,.T.);
#9090=ORIENTED_EDGE('',*,*,#9068,.T.);
#9091=CARTESIAN_POINT('',(24.990821506,-39.192168662,20.197523624));
#9092=DIRECTION('',(-1.,0.,-0.));
#9093=VECTOR('',#9092,0.5);
#9094=LINE('',#9091,#9093);
#9095=EDGE_CURVE('NONE',#9082,#9057,#9094,.T.);
#9096=ORIENTED_EDGE('',*,*,#9095,.F.);
#9097=EDGE_LOOP('',(#9088,#9089,#9090,#9096));
#9098=FACE_BOUND('',#9097,.T.);
#9099=ADVANCED_FACE('NONE',(#9098),#9080,.F.);
#9100=OVER_RIDING_STYLED_ITEM('',(#4815),#9099,#4734);
#9101=CARTESIAN_POINT('',(24.990821506,-39.942168662,18.697523624));
#9102=DIRECTION('',(1.,0.,0.));
#9103=DIRECTION('',(0.,-1.,-0.));
#9104=AXIS2_PLACEMENT_3D('',#9101,#9102,#9103);
#9105=PLANE('',#9104);
#9106=ORIENTED_EDGE('',*,*,#8441,.T.);
#9107=ORIENTED_EDGE('',*,*,#9087,.T.);
#9108=CARTESIAN_POINT('',(24.990821506,-39.192168662,19.697523624));
#9109=VERTEX_POINT('',#9108);
#9110=CARTESIAN_POINT('',(24.990821506,-39.192168662,19.697523624));
#9111=DIRECTION('',(-0.,-0.,1.));
#9112=VECTOR('',#9111,0.5);
#9113=LINE('',#9110,#9112);
#9114=EDGE_CURVE('NONE',#9109,#9082,#9113,.T.);
#9115=ORIENTED_EDGE('',*,*,#9114,.F.);
#9116=CARTESIAN_POINT('',(24.990821506,-39.942168662,19.697523624));
#9117=DIRECTION('',(-0.,1.,0.));
#9118=VECTOR('',#9117,0.75);
#9119=LINE('',#9116,#9118);
#9120=EDGE_CURVE('NONE',#8436,#9109,#9119,.T.);
#9121=ORIENTED_EDGE('',*,*,#9120,.F.);
#9122=EDGE_LOOP('',(#9106,#9107,#9115,#9121));
#9123=FACE_BOUND('',#9122,.T.);
#9124=ADVANCED_FACE('NONE',(#9123),#9105,.F.);
#9125=OVER_RIDING_STYLED_ITEM('',(#4815),#9124,#4734);
#9126=CARTESIAN_POINT('',(25.490821506,-39.942168662,19.697523624));
#9127=DIRECTION('',(-0.,-0.,1.));
#9128=DIRECTION('',(-0.,1.,0.));
#9129=AXIS2_PLACEMENT_3D('',#9126,#9127,#9128);
#9130=PLANE('',#9129);
#9131=CARTESIAN_POINT('',(25.490821506,-39.192168662,19.697523624));
#9132=VERTEX_POINT('',#9131);
#9133=CARTESIAN_POINT('',(25.490821506,-39.192168662,19.697523624));
#9134=DIRECTION('',(-1.,0.,-0.));
#9135=VECTOR('',#9134,0.5);
#9136=LINE('',#9133,#9135);
#9137=EDGE_CURVE('NONE',#9132,#9109,#9136,.T.);
#9138=ORIENTED_EDGE('',*,*,#9137,.F.);
#9139=CARTESIAN_POINT('',(25.490821506,-39.942168662,19.697523624));
#9140=DIRECTION('',(-0.,1.,0.));
#9141=VECTOR('',#9140,0.75);
#9142=LINE('',#9139,#9141);
#9143=EDGE_CURVE('NONE',#8444,#9132,#9142,.T.);
#9144=ORIENTED_EDGE('',*,*,#9143,.F.);
#9145=ORIENTED_EDGE('',*,*,#8449,.T.);
#9146=ORIENTED_EDGE('',*,*,#9120,.T.);
#9147=EDGE_LOOP('',(#9138,#9144,#9145,#9146));
#9148=FACE_BOUND('',#9147,.T.);
#9149=ADVANCED_FACE('NONE',(#9148),#9130,.F.);
#9150=OVER_RIDING_STYLED_ITEM('',(#4815),#9149,#4734);
#9151=CARTESIAN_POINT('',(25.490821506,-39.942168662,19.197523624));
#9152=DIRECTION('',(1.,0.,0.));
#9153=DIRECTION('',(0.,-1.,-0.));
#9154=AXIS2_PLACEMENT_3D('',#9151,#9152,#9153);
#9155=PLANE('',#9154);
#9156=CARTESIAN_POINT('',(25.490821506,-39.192168662,19.197523624));
#9157=VERTEX_POINT('',#9156);
#9158=CARTESIAN_POINT('',(25.490821506,-39.942168662,19.197523624));
#9159=DIRECTION('',(-0.,1.,0.));
#9160=VECTOR('',#9159,0.75);
#9161=LINE('',#9158,#9160);
#9162=EDGE_CURVE('NONE',#8452,#9157,#9161,.T.);
#9163=ORIENTED_EDGE('',*,*,#9162,.F.);
#9164=ORIENTED_EDGE('',*,*,#8457,.T.);
#9165=ORIENTED_EDGE('',*,*,#9143,.T.);
#9166=CARTESIAN_POINT('',(25.490821506,-39.192168662,19.197523624));
#9167=DIRECTION('',(-0.,-0.,1.));
#9168=VECTOR('',#9167,0.5);
#9169=LINE('',#9166,#9168);
#9170=EDGE_CURVE('NONE',#9157,#9132,#9169,.T.);
#9171=ORIENTED_EDGE('',*,*,#9170,.F.);
#9172=EDGE_LOOP('',(#9163,#9164,#9165,#9171));
#9173=FACE_BOUND('',#9172,.T.);
#9174=ADVANCED_FACE('NONE',(#9173),#9155,.F.);
#9175=OVER_RIDING_STYLED_ITEM('',(#4815),#9174,#4734);
#9176=CARTESIAN_POINT('',(23.990821506,-39.942168662,19.197523624));
#9177=DIRECTION('',(0.,0.,-1.));
#9178=DIRECTION('',(0.,-1.,-0.));
#9179=AXIS2_PLACEMENT_3D('',#9176,#9177,#9178);
#9180=PLANE('',#9179);
#9181=ORIENTED_EDGE('',*,*,#8465,.T.);
#9182=ORIENTED_EDGE('',*,*,#9162,.T.);
#9183=CARTESIAN_POINT('',(24.990821506,-39.192168662,19.197523624));
#9184=VERTEX_POINT('',#9183);
#9185=CARTESIAN_POINT('',(24.990821506,-39.192168662,19.197523624));
#9186=DIRECTION('',(1.,-0.,0.));
#9187=VECTOR('',#9186,0.5);
#9188=LINE('',#9185,#9187);
#9189=EDGE_CURVE('NONE',#9184,#9157,#9188,.T.);
#9190=ORIENTED_EDGE('',*,*,#9189,.F.);
#9191=CARTESIAN_POINT('',(24.990821506,-39.942168662,19.197523624));
#9192=DIRECTION('',(-0.,1.,0.));
#9193=VECTOR('',#9192,0.75);
#9194=LINE('',#9191,#9193);
#9195=EDGE_CURVE('NONE',#8460,#9184,#9194,.T.);
#9196=ORIENTED_EDGE('',*,*,#9195,.F.);
#9197=EDGE_LOOP('',(#9181,#9182,#9190,#9196));
#9198=FACE_BOUND('',#9197,.T.);
#9199=ADVANCED_FACE('NONE',(#9198),#9180,.F.);
#9200=OVER_RIDING_STYLED_ITEM('',(#4815),#9199,#4734);
#9201=CARTESIAN_POINT('',(24.990821506,-39.942168662,18.697523624));
#9202=DIRECTION('',(1.,0.,0.));
#9203=DIRECTION('',(0.,-1.,-0.));
#9204=AXIS2_PLACEMENT_3D('',#9201,#9202,#9203);
#9205=PLANE('',#9204);
#9206=CARTESIAN_POINT('',(24.990821506,-39.192168662,18.697523624));
#9207=VERTEX_POINT('',#9206);
#9208=CARTESIAN_POINT('',(24.990821506,-39.192168662,18.697523624));
#9209=DIRECTION('',(-0.,-0.,1.));
#9210=VECTOR('',#9209,0.5);
#9211=LINE('',#9208,#9210);
#9212=EDGE_CURVE('NONE',#9207,#9184,#9211,.T.);
#9213=ORIENTED_EDGE('',*,*,#9212,.F.);
#9214=CARTESIAN_POINT('',(24.990821506,-39.942168662,18.697523624));
#9215=DIRECTION('',(-0.,1.,0.));
#9216=VECTOR('',#9215,0.75);
#9217=LINE('',#9214,#9216);
#9218=EDGE_CURVE('NONE',#8468,#9207,#9217,.T.);
#9219=ORIENTED_EDGE('',*,*,#9218,.F.);
#9220=ORIENTED_EDGE('',*,*,#8473,.T.);
#9221=ORIENTED_EDGE('',*,*,#9195,.T.);
#9222=EDGE_LOOP('',(#9213,#9219,#9220,#9221));
#9223=FACE_BOUND('',#9222,.T.);
#9224=ADVANCED_FACE('NONE',(#9223),#9205,.F.);
#9225=OVER_RIDING_STYLED_ITEM('',(#4815),#9224,#4734);
#9226=CARTESIAN_POINT('',(24.490821506,-39.942168662,18.697523624));
#9227=DIRECTION('',(0.,0.,-1.));
#9228=DIRECTION('',(0.,-1.,-0.));
#9229=AXIS2_PLACEMENT_3D('',#9226,#9227,#9228);
#9230=PLANE('',#9229);
#9231=CARTESIAN_POINT('',(24.490821506,-39.192168662,18.697523624));
#9232=VERTEX_POINT('',#9231);
#9233=CARTESIAN_POINT('',(24.490821506,-39.942168662,18.697523624));
#9234=DIRECTION('',(-0.,1.,0.));
#9235=VECTOR('',#9234,0.75);
#9236=LINE('',#9233,#9235);
#9237=EDGE_CURVE('NONE',#8476,#9232,#9236,.T.);
#9238=ORIENTED_EDGE('',*,*,#9237,.F.);
#9239=ORIENTED_EDGE('',*,*,#8481,.T.);
#9240=ORIENTED_EDGE('',*,*,#9218,.T.);
#9241=CARTESIAN_POINT('',(24.490821506,-39.192168662,18.697523624));
#9242=DIRECTION('',(1.,-0.,0.));
#9243=VECTOR('',#9242,0.5);
#9244=LINE('',#9241,#9243);
#9245=EDGE_CURVE('NONE',#9232,#9207,#9244,.T.);
#9246=ORIENTED_EDGE('',*,*,#9245,.F.);
#9247=EDGE_LOOP('',(#9238,#9239,#9240,#9246));
#9248=FACE_BOUND('',#9247,.T.);
#9249=ADVANCED_FACE('NONE',(#9248),#9230,.F.);
#9250=OVER_RIDING_STYLED_ITEM('',(#4815),#9249,#4734);
#9251=CARTESIAN_POINT('',(24.490821506,-39.942168662,20.197523624));
#9252=DIRECTION('',(-1.,0.,-0.));
#9253=DIRECTION('',(-0.,1.,0.));
#9254=AXIS2_PLACEMENT_3D('',#9251,#9252,#9253);
#9255=PLANE('',#9254);
#9256=ORIENTED_EDGE('',*,*,#8489,.T.);
#9257=ORIENTED_EDGE('',*,*,#9237,.T.);
#9258=CARTESIAN_POINT('',(24.490821506,-39.192168662,19.197523624));
#9259=VERTEX_POINT('',#9258);
#9260=CARTESIAN_POINT('',(24.490821506,-39.192168662,19.197523624));
#9261=DIRECTION('',(0.,0.,-1.));
#9262=VECTOR('',#9261,0.5);
#9263=LINE('',#9260,#9262);
#9264=EDGE_CURVE('NONE',#9259,#9232,#9263,.T.);
#9265=ORIENTED_EDGE('',*,*,#9264,.F.);
#9266=CARTESIAN_POINT('',(24.490821506,-39.942168662,19.197523624));
#9267=DIRECTION('',(-0.,1.,0.));
#9268=VECTOR('',#9267,0.75);
#9269=LINE('',#9266,#9268);
#9270=EDGE_CURVE('NONE',#8484,#9259,#9269,.T.);
#9271=ORIENTED_EDGE('',*,*,#9270,.F.);
#9272=EDGE_LOOP('',(#9256,#9257,#9265,#9271));
#9273=FACE_BOUND('',#9272,.T.);
#9274=ADVANCED_FACE('NONE',(#9273),#9255,.F.);
#9275=OVER_RIDING_STYLED_ITEM('',(#4815),#9274,#4734);
#9276=CARTESIAN_POINT('',(23.990821506,-39.942168662,19.197523624));
#9277=DIRECTION('',(0.,0.,-1.));
#9278=DIRECTION('',(0.,-1.,-0.));
#9279=AXIS2_PLACEMENT_3D('',#9276,#9277,#9278);
#9280=PLANE('',#9279);
#9281=CARTESIAN_POINT('',(23.990821506,-39.192168662,19.197523624));
#9282=DIRECTION('',(1.,-0.,0.));
#9283=VECTOR('',#9282,0.5);
#9284=LINE('',#9281,#9283);
#9285=EDGE_CURVE('NONE',#9009,#9259,#9284,.T.);
#9286=ORIENTED_EDGE('',*,*,#9285,.F.);
#9287=ORIENTED_EDGE('',*,*,#9014,.T.);
#9288=ORIENTED_EDGE('',*,*,#8497,.T.);
#9289=ORIENTED_EDGE('',*,*,#9270,.T.);
#9290=EDGE_LOOP('',(#9286,#9287,#9288,#9289));
#9291=FACE_BOUND('',#9290,.T.);
#9292=ADVANCED_FACE('NONE',(#9291),#9280,.F.);
#9293=OVER_RIDING_STYLED_ITEM('',(#4815),#9292,#4734);
#9294=CARTESIAN_POINT('',(57.990821506,-39.942168662,19.697523624));
#9295=DIRECTION('',(0.,0.,-1.));
#9296=DIRECTION('',(0.,-1.,-0.));
#9297=AXIS2_PLACEMENT_3D('',#9294,#9295,#9296);
#9298=PLANE('',#9297);
#9299=CARTESIAN_POINT('',(59.490821506,-39.192168662,19.697523624));
#9300=VERTEX_POINT('',#9299);
#9301=CARTESIAN_POINT('',(59.490821506,-39.192168662,19.697523624));
#9302=DIRECTION('',(0.,-1.,-0.));
#9303=VECTOR('',#9302,0.75);
#9304=LINE('',#9301,#9303);
#9305=EDGE_CURVE('NONE',#9300,#8529,#9304,.T.);
#9306=ORIENTED_EDGE('',*,*,#9305,.T.);
#9307=ORIENTED_EDGE('',*,*,#8534,.F.);
#9308=CARTESIAN_POINT('',(58.990821506,-39.192168662,19.697523624));
#9309=VERTEX_POINT('',#9308);
#9310=CARTESIAN_POINT('',(58.990821506,-39.942168662,19.697523624));
#9311=DIRECTION('',(-0.,1.,0.));
#9312=VECTOR('',#9311,0.75);
#9313=LINE('',#9310,#9312);
#9314=EDGE_CURVE('NONE',#8521,#9309,#9313,.T.);
#9315=ORIENTED_EDGE('',*,*,#9314,.T.);
#9316=CARTESIAN_POINT('',(58.990821506,-39.192168662,19.697523624));
#9317=DIRECTION('',(1.,-0.,0.));
#9318=VECTOR('',#9317,0.5);
#9319=LINE('',#9316,#9318);
#9320=EDGE_CURVE('NONE',#9309,#9300,#9319,.T.);
#9321=ORIENTED_EDGE('',*,*,#9320,.T.);
#9322=EDGE_LOOP('',(#9306,#9307,#9315,#9321));
#9323=FACE_BOUND('',#9322,.T.);
#9324=ADVANCED_FACE('NONE',(#9323),#9298,.T.);
#9325=OVER_RIDING_STYLED_ITEM('',(#4815),#9324,#4734);
#9326=CARTESIAN_POINT('',(58.990821506,-39.942168662,20.197523624));
#9327=DIRECTION('',(-1.,0.,-0.));
#9328=DIRECTION('',(-0.,1.,0.));
#9329=AXIS2_PLACEMENT_3D('',#9326,#9327,#9328);
#9330=PLANE('',#9329);
#9331=CARTESIAN_POINT('',(58.990821506,-39.192168662,20.197523624));
#9332=VERTEX_POINT('',#9331);
#9333=CARTESIAN_POINT('',(58.990821506,-39.942168662,20.197523624));
#9334=DIRECTION('',(-0.,1.,0.));
#9335=VECTOR('',#9334,0.75);
#9336=LINE('',#9333,#9335);
#9337=EDGE_CURVE('NONE',#8519,#9332,#9336,.T.);
#9338=ORIENTED_EDGE('',*,*,#9337,.T.);
#9339=CARTESIAN_POINT('',(58.990821506,-39.192168662,20.197523624));
#9340=DIRECTION('',(0.,0.,-1.));
#9341=VECTOR('',#9340,0.5);
#9342=LINE('',#9339,#9341);
#9343=EDGE_CURVE('NONE',#9332,#9309,#9342,.T.);
#9344=ORIENTED_EDGE('',*,*,#9343,.T.);
#9345=ORIENTED_EDGE('',*,*,#9314,.F.);
#9346=ORIENTED_EDGE('',*,*,#8526,.F.);
#9347=EDGE_LOOP('',(#9338,#9344,#9345,#9346));
#9348=FACE_BOUND('',#9347,.T.);
#9349=ADVANCED_FACE('NONE',(#9348),#9330,.T.);
#9350=OVER_RIDING_STYLED_ITEM('',(#4815),#9349,#4734);
#9351=CARTESIAN_POINT('',(58.490821506,-39.942168662,20.197523624));
#9352=DIRECTION('',(0.,0.,-1.));
#9353=DIRECTION('',(0.,-1.,-0.));
#9354=AXIS2_PLACEMENT_3D('',#9351,#9352,#9353);
#9355=PLANE('',#9354);
#9356=ORIENTED_EDGE('',*,*,#8612,.F.);
#9357=CARTESIAN_POINT('',(58.490821506,-39.192168662,20.197523624));
#9358=VERTEX_POINT('',#9357);
#9359=CARTESIAN_POINT('',(58.490821506,-39.942168662,20.197523624));
#9360=DIRECTION('',(-0.,1.,0.));
#9361=VECTOR('',#9360,0.75);
#9362=LINE('',#9359,#9361);
#9363=EDGE_CURVE('NONE',#8601,#9358,#9362,.T.);
#9364=ORIENTED_EDGE('',*,*,#9363,.T.);
#9365=CARTESIAN_POINT('',(58.490821506,-39.192168662,20.197523624));
#9366=DIRECTION('',(1.,-0.,0.));
#9367=VECTOR('',#9366,0.5);
#9368=LINE('',#9365,#9367);
#9369=EDGE_CURVE('NONE',#9358,#9332,#9368,.T.);
#9370=ORIENTED_EDGE('',*,*,#9369,.T.);
#9371=ORIENTED_EDGE('',*,*,#9337,.F.);
#9372=EDGE_LOOP('',(#9356,#9364,#9370,#9371));
#9373=FACE_BOUND('',#9372,.T.);
#9374=ADVANCED_FACE('NONE',(#9373),#9355,.T.);
#9375=OVER_RIDING_STYLED_ITEM('',(#4815),#9374,#4734);
#9376=CARTESIAN_POINT('',(58.490821506,-39.942168662,18.697523624));
#9377=DIRECTION('',(1.,0.,0.));
#9378=DIRECTION('',(0.,-1.,-0.));
#9379=AXIS2_PLACEMENT_3D('',#9376,#9377,#9378);
#9380=PLANE('',#9379);
#9381=ORIENTED_EDGE('',*,*,#9363,.F.);
#9382=ORIENTED_EDGE('',*,*,#8606,.F.);
#9383=CARTESIAN_POINT('',(58.490821506,-39.192168662,19.697523624));
#9384=VERTEX_POINT('',#9383);
#9385=CARTESIAN_POINT('',(58.490821506,-39.942168662,19.697523624));
#9386=DIRECTION('',(-0.,1.,0.));
#9387=VECTOR('',#9386,0.75);
#9388=LINE('',#9385,#9387);
#9389=EDGE_CURVE('NONE',#8593,#9384,#9388,.T.);
#9390=ORIENTED_EDGE('',*,*,#9389,.T.);
#9391=CARTESIAN_POINT('',(58.490821506,-39.192168662,19.697523624));
#9392=DIRECTION('',(-0.,-0.,1.));
#9393=VECTOR('',#9392,0.5);
#9394=LINE('',#9391,#9393);
#9395=EDGE_CURVE('NONE',#9384,#9358,#9394,.T.);
#9396=ORIENTED_EDGE('',*,*,#9395,.T.);
#9397=EDGE_LOOP('',(#9381,#9382,#9390,#9396));
#9398=FACE_BOUND('',#9397,.T.);
#9399=ADVANCED_FACE('NONE',(#9398),#9380,.T.);
#9400=OVER_RIDING_STYLED_ITEM('',(#4815),#9399,#4734);
#9401=CARTESIAN_POINT('',(57.990821506,-39.942168662,19.697523624));
#9402=DIRECTION('',(0.,0.,-1.));
#9403=DIRECTION('',(0.,-1.,-0.));
#9404=AXIS2_PLACEMENT_3D('',#9401,#9402,#9403);
#9405=PLANE('',#9404);
#9406=CARTESIAN_POINT('',(57.990821506,-39.192168662,19.697523624));
#9407=VERTEX_POINT('',#9406);
#9408=CARTESIAN_POINT('',(57.990821506,-39.942168662,19.697523624));
#9409=DIRECTION('',(-0.,1.,0.));
#9410=VECTOR('',#9409,0.75);
#9411=LINE('',#9408,#9410);
#9412=EDGE_CURVE('NONE',#8585,#9407,#9411,.T.);
#9413=ORIENTED_EDGE('',*,*,#9412,.T.);
#9414=CARTESIAN_POINT('',(57.990821506,-39.192168662,19.697523624));
#9415=DIRECTION('',(1.,-0.,0.));
#9416=VECTOR('',#9415,0.5);
#9417=LINE('',#9414,#9416);
#9418=EDGE_CURVE('NONE',#9407,#9384,#9417,.T.);
#9419=ORIENTED_EDGE('',*,*,#9418,.T.);
#9420=ORIENTED_EDGE('',*,*,#9389,.F.);
#9421=ORIENTED_EDGE('',*,*,#8598,.F.);
#9422=EDGE_LOOP('',(#9413,#9419,#9420,#9421));
#9423=FACE_BOUND('',#9422,.T.);
#9424=ADVANCED_FACE('NONE',(#9423),#9405,.T.);
#9425=OVER_RIDING_STYLED_ITEM('',(#4815),#9424,#4734);
#9426=CARTESIAN_POINT('',(57.990821506,-39.942168662,19.197523624));
#9427=DIRECTION('',(1.,0.,0.));
#9428=DIRECTION('',(0.,-1.,-0.));
#9429=AXIS2_PLACEMENT_3D('',#9426,#9427,#9428);
#9430=PLANE('',#9429);
#9431=ORIENTED_EDGE('',*,*,#8590,.F.);
#9432=CARTESIAN_POINT('',(57.990821506,-39.192168662,19.197523624));
#9433=VERTEX_POINT('',#9432);
#9434=CARTESIAN_POINT('',(57.990821506,-39.942168662,19.197523624));
#9435=DIRECTION('',(-0.,1.,0.));
#9436=VECTOR('',#9435,0.75);
#9437=LINE('',#9434,#9436);
#9438=EDGE_CURVE('NONE',#8577,#9433,#9437,.T.);
#9439=ORIENTED_EDGE('',*,*,#9438,.T.);
#9440=CARTESIAN_POINT('',(57.990821506,-39.192168662,19.197523624));
#9441=DIRECTION('',(-0.,-0.,1.));
#9442=VECTOR('',#9441,0.5);
#9443=LINE('',#9440,#9442);
#9444=EDGE_CURVE('NONE',#9433,#9407,#9443,.T.);
#9445=ORIENTED_EDGE('',*,*,#9444,.T.);
#9446=ORIENTED_EDGE('',*,*,#9412,.F.);
#9447=EDGE_LOOP('',(#9431,#9439,#9445,#9446));
#9448=FACE_BOUND('',#9447,.T.);
#9449=ADVANCED_FACE('NONE',(#9448),#9430,.T.);
#9450=OVER_RIDING_STYLED_ITEM('',(#4815),#9449,#4734);
#9451=CARTESIAN_POINT('',(59.490821506,-39.942168662,19.197523624));
#9452=DIRECTION('',(-0.,-0.,1.));
#9453=DIRECTION('',(-0.,1.,0.));
#9454=AXIS2_PLACEMENT_3D('',#9451,#9452,#9453);
#9455=PLANE('',#9454);
#9456=ORIENTED_EDGE('',*,*,#9438,.F.);
#9457=ORIENTED_EDGE('',*,*,#8582,.F.);
#9458=CARTESIAN_POINT('',(58.490821506,-39.192168662,19.197523624));
#9459=VERTEX_POINT('',#9458);
#9460=CARTESIAN_POINT('',(58.490821506,-39.942168662,19.197523624));
#9461=DIRECTION('',(-0.,1.,0.));
#9462=VECTOR('',#9461,0.75);
#9463=LINE('',#9460,#9462);
#9464=EDGE_CURVE('NONE',#8569,#9459,#9463,.T.);
#9465=ORIENTED_EDGE('',*,*,#9464,.T.);
#9466=CARTESIAN_POINT('',(58.490821506,-39.192168662,19.197523624));
#9467=DIRECTION('',(-1.,0.,-0.));
#9468=VECTOR('',#9467,0.5);
#9469=LINE('',#9466,#9468);
#9470=EDGE_CURVE('NONE',#9459,#9433,#9469,.T.);
#9471=ORIENTED_EDGE('',*,*,#9470,.T.);
#9472=EDGE_LOOP('',(#9456,#9457,#9465,#9471));
#9473=FACE_BOUND('',#9472,.T.);
#9474=ADVANCED_FACE('NONE',(#9473),#9455,.T.);
#9475=OVER_RIDING_STYLED_ITEM('',(#4815),#9474,#4734);
#9476=CARTESIAN_POINT('',(58.490821506,-39.942168662,18.697523624));
#9477=DIRECTION('',(1.,0.,0.));
#9478=DIRECTION('',(0.,-1.,-0.));
#9479=AXIS2_PLACEMENT_3D('',#9476,#9477,#9478);
#9480=PLANE('',#9479);
#9481=CARTESIAN_POINT('',(58.490821506,-39.192168662,18.697523624));
#9482=VERTEX_POINT('',#9481);
#9483=CARTESIAN_POINT('',(58.490821506,-39.942168662,18.697523624));
#9484=DIRECTION('',(-0.,1.,0.));
#9485=VECTOR('',#9484,0.75);
#9486=LINE('',#9483,#9485);
#9487=EDGE_CURVE('NONE',#8561,#9482,#9486,.T.);
#9488=ORIENTED_EDGE('',*,*,#9487,.T.);
#9489=CARTESIAN_POINT('',(58.490821506,-39.192168662,18.697523624));
#9490=DIRECTION('',(-0.,-0.,1.));
#9491=VECTOR('',#9490,0.5);
#9492=LINE('',#9489,#9491);
#9493=EDGE_CURVE('NONE',#9482,#9459,#9492,.T.);
#9494=ORIENTED_EDGE('',*,*,#9493,.T.);
#9495=ORIENTED_EDGE('',*,*,#9464,.F.);
#9496=ORIENTED_EDGE('',*,*,#8574,.F.);
#9497=EDGE_LOOP('',(#9488,#9494,#9495,#9496));
#9498=FACE_BOUND('',#9497,.T.);
#9499=ADVANCED_FACE('NONE',(#9498),#9480,.T.);
#9500=OVER_RIDING_STYLED_ITEM('',(#4815),#9499,#4734);
#9501=CARTESIAN_POINT('',(58.990821506,-39.942168662,18.697523624));
#9502=DIRECTION('',(-0.,-0.,1.));
#9503=DIRECTION('',(-0.,1.,0.));
#9504=AXIS2_PLACEMENT_3D('',#9501,#9502,#9503);
#9505=PLANE('',#9504);
#9506=ORIENTED_EDGE('',*,*,#8566,.F.);
#9507=CARTESIAN_POINT('',(58.990821506,-39.192168662,18.697523624));
#9508=VERTEX_POINT('',#9507);
#9509=CARTESIAN_POINT('',(58.990821506,-39.942168662,18.697523624));
#9510=DIRECTION('',(-0.,1.,0.));
#9511=VECTOR('',#9510,0.75);
#9512=LINE('',#9509,#9511);
#9513=EDGE_CURVE('NONE',#8553,#9508,#9512,.T.);
#9514=ORIENTED_EDGE('',*,*,#9513,.T.);
#9515=CARTESIAN_POINT('',(58.990821506,-39.192168662,18.697523624));
#9516=DIRECTION('',(-1.,0.,-0.));
#9517=VECTOR('',#9516,0.5);
#9518=LINE('',#9515,#9517);
#9519=EDGE_CURVE('NONE',#9508,#9482,#9518,.T.);
#9520=ORIENTED_EDGE('',*,*,#9519,.T.);
#9521=ORIENTED_EDGE('',*,*,#9487,.F.);
#9522=EDGE_LOOP('',(#9506,#9514,#9520,#9521));
#9523=FACE_BOUND('',#9522,.T.);
#9524=ADVANCED_FACE('NONE',(#9523),#9505,.T.);
#9525=OVER_RIDING_STYLED_ITEM('',(#4815),#9524,#4734);
#9526=CARTESIAN_POINT('',(58.990821506,-39.942168662,20.197523624));
#9527=DIRECTION('',(-1.,0.,-0.));
#9528=DIRECTION('',(-0.,1.,0.));
#9529=AXIS2_PLACEMENT_3D('',#9526,#9527,#9528);
#9530=PLANE('',#9529);
#9531=ORIENTED_EDGE('',*,*,#9513,.F.);
#9532=ORIENTED_EDGE('',*,*,#8558,.F.);
#9533=CARTESIAN_POINT('',(58.990821506,-39.192168662,19.197523624));
#9534=VERTEX_POINT('',#9533);
#9535=CARTESIAN_POINT('',(58.990821506,-39.942168662,19.197523624));
#9536=DIRECTION('',(-0.,1.,0.));
#9537=VECTOR('',#9536,0.75);
#9538=LINE('',#9535,#9537);
#9539=EDGE_CURVE('NONE',#8545,#9534,#9538,.T.);
#9540=ORIENTED_EDGE('',*,*,#9539,.T.);
#9541=CARTESIAN_POINT('',(58.990821506,-39.192168662,19.197523624));
#9542=DIRECTION('',(0.,0.,-1.));
#9543=VECTOR('',#9542,0.5);
#9544=LINE('',#9541,#9543);
#9545=EDGE_CURVE('NONE',#9534,#9508,#9544,.T.);
#9546=ORIENTED_EDGE('',*,*,#9545,.T.);
#9547=EDGE_LOOP('',(#9531,#9532,#9540,#9546));
#9548=FACE_BOUND('',#9547,.T.);
#9549=ADVANCED_FACE('NONE',(#9548),#9530,.T.);
#9550=OVER_RIDING_STYLED_ITEM('',(#4815),#9549,#4734);
#9551=CARTESIAN_POINT('',(59.490821506,-39.942168662,19.197523624));
#9552=DIRECTION('',(-0.,-0.,1.));
#9553=DIRECTION('',(-0.,1.,0.));
#9554=AXIS2_PLACEMENT_3D('',#9551,#9552,#9553);
#9555=PLANE('',#9554);
#9556=CARTESIAN_POINT('',(59.490821506,-39.192168662,19.197523624));
#9557=VERTEX_POINT('',#9556);
#9558=CARTESIAN_POINT('',(59.490821506,-39.942168662,19.197523624));
#9559=DIRECTION('',(-0.,1.,0.));
#9560=VECTOR('',#9559,0.75);
#9561=LINE('',#9558,#9560);
#9562=EDGE_CURVE('NONE',#8537,#9557,#9561,.T.);
#9563=ORIENTED_EDGE('',*,*,#9562,.T.);
#9564=CARTESIAN_POINT('',(59.490821506,-39.192168662,19.197523624));
#9565=DIRECTION('',(-1.,0.,-0.));
#9566=VECTOR('',#9565,0.5);
#9567=LINE('',#9564,#9566);
#9568=EDGE_CURVE('NONE',#9557,#9534,#9567,.T.);
#9569=ORIENTED_EDGE('',*,*,#9568,.T.);
#9570=ORIENTED_EDGE('',*,*,#9539,.F.);
#9571=ORIENTED_EDGE('',*,*,#8550,.F.);
#9572=EDGE_LOOP('',(#9563,#9569,#9570,#9571));
#9573=FACE_BOUND('',#9572,.T.);
#9574=ADVANCED_FACE('NONE',(#9573),#9555,.T.);
#9575=OVER_RIDING_STYLED_ITEM('',(#4815),#9574,#4734);
#9576=CARTESIAN_POINT('',(59.490821506,-39.942168662,19.697523624));
#9577=DIRECTION('',(-1.,0.,-0.));
#9578=DIRECTION('',(-0.,1.,0.));
#9579=AXIS2_PLACEMENT_3D('',#9576,#9577,#9578);
#9580=PLANE('',#9579);
#9581=ORIENTED_EDGE('',*,*,#8542,.F.);
#9582=ORIENTED_EDGE('',*,*,#9305,.F.);
#9583=CARTESIAN_POINT('',(59.490821506,-39.192168662,19.697523624));
#9584=DIRECTION('',(0.,0.,-1.));
#9585=VECTOR('',#9584,0.5);
#9586=LINE('',#9583,#9585);
#9587=EDGE_CURVE('NONE',#9300,#9557,#9586,.T.);
#9588=ORIENTED_EDGE('',*,*,#9587,.T.);
#9589=ORIENTED_EDGE('',*,*,#9562,.F.);
#9590=EDGE_LOOP('',(#9581,#9582,#9588,#9589));
#9591=FACE_BOUND('',#9590,.T.);
#9592=ADVANCED_FACE('NONE',(#9591),#9580,.T.);
#9593=OVER_RIDING_STYLED_ITEM('',(#4815),#9592,#4734);
#9594=CARTESIAN_POINT('',(60.420821506,-39.442168662,33.267523624));
#9595=CARTESIAN_POINT('',(60.420821506,-39.442168662,29.907523624));
#9596=CARTESIAN_POINT('',(57.060821506,-39.442168662,29.907523624));
#9597=CARTESIAN_POINT('',(57.060821506,-39.442168662,33.267523624));
#9598=CARTESIAN_POINT('',(60.420821506,-39.735061881,33.267523624));
#9599=CARTESIAN_POINT('',(60.420821506,-39.735061881,29.907523624));
#9600=CARTESIAN_POINT('',(57.060821506,-39.735061881,29.907523624));
#9601=CARTESIAN_POINT('',(57.060821506,-39.735061881,33.267523624));
#9602=CARTESIAN_POINT('',(60.213714724,-39.942168662,33.267523624));
#9603=CARTESIAN_POINT('',(60.213714724,-39.942168662,30.321737187));
#9604=CARTESIAN_POINT('',(57.267928287,-39.942168662,30.321737187));
#9605=CARTESIAN_POINT('',(57.267928287,-39.942168662,33.267523624));
#9606=CARTESIAN_POINT('',(59.920821506,-39.942168662,33.267523624));
#9607=CARTESIAN_POINT('',(59.920821506,-39.942168662,30.907523624));
#9608=CARTESIAN_POINT('',(57.560821506,-39.942168662,30.907523624));
#9609=CARTESIAN_POINT('',(57.560821506,-39.942168662,33.267523624));
#9610=(BOUNDED_SURFACE()
B_SPLINE_SURFACE(3,3,((#9594,#9595,#9596,#9597),(#9598,#9599,#9600,#9601),(#9602,#9603,#9604,#9605),(#9606,#9607,#9608,#9609)),.UNSPECIFIED.,.F.,.F.,.U.)
B_SPLINE_SURFACE_WITH_KNOTS((4,4),(4,4),(0.,1.),(0.,1.),.UNSPECIFIED.)
GEOMETRIC_REPRESENTATION_ITEM()
RATIONAL_B_SPLINE_SURFACE(((1.,0.333333333,0.333333333,1.),(0.804737854,0.268245951,0.268245951,0.804737854),(0.804737854,0.268245951,0.268245951,0.804737854),(1.,0.333333333,0.333333333,1.)))
REPRESENTATION_ITEM('')
SURFACE()
);
#9611=ORIENTED_EDGE('',*,*,#5011,.F.);
#9612=ORIENTED_EDGE('',*,*,#5174,.F.);
#9613=ORIENTED_EDGE('',*,*,#5036,.T.);
#9614=CARTESIAN_POINT('',(59.920821506,-39.942168662,33.267523624));
#9615=CARTESIAN_POINT('',(59.920821506,-39.942168662,30.907523624));
#9616=CARTESIAN_POINT('',(57.560821506,-39.942168662,30.907523624));
#9617=CARTESIAN_POINT('',(57.560821506,-39.942168662,33.267523624));
#9618=(BOUNDED_CURVE()
B_SPLINE_CURVE(3,(#9614,#9615,#9616,#9617),.UNSPECIFIED.,.F.,.F.)
B_SPLINE_CURVE_WITH_KNOTS((4,4),(0.5,1.),.UNSPECIFIED.)
CURVE()
GEOMETRIC_REPRESENTATION_ITEM()
RATIONAL_B_SPLINE_CURVE((1.,0.333333333,0.333333333,1.))
REPRESENTATION_ITEM(''));
#9619=EDGE_CURVE('NONE',#5014,#4996,#9618,.T.);
#9620=ORIENTED_EDGE('',*,*,#9619,.T.);
#9621=EDGE_LOOP('',(#9611,#9612,#9613,#9620));
#9622=FACE_BOUND('',#9621,.T.);
#9623=ADVANCED_FACE('NONE',(#9622),#9610,.T.);
#9624=OVER_RIDING_STYLED_ITEM('',(#4815),#9623,#4734);
#9625=CARTESIAN_POINT('',(48.840821506,-2.962168662,26.357523624));
#9626=DIRECTION('',(0.,-1.,-0.));
#9627=DIRECTION('',(-1.,0.,-0.));
#9628=AXIS2_PLACEMENT_3D('',#9625,#9626,#9627);
#9629=PLANE('',#9628);
#9630=ORIENTED_EDGE('',*,*,#8742,.F.);
#9631=CARTESIAN_POINT('',(54.090821506,-2.962168662,34.057523624));
#9632=DIRECTION('',(-0.,-1.,-0.));
#9633=DIRECTION('',(1.,-0.,0.));
#9634=AXIS2_PLACEMENT_3D('',#9631,#9632,#9633);
#9635=CIRCLE('',#9634,1.);
#9636=EDGE_CURVE('NONE',#8848,#8735,#9635,.T.);
#9637=ORIENTED_EDGE('',*,*,#9636,.F.);
#9638=ORIENTED_EDGE('',*,*,#8853,.F.);
#9639=CARTESIAN_POINT('',(54.090821506,-2.962168662,18.657523624));
#9640=DIRECTION('',(-0.,-1.,-0.));
#9641=DIRECTION('',(1.,-0.,0.));
#9642=AXIS2_PLACEMENT_3D('',#9639,#9640,#9641);
#9643=CIRCLE('',#9642,1.);
#9644=EDGE_CURVE('NONE',#8818,#8840,#9643,.T.);
#9645=ORIENTED_EDGE('',*,*,#9644,.F.);
#9646=ORIENTED_EDGE('',*,*,#8823,.F.);
#9647=CARTESIAN_POINT('',(42.590821506,-2.962168662,18.657523624));
#9648=VERTEX_POINT('',#9647);
#9649=CARTESIAN_POINT('',(43.590821506,-2.962168662,18.657523624));
#9650=DIRECTION('',(0.,-1.,-0.));
#9651=DIRECTION('',(0.,0.,-1.));
#9652=AXIS2_PLACEMENT_3D('',#9649,#9650,#9651);
#9653=CIRCLE('',#9652,1.);
#9654=EDGE_CURVE('NONE',#9648,#8810,#9653,.T.);
#9655=ORIENTED_EDGE('',*,*,#9654,.F.);
#9656=CARTESIAN_POINT('',(42.590821506,-2.962168662,24.357523624));
#9657=VERTEX_POINT('',#9656);
#9658=CARTESIAN_POINT('',(42.590821506,-2.962168662,24.357523624));
#9659=DIRECTION('',(0.,0.,-1.));
#9660=VECTOR('',#9659,5.7);
#9661=LINE('',#9658,#9660);
#9662=EDGE_CURVE('NONE',#9657,#9648,#9661,.T.);
#9663=ORIENTED_EDGE('',*,*,#9662,.F.);
#9664=CARTESIAN_POINT('',(42.590821506,-2.962168662,28.357523624));
#9665=VERTEX_POINT('',#9664);
#9666=CARTESIAN_POINT('',(42.590821506,-2.962168662,26.357523624));
#9667=DIRECTION('',(0.,-1.,-0.));
#9668=DIRECTION('',(1.,-0.,0.));
#9669=AXIS2_PLACEMENT_3D('',#9666,#9667,#9668);
#9670=CIRCLE('',#9669,2.);
#9671=EDGE_CURVE('NONE',#9665,#9657,#9670,.T.);
#9672=ORIENTED_EDGE('',*,*,#9671,.F.);
#9673=CARTESIAN_POINT('',(42.590821506,-2.962168662,34.057523624));
#9674=VERTEX_POINT('',#9673);
#9675=CARTESIAN_POINT('',(42.590821506,-2.962168662,34.057523624));
#9676=DIRECTION('',(0.,0.,-1.));
#9677=VECTOR('',#9676,5.7);
#9678=LINE('',#9675,#9677);
#9679=EDGE_CURVE('NONE',#9674,#9665,#9678,.T.);
#9680=ORIENTED_EDGE('',*,*,#9679,.F.);
#9681=CARTESIAN_POINT('',(43.590821506,-2.962168662,34.057523624));
#9682=DIRECTION('',(0.,-1.,-0.));
#9683=DIRECTION('',(0.,0.,-1.));
#9684=AXIS2_PLACEMENT_3D('',#9681,#9682,#9683);
#9685=CIRCLE('',#9684,1.);
#9686=EDGE_CURVE('NONE',#8737,#9674,#9685,.T.);
#9687=ORIENTED_EDGE('',*,*,#9686,.F.);
#9688=EDGE_LOOP('',(#9630,#9637,#9638,#9645,#9646,#9655,#9663,#9672,#9680,#9687));
#9689=FACE_BOUND('',#9688,.T.);
#9690=ADVANCED_FACE('NONE',(#9689),#9629,.F.);
#9691=CARTESIAN_POINT('',(54.090821506,-3.622168662,34.057523624));
#9692=DIRECTION('',(0.,1.,0.));
#9693=DIRECTION('',(1.,-0.,0.));
#9694=AXIS2_PLACEMENT_3D('',#9691,#9692,#9693);
#9695=CYLINDRICAL_SURFACE('',#9694,1.);
#9696=ORIENTED_EDGE('',*,*,#8220,.T.);
#9697=ORIENTED_EDGE('',*,*,#8859,.F.);
#9698=ORIENTED_EDGE('',*,*,#9636,.T.);
#9699=ORIENTED_EDGE('',*,*,#8764,.F.);
#9700=EDGE_LOOP('',(#9696,#9697,#9698,#9699));
#9701=FACE_BOUND('',#9700,.T.);
#9702=ADVANCED_FACE('NONE',(#9701),#9695,.T.);
#9703=CARTESIAN_POINT('',(23.390821506,-3.622168662,26.357523624));
#9704=DIRECTION('',(-0.,1.,0.));
#9705=DIRECTION('',(1.,-0.,0.));
#9706=AXIS2_PLACEMENT_3D('',#9703,#9704,#9705);
#9707=PLANE('',#9706);
#9708=ORIENTED_EDGE('',*,*,#5409,.T.);
#9709=CARTESIAN_POINT('',(31.515821506,-3.622168662,26.357523624));
#9710=DIRECTION('',(-0.,-1.,-0.));
#9711=DIRECTION('',(-1.,0.,-0.));
#9712=AXIS2_PLACEMENT_3D('',#9709,#9710,#9711);
#9713=CIRCLE('',#9712,6.925);
#9714=EDGE_CURVE('NONE',#5395,#5403,#9713,.T.);
#9715=ORIENTED_EDGE('',*,*,#9714,.T.);
#9716=EDGE_LOOP('',(#9708,#9715));
#9717=FACE_BOUND('',#9716,.T.);
#9718=CARTESIAN_POINT('',(42.590821506,-3.622168662,34.057523624));
#9719=VERTEX_POINT('',#9718);
#9720=CARTESIAN_POINT('',(42.590821506,-3.622168662,28.357523624));
#9721=VERTEX_POINT('',#9720);
#9722=CARTESIAN_POINT('',(42.590821506,-3.622168662,34.057523624));
#9723=DIRECTION('',(0.,0.,-1.));
#9724=VECTOR('',#9723,5.7);
#9725=LINE('',#9722,#9724);
#9726=EDGE_CURVE('NONE',#9719,#9721,#9725,.T.);
#9727=ORIENTED_EDGE('',*,*,#9726,.T.);
#9728=CARTESIAN_POINT('',(42.590821506,-3.622168662,24.357523624));
#9729=VERTEX_POINT('',#9728);
#9730=CARTESIAN_POINT('',(42.590821506,-3.622168662,26.357523624));
#9731=DIRECTION('',(0.,-1.,-0.));
#9732=DIRECTION('',(1.,-0.,0.));
#9733=AXIS2_PLACEMENT_3D('',#9730,#9731,#9732);
#9734=CIRCLE('',#9733,2.);
#9735=EDGE_CURVE('NONE',#9721,#9729,#9734,.T.);
#9736=ORIENTED_EDGE('',*,*,#9735,.T.);
#9737=CARTESIAN_POINT('',(42.590821506,-3.622168662,18.657523624));
#9738=VERTEX_POINT('',#9737);
#9739=CARTESIAN_POINT('',(42.590821506,-3.622168662,24.357523624));
#9740=DIRECTION('',(0.,0.,-1.));
#9741=VECTOR('',#9740,5.7);
#9742=LINE('',#9739,#9741);
#9743=EDGE_CURVE('NONE',#9729,#9738,#9742,.T.);
#9744=ORIENTED_EDGE('',*,*,#9743,.T.);
#9745=CARTESIAN_POINT('',(43.590821506,-3.622168662,18.657523624));
#9746=DIRECTION('',(0.,-1.,-0.));
#9747=DIRECTION('',(0.,0.,-1.));
#9748=AXIS2_PLACEMENT_3D('',#9745,#9746,#9747);
#9749=CIRCLE('',#9748,1.);
#9750=EDGE_CURVE('NONE',#9738,#8802,#9749,.T.);
#9751=ORIENTED_EDGE('',*,*,#9750,.T.);
#9752=ORIENTED_EDGE('',*,*,#8807,.F.);
#9753=ORIENTED_EDGE('',*,*,#8782,.F.);
#9754=ORIENTED_EDGE('',*,*,#5200,.F.);
#9755=ORIENTED_EDGE('',*,*,#8756,.F.);
#9756=CARTESIAN_POINT('',(43.590821506,-3.622168662,34.057523624));
#9757=DIRECTION('',(0.,-1.,-0.));
#9758=DIRECTION('',(0.,0.,-1.));
#9759=AXIS2_PLACEMENT_3D('',#9756,#9757,#9758);
#9760=CIRCLE('',#9759,1.);
#9761=EDGE_CURVE('NONE',#8745,#9719,#9760,.T.);
#9762=ORIENTED_EDGE('',*,*,#9761,.T.);
#9763=EDGE_LOOP('',(#9727,#9736,#9744,#9751,#9752,#9753,#9754,#9755,#9762));
#9764=FACE_BOUND('',#9763,.T.);
#9765=ADVANCED_FACE('NONE',(#9717,#9764),#9707,.T.);
#9766=CARTESIAN_POINT('',(54.090821506,-3.622168662,18.657523624));
#9767=DIRECTION('',(0.,1.,0.));
#9768=DIRECTION('',(1.,-0.,0.));
#9769=AXIS2_PLACEMENT_3D('',#9766,#9767,#9768);
#9770=CYLINDRICAL_SURFACE('',#9769,1.);
#9771=ORIENTED_EDGE('',*,*,#8186,.T.);
#9772=ORIENTED_EDGE('',*,*,#8829,.F.);
#9773=ORIENTED_EDGE('',*,*,#9644,.T.);
#9774=ORIENTED_EDGE('',*,*,#8845,.F.);
#9775=EDGE_LOOP('',(#9771,#9772,#9773,#9774));
#9776=FACE_BOUND('',#9775,.T.);
#9777=ADVANCED_FACE('NONE',(#9776),#9770,.T.);
#9778=CARTESIAN_POINT('',(23.390821506,-3.622168662,26.357523624));
#9779=DIRECTION('',(-0.,1.,0.));
#9780=DIRECTION('',(1.,-0.,0.));
#9781=AXIS2_PLACEMENT_3D('',#9778,#9779,#9780);
#9782=PLANE('',#9781);
#9783=ORIENTED_EDGE('',*,*,#8876,.F.);
#9784=ORIENTED_EDGE('',*,*,#8898,.F.);
#9785=EDGE_LOOP('',(#9783,#9784));
#9786=FACE_BOUND('',#9785,.T.);
#9787=ADVANCED_FACE('NONE',(#9786),#9782,.T.);
#9788=CARTESIAN_POINT('',(24.740821506,-39.942168662,33.267523624));
#9789=DIRECTION('',(0.,-1.,-0.));
#9790=DIRECTION('',(-1.,0.,-0.));
#9791=AXIS2_PLACEMENT_3D('',#9788,#9789,#9790);
#9792=PLANE('',#9791);
#9793=CARTESIAN_POINT('',(24.490821506,-39.942168662,32.517523624));
#9794=VERTEX_POINT('',#9793);
#9795=CARTESIAN_POINT('',(24.490821506,-39.942168662,33.017523624));
#9796=VERTEX_POINT('',#9795);
#9797=CARTESIAN_POINT('',(24.490821506,-39.942168662,32.517523624));
#9798=DIRECTION('',(-0.,-0.,1.));
#9799=VECTOR('',#9798,0.5);
#9800=LINE('',#9797,#9799);
#9801=EDGE_CURVE('NONE',#9794,#9796,#9800,.T.);
#9802=ORIENTED_EDGE('',*,*,#9801,.T.);
#9803=CARTESIAN_POINT('',(23.990821506,-39.942168662,33.017523624));
#9804=VERTEX_POINT('',#9803);
#9805=CARTESIAN_POINT('',(24.490821506,-39.942168662,33.017523624));
#9806=DIRECTION('',(-1.,0.,-0.));
#9807=VECTOR('',#9806,0.5);
#9808=LINE('',#9805,#9807);
#9809=EDGE_CURVE('NONE',#9796,#9804,#9808,.T.);
#9810=ORIENTED_EDGE('',*,*,#9809,.T.);
#9811=CARTESIAN_POINT('',(23.990821506,-39.942168662,33.517523624));
#9812=VERTEX_POINT('',#9811);
#9813=CARTESIAN_POINT('',(23.990821506,-39.942168662,33.017523624));
#9814=DIRECTION('',(-0.,-0.,1.));
#9815=VECTOR('',#9814,0.5);
#9816=LINE('',#9813,#9815);
#9817=EDGE_CURVE('NONE',#9804,#9812,#9816,.T.);
#9818=ORIENTED_EDGE('',*,*,#9817,.T.);
#9819=CARTESIAN_POINT('',(24.490821506,-39.942168662,33.517523624));
#9820=VERTEX_POINT('',#9819);
#9821=CARTESIAN_POINT('',(23.990821506,-39.942168662,33.517523624));
#9822=DIRECTION('',(1.,-0.,0.));
#9823=VECTOR('',#9822,0.5);
#9824=LINE('',#9821,#9823);
#9825=EDGE_CURVE('NONE',#9812,#9820,#9824,.T.);
#9826=ORIENTED_EDGE('',*,*,#9825,.T.);
#9827=CARTESIAN_POINT('',(24.490821506,-39.942168662,34.017523624));
#9828=VERTEX_POINT('',#9827);
#9829=CARTESIAN_POINT('',(24.490821506,-39.942168662,33.517523624));
#9830=DIRECTION('',(-0.,-0.,1.));
#9831=VECTOR('',#9830,0.5);
#9832=LINE('',#9829,#9831);
#9833=EDGE_CURVE('NONE',#9820,#9828,#9832,.T.);
#9834=ORIENTED_EDGE('',*,*,#9833,.T.);
#9835=CARTESIAN_POINT('',(24.990821506,-39.942168662,34.017523624));
#9836=VERTEX_POINT('',#9835);
#9837=CARTESIAN_POINT('',(24.490821506,-39.942168662,34.017523624));
#9838=DIRECTION('',(1.,-0.,0.));
#9839=VECTOR('',#9838,0.5);
#9840=LINE('',#9837,#9839);
#9841=EDGE_CURVE('NONE',#9828,#9836,#9840,.T.);
#9842=ORIENTED_EDGE('',*,*,#9841,.T.);
#9843=CARTESIAN_POINT('',(24.990821506,-39.942168662,33.517523624));
#9844=VERTEX_POINT('',#9843);
#9845=CARTESIAN_POINT('',(24.990821506,-39.942168662,34.017523624));
#9846=DIRECTION('',(0.,0.,-1.));
#9847=VECTOR('',#9846,0.5);
#9848=LINE('',#9845,#9847);
#9849=EDGE_CURVE('NONE',#9836,#9844,#9848,.T.);
#9850=ORIENTED_EDGE('',*,*,#9849,.T.);
#9851=CARTESIAN_POINT('',(25.490821506,-39.942168662,33.517523624));
#9852=VERTEX_POINT('',#9851);
#9853=CARTESIAN_POINT('',(24.990821506,-39.942168662,33.517523624));
#9854=DIRECTION('',(1.,-0.,0.));
#9855=VECTOR('',#9854,0.5);
#9856=LINE('',#9853,#9855);
#9857=EDGE_CURVE('NONE',#9844,#9852,#9856,.T.);
#9858=ORIENTED_EDGE('',*,*,#9857,.T.);
#9859=CARTESIAN_POINT('',(25.490821506,-39.942168662,33.017523624));
#9860=VERTEX_POINT('',#9859);
#9861=CARTESIAN_POINT('',(25.490821506,-39.942168662,33.517523624));
#9862=DIRECTION('',(0.,0.,-1.));
#9863=VECTOR('',#9862,0.5);
#9864=LINE('',#9861,#9863);
#9865=EDGE_CURVE('NONE',#9852,#9860,#9864,.T.);
#9866=ORIENTED_EDGE('',*,*,#9865,.T.);
#9867=CARTESIAN_POINT('',(24.990821506,-39.942168662,33.017523624));
#9868=VERTEX_POINT('',#9867);
#9869=CARTESIAN_POINT('',(25.490821506,-39.942168662,33.017523624));
#9870=DIRECTION('',(-1.,0.,-0.));
#9871=VECTOR('',#9870,0.5);
#9872=LINE('',#9869,#9871);
#9873=EDGE_CURVE('NONE',#9860,#9868,#9872,.T.);
#9874=ORIENTED_EDGE('',*,*,#9873,.T.);
#9875=CARTESIAN_POINT('',(24.990821506,-39.942168662,32.517523624));
#9876=VERTEX_POINT('',#9875);
#9877=CARTESIAN_POINT('',(24.990821506,-39.942168662,33.017523624));
#9878=DIRECTION('',(0.,0.,-1.));
#9879=VECTOR('',#9878,0.5);
#9880=LINE('',#9877,#9879);
#9881=EDGE_CURVE('NONE',#9868,#9876,#9880,.T.);
#9882=ORIENTED_EDGE('',*,*,#9881,.T.);
#9883=CARTESIAN_POINT('',(24.990821506,-39.942168662,32.517523624));
#9884=DIRECTION('',(-1.,0.,-0.));
#9885=VECTOR('',#9884,0.5);
#9886=LINE('',#9883,#9885);
#9887=EDGE_CURVE('NONE',#9876,#9794,#9886,.T.);
#9888=ORIENTED_EDGE('',*,*,#9887,.T.);
#9889=EDGE_LOOP('',(#9802,#9810,#9818,#9826,#9834,#9842,#9850,#9858,#9866,#9874,#9882,#9888));
#9890=FACE_BOUND('',#9889,.T.);
#9891=ORIENTED_EDGE('',*,*,#8931,.F.);
#9892=ORIENTED_EDGE('',*,*,#4945,.F.);
#9893=EDGE_LOOP('',(#9891,#9892));
#9894=FACE_BOUND('',#9893,.T.);
#9895=ADVANCED_FACE('NONE',(#9890,#9894),#9792,.T.);
#9896=OVER_RIDING_STYLED_ITEM('',(#4815),#9895,#4734);
#9897=CARTESIAN_POINT('',(11.070821506,-38.467168662,25.137523624));
#9898=DIRECTION('',(1.,0.,0.));
#9899=DIRECTION('',(0.,-1.,-0.));
#9900=AXIS2_PLACEMENT_3D('',#9897,#9898,#9899);
#9901=PLANE('',#9900);
#9902=ORIENTED_EDGE('',*,*,#8950,.F.);
#9903=ORIENTED_EDGE('',*,*,#5259,.F.);
#9904=EDGE_LOOP('',(#9902,#9903));
#9905=FACE_BOUND('',#9904,.T.);
#9906=ADVANCED_FACE('NONE',(#9905),#9901,.F.);
#9907=CARTESIAN_POINT('',(11.070821506,-38.467168662,27.577523624));
#9908=DIRECTION('',(1.,0.,0.));
#9909=DIRECTION('',(0.,-1.,-0.));
#9910=AXIS2_PLACEMENT_3D('',#9907,#9908,#9909);
#9911=PLANE('',#9910);
#9912=ORIENTED_EDGE('',*,*,#8969,.F.);
#9913=ORIENTED_EDGE('',*,*,#5309,.F.);
#9914=EDGE_LOOP('',(#9912,#9913));
#9915=FACE_BOUND('',#9914,.T.);
#9916=ADVANCED_FACE('NONE',(#9915),#9911,.F.);
#9917=CARTESIAN_POINT('',(11.070821506,-38.467168662,26.357523624));
#9918=DIRECTION('',(1.,0.,0.));
#9919=DIRECTION('',(0.,-1.,-0.));
#9920=AXIS2_PLACEMENT_3D('',#9917,#9918,#9919);
#9921=PLANE('',#9920);
#9922=ORIENTED_EDGE('',*,*,#8988,.F.);
#9923=ORIENTED_EDGE('',*,*,#5359,.F.);
#9924=EDGE_LOOP('',(#9922,#9923));
#9925=FACE_BOUND('',#9924,.T.);
#9926=ADVANCED_FACE('NONE',(#9925),#9921,.F.);
#9927=CARTESIAN_POINT('',(24.740821506,-39.192168662,19.447523624));
#9928=DIRECTION('',(0.,-1.,-0.));
#9929=DIRECTION('',(-1.,0.,-0.));
#9930=AXIS2_PLACEMENT_3D('',#9927,#9928,#9929);
#9931=PLANE('',#9930);
#9932=ORIENTED_EDGE('',*,*,#9039,.T.);
#9933=ORIENTED_EDGE('',*,*,#9020,.T.);
#9934=ORIENTED_EDGE('',*,*,#9285,.T.);
#9935=ORIENTED_EDGE('',*,*,#9264,.T.);
#9936=ORIENTED_EDGE('',*,*,#9245,.T.);
#9937=ORIENTED_EDGE('',*,*,#9212,.T.);
#9938=ORIENTED_EDGE('',*,*,#9189,.T.);
#9939=ORIENTED_EDGE('',*,*,#9170,.T.);
#9940=ORIENTED_EDGE('',*,*,#9137,.T.);
#9941=ORIENTED_EDGE('',*,*,#9114,.T.);
#9942=ORIENTED_EDGE('',*,*,#9095,.T.);
#9943=ORIENTED_EDGE('',*,*,#9062,.T.);
#9944=EDGE_LOOP('',(#9932,#9933,#9934,#9935,#9936,#9937,#9938,#9939,#9940,#9941,#9942,#9943));
#9945=FACE_BOUND('',#9944,.T.);
#9946=ADVANCED_FACE('NONE',(#9945),#9931,.T.);
#9947=OVER_RIDING_STYLED_ITEM('',(#4815),#9946,#4734);
#9948=CARTESIAN_POINT('',(58.740821506,-39.192168662,19.447523624));
#9949=DIRECTION('',(-0.,1.,0.));
#9950=DIRECTION('',(1.,-0.,0.));
#9951=AXIS2_PLACEMENT_3D('',#9948,#9949,#9950);
#9952=PLANE('',#9951);
#9953=ORIENTED_EDGE('',*,*,#9587,.F.);
#9954=ORIENTED_EDGE('',*,*,#9320,.F.);
#9955=ORIENTED_EDGE('',*,*,#9343,.F.);
#9956=ORIENTED_EDGE('',*,*,#9369,.F.);
#9957=ORIENTED_EDGE('',*,*,#9395,.F.);
#9958=ORIENTED_EDGE('',*,*,#9418,.F.);
#9959=ORIENTED_EDGE('',*,*,#9444,.F.);
#9960=ORIENTED_EDGE('',*,*,#9470,.F.);
#9961=ORIENTED_EDGE('',*,*,#9493,.F.);
#9962=ORIENTED_EDGE('',*,*,#9519,.F.);
#9963=ORIENTED_EDGE('',*,*,#9545,.F.);
#9964=ORIENTED_EDGE('',*,*,#9568,.F.);
#9965=EDGE_LOOP('',(#9953,#9954,#9955,#9956,#9957,#9958,#9959,#9960,#9961,#9962,#9963,#9964));
#9966=FACE_BOUND('',#9965,.T.);
#9967=ADVANCED_FACE('NONE',(#9966),#9952,.F.);
#9968=OVER_RIDING_STYLED_ITEM('',(#4815),#9967,#4734);
#9969=CARTESIAN_POINT('',(58.740821506,-39.942168662,33.267523624));
#9970=DIRECTION('',(-0.,1.,0.));
#9971=DIRECTION('',(1.,-0.,0.));
#9972=AXIS2_PLACEMENT_3D('',#9969,#9970,#9971);
#9973=PLANE('',#9972);
#9974=CARTESIAN_POINT('',(58.990821506,-39.942168662,33.017523624));
#9975=VERTEX_POINT('',#9974);
#9976=CARTESIAN_POINT('',(59.490821506,-39.942168662,33.017523624));
#9977=VERTEX_POINT('',#9976);
#9978=CARTESIAN_POINT('',(58.990821506,-39.942168662,33.017523624));
#9979=DIRECTION('',(1.,-0.,0.));
#9980=VECTOR('',#9979,0.5);
#9981=LINE('',#9978,#9980);
#9982=EDGE_CURVE('NONE',#9975,#9977,#9981,.T.);
#9983=ORIENTED_EDGE('',*,*,#9982,.F.);
#9984=CARTESIAN_POINT('',(58.990821506,-39.942168662,32.517523624));
#9985=VERTEX_POINT('',#9984);
#9986=CARTESIAN_POINT('',(58.990821506,-39.942168662,32.517523624));
#9987=DIRECTION('',(-0.,-0.,1.));
#9988=VECTOR('',#9987,0.5);
#9989=LINE('',#9986,#9988);
#9990=EDGE_CURVE('NONE',#9985,#9975,#9989,.T.);
#9991=ORIENTED_EDGE('',*,*,#9990,.F.);
#9992=CARTESIAN_POINT('',(58.490821506,-39.942168662,32.517523624));
#9993=VERTEX_POINT('',#9992);
#9994=CARTESIAN_POINT('',(58.490821506,-39.942168662,32.517523624));
#9995=DIRECTION('',(1.,-0.,0.));
#9996=VECTOR('',#9995,0.5);
#9997=LINE('',#9994,#9996);
#9998=EDGE_CURVE('NONE',#9993,#9985,#9997,.T.);
#9999=ORIENTED_EDGE('',*,*,#9998,.F.);
#10000=CARTESIAN_POINT('',(58.490821506,-39.942168662,33.017523624));
#10001=VERTEX_POINT('',#10000);
#10002=CARTESIAN_POINT('',(58.490821506,-39.942168662,33.017523624));
#10003=DIRECTION('',(0.,0.,-1.));
#10004=VECTOR('',#10003,0.5);
#10005=LINE('',#10002,#10004);
#10006=EDGE_CURVE('NONE',#10001,#9993,#10005,.T.);
#10007=ORIENTED_EDGE('',*,*,#10006,.F.);
#10008=CARTESIAN_POINT('',(57.990821506,-39.942168662,33.017523624));
#10009=VERTEX_POINT('',#10008);
#10010=CARTESIAN_POINT('',(57.990821506,-39.942168662,33.017523624));
#10011=DIRECTION('',(1.,-0.,0.));
#10012=VECTOR('',#10011,0.5);
#10013=LINE('',#10010,#10012);
#10014=EDGE_CURVE('NONE',#10009,#10001,#10013,.T.);
#10015=ORIENTED_EDGE('',*,*,#10014,.F.);
#10016=CARTESIAN_POINT('',(57.990821506,-39.942168662,33.517523624));
#10017=VERTEX_POINT('',#10016);
#10018=CARTESIAN_POINT('',(57.990821506,-39.942168662,33.517523624));
#10019=DIRECTION('',(0.,0.,-1.));
#10020=VECTOR('',#10019,0.5);
#10021=LINE('',#10018,#10020);
#10022=EDGE_CURVE('NONE',#10017,#10009,#10021,.T.);
#10023=ORIENTED_EDGE('',*,*,#10022,.F.);
#10024=CARTESIAN_POINT('',(58.490821506,-39.942168662,33.517523624));
#10025=VERTEX_POINT('',#10024);
#10026=CARTESIAN_POINT('',(58.490821506,-39.942168662,33.517523624));
#10027=DIRECTION('',(-1.,0.,-0.));
#10028=VECTOR('',#10027,0.5);
#10029=LINE('',#10026,#10028);
#10030=EDGE_CURVE('NONE',#10025,#10017,#10029,.T.);
#10031=ORIENTED_EDGE('',*,*,#10030,.F.);
#10032=CARTESIAN_POINT('',(58.490821506,-39.942168662,34.017523624));
#10033=VERTEX_POINT('',#10032);
#10034=CARTESIAN_POINT('',(58.490821506,-39.942168662,34.017523624));
#10035=DIRECTION('',(0.,0.,-1.));
#10036=VECTOR('',#10035,0.5);
#10037=LINE('',#10034,#10036);
#10038=EDGE_CURVE('NONE',#10033,#10025,#10037,.T.);
#10039=ORIENTED_EDGE('',*,*,#10038,.F.);
#10040=CARTESIAN_POINT('',(58.990821506,-39.942168662,34.017523624));
#10041=VERTEX_POINT('',#10040);
#10042=CARTESIAN_POINT('',(58.990821506,-39.942168662,34.017523624));
#10043=DIRECTION('',(-1.,0.,-0.));
#10044=VECTOR('',#10043,0.5);
#10045=LINE('',#10042,#10044);
#10046=EDGE_CURVE('NONE',#10041,#10033,#10045,.T.);
#10047=ORIENTED_EDGE('',*,*,#10046,.F.);
#10048=CARTESIAN_POINT('',(58.990821506,-39.942168662,33.517523624));
#10049=VERTEX_POINT('',#10048);
#10050=CARTESIAN_POINT('',(58.990821506,-39.942168662,33.517523624));
#10051=DIRECTION('',(-0.,-0.,1.));
#10052=VECTOR('',#10051,0.5);
#10053=LINE('',#10050,#10052);
#10054=EDGE_CURVE('NONE',#10049,#10041,#10053,.T.);
#10055=ORIENTED_EDGE('',*,*,#10054,.F.);
#10056=CARTESIAN_POINT('',(59.490821506,-39.942168662,33.517523624));
#10057=VERTEX_POINT('',#10056);
#10058=CARTESIAN_POINT('',(59.490821506,-39.942168662,33.517523624));
#10059=DIRECTION('',(-1.,0.,-0.));
#10060=VECTOR('',#10059,0.5);
#10061=LINE('',#10058,#10060);
#10062=EDGE_CURVE('NONE',#10057,#10049,#10061,.T.);
#10063=ORIENTED_EDGE('',*,*,#10062,.F.);
#10064=CARTESIAN_POINT('',(59.490821506,-39.942168662,33.017523624));
#10065=DIRECTION('',(-0.,-0.,1.));
#10066=VECTOR('',#10065,0.5);
#10067=LINE('',#10064,#10066);
#10068=EDGE_CURVE('NONE',#9977,#10057,#10067,.T.);
#10069=ORIENTED_EDGE('',*,*,#10068,.F.);
#10070=EDGE_LOOP('',(#9983,#9991,#9999,#10007,#10015,#10023,#10031,#10039,#10047,#10055,#10063,#10069));
#10071=FACE_BOUND('',#10070,.T.);
#10072=ORIENTED_EDGE('',*,*,#9619,.F.);
#10073=ORIENTED_EDGE('',*,*,#5020,.F.);
#10074=EDGE_LOOP('',(#10072,#10073));
#10075=FACE_BOUND('',#10074,.T.);
#10076=ADVANCED_FACE('NONE',(#10071,#10075),#9973,.F.);
#10077=OVER_RIDING_STYLED_ITEM('',(#4815),#10076,#4734);
#10078=CARTESIAN_POINT('',(43.590821506,-3.622168662,34.057523624));
#10079=DIRECTION('',(-0.,1.,0.));
#10080=DIRECTION('',(0.,0.,-1.));
#10081=AXIS2_PLACEMENT_3D('',#10078,#10079,#10080);
#10082=CYLINDRICAL_SURFACE('',#10081,1.);
#10083=ORIENTED_EDGE('',*,*,#9761,.F.);
#10084=ORIENTED_EDGE('',*,*,#8750,.T.);
#10085=ORIENTED_EDGE('',*,*,#9686,.T.);
#10086=CARTESIAN_POINT('',(42.590821506,-2.962168662,34.057523624));
#10087=DIRECTION('',(0.,-1.,-0.));
#10088=VECTOR('',#10087,0.66);
#10089=LINE('',#10086,#10088);
#10090=EDGE_CURVE('NONE',#9674,#9719,#10089,.T.);
#10091=ORIENTED_EDGE('',*,*,#10090,.T.);
#10092=EDGE_LOOP('',(#10083,#10084,#10085,#10091));
#10093=FACE_BOUND('',#10092,.T.);
#10094=ADVANCED_FACE('NONE',(#10093),#10082,.T.);
#10095=CARTESIAN_POINT('',(43.590821506,-3.622168662,18.657523624));
#10096=DIRECTION('',(-0.,1.,0.));
#10097=DIRECTION('',(0.,0.,-1.));
#10098=AXIS2_PLACEMENT_3D('',#10095,#10096,#10097);
#10099=CYLINDRICAL_SURFACE('',#10098,1.);
#10100=ORIENTED_EDGE('',*,*,#9750,.F.);
#10101=CARTESIAN_POINT('',(42.590821506,-3.622168662,18.657523624));
#10102=DIRECTION('',(-0.,1.,0.));
#10103=VECTOR('',#10102,0.66);
#10104=LINE('',#10101,#10103);
#10105=EDGE_CURVE('NONE',#9738,#9648,#10104,.T.);
#10106=ORIENTED_EDGE('',*,*,#10105,.T.);
#10107=ORIENTED_EDGE('',*,*,#9654,.T.);
#10108=ORIENTED_EDGE('',*,*,#8815,.T.);
#10109=EDGE_LOOP('',(#10100,#10106,#10107,#10108));
#10110=FACE_BOUND('',#10109,.T.);
#10111=ADVANCED_FACE('NONE',(#10110),#10099,.T.);
#10112=CARTESIAN_POINT('',(42.590821506,-3.622168662,35.057523624));
#10113=DIRECTION('',(-1.,0.,-0.));
#10114=DIRECTION('',(-0.,1.,0.));
#10115=AXIS2_PLACEMENT_3D('',#10112,#10113,#10114);
#10116=PLANE('',#10115);
#10117=CARTESIAN_POINT('',(42.590821506,-3.622168662,24.357523624));
#10118=DIRECTION('',(-0.,1.,0.));
#10119=VECTOR('',#10118,0.66);
#10120=LINE('',#10117,#10119);
#10121=EDGE_CURVE('NONE',#9729,#9657,#10120,.T.);
#10122=ORIENTED_EDGE('',*,*,#10121,.T.);
#10123=ORIENTED_EDGE('',*,*,#9662,.T.);
#10124=ORIENTED_EDGE('',*,*,#10105,.F.);
#10125=ORIENTED_EDGE('',*,*,#9743,.F.);
#10126=EDGE_LOOP('',(#10122,#10123,#10124,#10125));
#10127=FACE_BOUND('',#10126,.T.);
#10128=ADVANCED_FACE('NONE',(#10127),#10116,.T.);
#10129=CARTESIAN_POINT('',(42.590821506,-3.622168662,26.357523624));
#10130=DIRECTION('',(-0.,1.,0.));
#10131=DIRECTION('',(1.,-0.,0.));
#10132=AXIS2_PLACEMENT_3D('',#10129,#10130,#10131);
#10133=CYLINDRICAL_SURFACE('',#10132,2.);
#10134=ORIENTED_EDGE('',*,*,#10121,.F.);
#10135=ORIENTED_EDGE('',*,*,#9735,.F.);
#10136=CARTESIAN_POINT('',(42.590821506,-3.622168662,28.357523624));
#10137=DIRECTION('',(-0.,1.,0.));
#10138=VECTOR('',#10137,0.66);
#10139=LINE('',#10136,#10138);
#10140=EDGE_CURVE('NONE',#9721,#9665,#10139,.T.);
#10141=ORIENTED_EDGE('',*,*,#10140,.T.);
#10142=ORIENTED_EDGE('',*,*,#9671,.T.);
#10143=EDGE_LOOP('',(#10134,#10135,#10141,#10142));
#10144=FACE_BOUND('',#10143,.T.);
#10145=ADVANCED_FACE('NONE',(#10144),#10133,.T.);
#10146=CARTESIAN_POINT('',(42.590821506,-3.622168662,35.057523624));
#10147=DIRECTION('',(-1.,0.,-0.));
#10148=DIRECTION('',(-0.,1.,0.));
#10149=AXIS2_PLACEMENT_3D('',#10146,#10147,#10148);
#10150=PLANE('',#10149);
#10151=ORIENTED_EDGE('',*,*,#10140,.F.);
#10152=ORIENTED_EDGE('',*,*,#9726,.F.);
#10153=ORIENTED_EDGE('',*,*,#10090,.F.);
#10154=ORIENTED_EDGE('',*,*,#9679,.T.);
#10155=EDGE_LOOP('',(#10151,#10152,#10153,#10154));
#10156=FACE_BOUND('',#10155,.T.);
#10157=ADVANCED_FACE('NONE',(#10156),#10150,.T.);
#10158=CARTESIAN_POINT('',(31.515821506,-2.557168662,26.357523624));
#10159=DIRECTION('',(-0.,-1.,-0.));
#10160=DIRECTION('',(-1.,0.,-0.));
#10161=AXIS2_PLACEMENT_3D('',#10158,#10159,#10160);
#10162=CYLINDRICAL_SURFACE('',#10161,6.925);
#10163=ORIENTED_EDGE('',*,*,#5400,.F.);
#10164=CARTESIAN_POINT('',(31.515821506,-1.492168662,26.357523624));
#10165=DIRECTION('',(-0.,-1.,-0.));
#10166=DIRECTION('',(-1.,0.,-0.));
#10167=AXIS2_PLACEMENT_3D('',#10164,#10165,#10166);
#10168=CIRCLE('',#10167,6.925);
#10169=EDGE_CURVE('NONE',#5386,#5384,#10168,.T.);
#10170=ORIENTED_EDGE('',*,*,#10169,.T.);
#10171=ORIENTED_EDGE('',*,*,#5415,.T.);
#10172=ORIENTED_EDGE('',*,*,#9714,.F.);
#10173=EDGE_LOOP('',(#10163,#10170,#10171,#10172));
#10174=FACE_BOUND('',#10173,.T.);
#10175=ADVANCED_FACE('NONE',(#10174),#10162,.T.);
#10176=CARTESIAN_POINT('',(25.490821506,-39.942168662,33.017523624));
#10177=DIRECTION('',(-0.,-0.,1.));
#10178=DIRECTION('',(-0.,1.,0.));
#10179=AXIS2_PLACEMENT_3D('',#10176,#10177,#10178);
#10180=PLANE('',#10179);
#10181=CARTESIAN_POINT('',(23.990821506,-39.192168662,33.017523624));
#10182=VERTEX_POINT('',#10181);
#10183=CARTESIAN_POINT('',(23.990821506,-39.192168662,33.017523624));
#10184=DIRECTION('',(0.,-1.,-0.));
#10185=VECTOR('',#10184,0.75);
#10186=LINE('',#10183,#10185);
#10187=EDGE_CURVE('NONE',#10182,#9804,#10186,.T.);
#10188=ORIENTED_EDGE('',*,*,#10187,.T.);
#10189=ORIENTED_EDGE('',*,*,#9809,.F.);
#10190=CARTESIAN_POINT('',(24.490821506,-39.192168662,33.017523624));
#10191=VERTEX_POINT('',#10190);
#10192=CARTESIAN_POINT('',(24.490821506,-39.942168662,33.017523624));
#10193=DIRECTION('',(-0.,1.,0.));
#10194=VECTOR('',#10193,0.75);
#10195=LINE('',#10192,#10194);
#10196=EDGE_CURVE('NONE',#9796,#10191,#10195,.T.);
#10197=ORIENTED_EDGE('',*,*,#10196,.T.);
#10198=CARTESIAN_POINT('',(24.490821506,-39.192168662,33.017523624));
#10199=DIRECTION('',(-1.,0.,-0.));
#10200=VECTOR('',#10199,0.5);
#10201=LINE('',#10198,#10200);
#10202=EDGE_CURVE('NONE',#10191,#10182,#10201,.T.);
#10203=ORIENTED_EDGE('',*,*,#10202,.T.);
#10204=EDGE_LOOP('',(#10188,#10189,#10197,#10203));
#10205=FACE_BOUND('',#10204,.T.);
#10206=ADVANCED_FACE('NONE',(#10205),#10180,.T.);
#10207=OVER_RIDING_STYLED_ITEM('',(#4815),#10206,#4734);
#10208=CARTESIAN_POINT('',(24.490821506,-39.942168662,32.517523624));
#10209=DIRECTION('',(1.,0.,0.));
#10210=DIRECTION('',(0.,-1.,-0.));
#10211=AXIS2_PLACEMENT_3D('',#10208,#10209,#10210);
#10212=PLANE('',#10211);
#10213=CARTESIAN_POINT('',(24.490821506,-39.192168662,32.517523624));
#10214=VERTEX_POINT('',#10213);
#10215=CARTESIAN_POINT('',(24.490821506,-39.942168662,32.517523624));
#10216=DIRECTION('',(-0.,1.,0.));
#10217=VECTOR('',#10216,0.75);
#10218=LINE('',#10215,#10217);
#10219=EDGE_CURVE('NONE',#9794,#10214,#10218,.T.);
#10220=ORIENTED_EDGE('',*,*,#10219,.T.);
#10221=CARTESIAN_POINT('',(24.490821506,-39.192168662,32.517523624));
#10222=DIRECTION('',(-0.,-0.,1.));
#10223=VECTOR('',#10222,0.5);
#10224=LINE('',#10221,#10223);
#10225=EDGE_CURVE('NONE',#10214,#10191,#10224,.T.);
#10226=ORIENTED_EDGE('',*,*,#10225,.T.);
#10227=ORIENTED_EDGE('',*,*,#10196,.F.);
#10228=ORIENTED_EDGE('',*,*,#9801,.F.);
#10229=EDGE_LOOP('',(#10220,#10226,#10227,#10228));
#10230=FACE_BOUND('',#10229,.T.);
#10231=ADVANCED_FACE('NONE',(#10230),#10212,.T.);
#10232=OVER_RIDING_STYLED_ITEM('',(#4815),#10231,#4734);
#10233=CARTESIAN_POINT('',(24.990821506,-39.942168662,32.517523624));
#10234=DIRECTION('',(-0.,-0.,1.));
#10235=DIRECTION('',(-0.,1.,0.));
#10236=AXIS2_PLACEMENT_3D('',#10233,#10234,#10235);
#10237=PLANE('',#10236);
#10238=ORIENTED_EDGE('',*,*,#9887,.F.);
#10239=CARTESIAN_POINT('',(24.990821506,-39.192168662,32.517523624));
#10240=VERTEX_POINT('',#10239);
#10241=CARTESIAN_POINT('',(24.990821506,-39.942168662,32.517523624));
#10242=DIRECTION('',(-0.,1.,0.));
#10243=VECTOR('',#10242,0.75);
#10244=LINE('',#10241,#10243);
#10245=EDGE_CURVE('NONE',#9876,#10240,#10244,.T.);
#10246=ORIENTED_EDGE('',*,*,#10245,.T.);
#10247=CARTESIAN_POINT('',(24.990821506,-39.192168662,32.517523624));
#10248=DIRECTION('',(-1.,0.,-0.));
#10249=VECTOR('',#10248,0.5);
#10250=LINE('',#10247,#10249);
#10251=EDGE_CURVE('NONE',#10240,#10214,#10250,.T.);
#10252=ORIENTED_EDGE('',*,*,#10251,.T.);
#10253=ORIENTED_EDGE('',*,*,#10219,.F.);
#10254=EDGE_LOOP('',(#10238,#10246,#10252,#10253));
#10255=FACE_BOUND('',#10254,.T.);
#10256=ADVANCED_FACE('NONE',(#10255),#10237,.T.);
#10257=OVER_RIDING_STYLED_ITEM('',(#4815),#10256,#4734);
#10258=CARTESIAN_POINT('',(24.990821506,-39.942168662,34.017523624));
#10259=DIRECTION('',(-1.,0.,-0.));
#10260=DIRECTION('',(-0.,1.,0.));
#10261=AXIS2_PLACEMENT_3D('',#10258,#10259,#10260);
#10262=PLANE('',#10261);
#10263=ORIENTED_EDGE('',*,*,#10245,.F.);
#10264=ORIENTED_EDGE('',*,*,#9881,.F.);
#10265=CARTESIAN_POINT('',(24.990821506,-39.192168662,33.017523624));
#10266=VERTEX_POINT('',#10265);
#10267=CARTESIAN_POINT('',(24.990821506,-39.942168662,33.017523624));
#10268=DIRECTION('',(-0.,1.,0.));
#10269=VECTOR('',#10268,0.75);
#10270=LINE('',#10267,#10269);
#10271=EDGE_CURVE('NONE',#9868,#10266,#10270,.T.);
#10272=ORIENTED_EDGE('',*,*,#10271,.T.);
#10273=CARTESIAN_POINT('',(24.990821506,-39.192168662,33.017523624));
#10274=DIRECTION('',(0.,0.,-1.));
#10275=VECTOR('',#10274,0.5);
#10276=LINE('',#10273,#10275);
#10277=EDGE_CURVE('NONE',#10266,#10240,#10276,.T.);
#10278=ORIENTED_EDGE('',*,*,#10277,.T.);
#10279=EDGE_LOOP('',(#10263,#10264,#10272,#10278));
#10280=FACE_BOUND('',#10279,.T.);
#10281=ADVANCED_FACE('NONE',(#10280),#10262,.T.);
#10282=OVER_RIDING_STYLED_ITEM('',(#4815),#10281,#4734);
#10283=CARTESIAN_POINT('',(25.490821506,-39.942168662,33.017523624));
#10284=DIRECTION('',(-0.,-0.,1.));
#10285=DIRECTION('',(-0.,1.,0.));
#10286=AXIS2_PLACEMENT_3D('',#10283,#10284,#10285);
#10287=PLANE('',#10286);
#10288=CARTESIAN_POINT('',(25.490821506,-39.192168662,33.017523624));
#10289=VERTEX_POINT('',#10288);
#10290=CARTESIAN_POINT('',(25.490821506,-39.942168662,33.017523624));
#10291=DIRECTION('',(-0.,1.,0.));
#10292=VECTOR('',#10291,0.75);
#10293=LINE('',#10290,#10292);
#10294=EDGE_CURVE('NONE',#9860,#10289,#10293,.T.);
#10295=ORIENTED_EDGE('',*,*,#10294,.T.);
#10296=CARTESIAN_POINT('',(25.490821506,-39.192168662,33.017523624));
#10297=DIRECTION('',(-1.,0.,-0.));
#10298=VECTOR('',#10297,0.5);
#10299=LINE('',#10296,#10298);
#10300=EDGE_CURVE('NONE',#10289,#10266,#10299,.T.);
#10301=ORIENTED_EDGE('',*,*,#10300,.T.);
#10302=ORIENTED_EDGE('',*,*,#10271,.F.);
#10303=ORIENTED_EDGE('',*,*,#9873,.F.);
#10304=EDGE_LOOP('',(#10295,#10301,#10302,#10303));
#10305=FACE_BOUND('',#10304,.T.);
#10306=ADVANCED_FACE('NONE',(#10305),#10287,.T.);
#10307=OVER_RIDING_STYLED_ITEM('',(#4815),#10306,#4734);
#10308=CARTESIAN_POINT('',(25.490821506,-39.942168662,33.517523624));
#10309=DIRECTION('',(-1.,0.,-0.));
#10310=DIRECTION('',(-0.,1.,0.));
#10311=AXIS2_PLACEMENT_3D('',#10308,#10309,#10310);
#10312=PLANE('',#10311);
#10313=ORIENTED_EDGE('',*,*,#9865,.F.);
#10314=CARTESIAN_POINT('',(25.490821506,-39.192168662,33.517523624));
#10315=VERTEX_POINT('',#10314);
#10316=CARTESIAN_POINT('',(25.490821506,-39.942168662,33.517523624));
#10317=DIRECTION('',(-0.,1.,0.));
#10318=VECTOR('',#10317,0.75);
#10319=LINE('',#10316,#10318);
#10320=EDGE_CURVE('NONE',#9852,#10315,#10319,.T.);
#10321=ORIENTED_EDGE('',*,*,#10320,.T.);
#10322=CARTESIAN_POINT('',(25.490821506,-39.192168662,33.517523624));
#10323=DIRECTION('',(0.,0.,-1.));
#10324=VECTOR('',#10323,0.5);
#10325=LINE('',#10322,#10324);
#10326=EDGE_CURVE('NONE',#10315,#10289,#10325,.T.);
#10327=ORIENTED_EDGE('',*,*,#10326,.T.);
#10328=ORIENTED_EDGE('',*,*,#10294,.F.);
#10329=EDGE_LOOP('',(#10313,#10321,#10327,#10328));
#10330=FACE_BOUND('',#10329,.T.);
#10331=ADVANCED_FACE('NONE',(#10330),#10312,.T.);
#10332=OVER_RIDING_STYLED_ITEM('',(#4815),#10331,#4734);
#10333=CARTESIAN_POINT('',(23.990821506,-39.942168662,33.517523624));
#10334=DIRECTION('',(0.,0.,-1.));
#10335=DIRECTION('',(0.,-1.,-0.));
#10336=AXIS2_PLACEMENT_3D('',#10333,#10334,#10335);
#10337=PLANE('',#10336);
#10338=ORIENTED_EDGE('',*,*,#10320,.F.);
#10339=ORIENTED_EDGE('',*,*,#9857,.F.);
#10340=CARTESIAN_POINT('',(24.990821506,-39.192168662,33.517523624));
#10341=VERTEX_POINT('',#10340);
#10342=CARTESIAN_POINT('',(24.990821506,-39.942168662,33.517523624));
#10343=DIRECTION('',(-0.,1.,0.));
#10344=VECTOR('',#10343,0.75);
#10345=LINE('',#10342,#10344);
#10346=EDGE_CURVE('NONE',#9844,#10341,#10345,.T.);
#10347=ORIENTED_EDGE('',*,*,#10346,.T.);
#10348=CARTESIAN_POINT('',(24.990821506,-39.192168662,33.517523624));
#10349=DIRECTION('',(1.,-0.,0.));
#10350=VECTOR('',#10349,0.5);
#10351=LINE('',#10348,#10350);
#10352=EDGE_CURVE('NONE',#10341,#10315,#10351,.T.);
#10353=ORIENTED_EDGE('',*,*,#10352,.T.);
#10354=EDGE_LOOP('',(#10338,#10339,#10347,#10353));
#10355=FACE_BOUND('',#10354,.T.);
#10356=ADVANCED_FACE('NONE',(#10355),#10337,.T.);
#10357=OVER_RIDING_STYLED_ITEM('',(#4815),#10356,#4734);
#10358=CARTESIAN_POINT('',(24.990821506,-39.942168662,34.017523624));
#10359=DIRECTION('',(-1.,0.,-0.));
#10360=DIRECTION('',(-0.,1.,0.));
#10361=AXIS2_PLACEMENT_3D('',#10358,#10359,#10360);
#10362=PLANE('',#10361);
#10363=CARTESIAN_POINT('',(24.990821506,-39.192168662,34.017523624));
#10364=VERTEX_POINT('',#10363);
#10365=CARTESIAN_POINT('',(24.990821506,-39.942168662,34.017523624));
#10366=DIRECTION('',(-0.,1.,0.));
#10367=VECTOR('',#10366,0.75);
#10368=LINE('',#10365,#10367);
#10369=EDGE_CURVE('NONE',#9836,#10364,#10368,.T.);
#10370=ORIENTED_EDGE('',*,*,#10369,.T.);
#10371=CARTESIAN_POINT('',(24.990821506,-39.192168662,34.017523624));
#10372=DIRECTION('',(0.,0.,-1.));
#10373=VECTOR('',#10372,0.5);
#10374=LINE('',#10371,#10373);
#10375=EDGE_CURVE('NONE',#10364,#10341,#10374,.T.);
#10376=ORIENTED_EDGE('',*,*,#10375,.T.);
#10377=ORIENTED_EDGE('',*,*,#10346,.F.);
#10378=ORIENTED_EDGE('',*,*,#9849,.F.);
#10379=EDGE_LOOP('',(#10370,#10376,#10377,#10378));
#10380=FACE_BOUND('',#10379,.T.);
#10381=ADVANCED_FACE('NONE',(#10380),#10362,.T.);
#10382=OVER_RIDING_STYLED_ITEM('',(#4815),#10381,#4734);
#10383=CARTESIAN_POINT('',(24.490821506,-39.942168662,34.017523624));
#10384=DIRECTION('',(0.,0.,-1.));
#10385=DIRECTION('',(0.,-1.,-0.));
#10386=AXIS2_PLACEMENT_3D('',#10383,#10384,#10385);
#10387=PLANE('',#10386);
#10388=ORIENTED_EDGE('',*,*,#9841,.F.);
#10389=CARTESIAN_POINT('',(24.490821506,-39.192168662,34.017523624));
#10390=VERTEX_POINT('',#10389);
#10391=CARTESIAN_POINT('',(24.490821506,-39.942168662,34.017523624));
#10392=DIRECTION('',(-0.,1.,0.));
#10393=VECTOR('',#10392,0.75);
#10394=LINE('',#10391,#10393);
#10395=EDGE_CURVE('NONE',#9828,#10390,#10394,.T.);
#10396=ORIENTED_EDGE('',*,*,#10395,.T.);
#10397=CARTESIAN_POINT('',(24.490821506,-39.192168662,34.017523624));
#10398=DIRECTION('',(1.,-0.,0.));
#10399=VECTOR('',#10398,0.5);
#10400=LINE('',#10397,#10399);
#10401=EDGE_CURVE('NONE',#10390,#10364,#10400,.T.);
#10402=ORIENTED_EDGE('',*,*,#10401,.T.);
#10403=ORIENTED_EDGE('',*,*,#10369,.F.);
#10404=EDGE_LOOP('',(#10388,#10396,#10402,#10403));
#10405=FACE_BOUND('',#10404,.T.);
#10406=ADVANCED_FACE('NONE',(#10405),#10387,.T.);
#10407=OVER_RIDING_STYLED_ITEM('',(#4815),#10406,#4734);
#10408=CARTESIAN_POINT('',(24.490821506,-39.942168662,32.517523624));
#10409=DIRECTION('',(1.,0.,0.));
#10410=DIRECTION('',(0.,-1.,-0.));
#10411=AXIS2_PLACEMENT_3D('',#10408,#10409,#10410);
#10412=PLANE('',#10411);
#10413=ORIENTED_EDGE('',*,*,#10395,.F.);
#10414=ORIENTED_EDGE('',*,*,#9833,.F.);
#10415=CARTESIAN_POINT('',(24.490821506,-39.192168662,33.517523624));
#10416=VERTEX_POINT('',#10415);
#10417=CARTESIAN_POINT('',(24.490821506,-39.942168662,33.517523624));
#10418=DIRECTION('',(-0.,1.,0.));
#10419=VECTOR('',#10418,0.75);
#10420=LINE('',#10417,#10419);
#10421=EDGE_CURVE('NONE',#9820,#10416,#10420,.T.);
#10422=ORIENTED_EDGE('',*,*,#10421,.T.);
#10423=CARTESIAN_POINT('',(24.490821506,-39.192168662,33.517523624));
#10424=DIRECTION('',(-0.,-0.,1.));
#10425=VECTOR('',#10424,0.5);
#10426=LINE('',#10423,#10425);
#10427=EDGE_CURVE('NONE',#10416,#10390,#10426,.T.);
#10428=ORIENTED_EDGE('',*,*,#10427,.T.);
#10429=EDGE_LOOP('',(#10413,#10414,#10422,#10428));
#10430=FACE_BOUND('',#10429,.T.);
#10431=ADVANCED_FACE('NONE',(#10430),#10412,.T.);
#10432=OVER_RIDING_STYLED_ITEM('',(#4815),#10431,#4734);
#10433=CARTESIAN_POINT('',(23.990821506,-39.942168662,33.517523624));
#10434=DIRECTION('',(0.,0.,-1.));
#10435=DIRECTION('',(0.,-1.,-0.));
#10436=AXIS2_PLACEMENT_3D('',#10433,#10434,#10435);
#10437=PLANE('',#10436);
#10438=CARTESIAN_POINT('',(23.990821506,-39.192168662,33.517523624));
#10439=VERTEX_POINT('',#10438);
#10440=CARTESIAN_POINT('',(23.990821506,-39.942168662,33.517523624));
#10441=DIRECTION('',(-0.,1.,0.));
#10442=VECTOR('',#10441,0.75);
#10443=LINE('',#10440,#10442);
#10444=EDGE_CURVE('NONE',#9812,#10439,#10443,.T.);
#10445=ORIENTED_EDGE('',*,*,#10444,.T.);
#10446=CARTESIAN_POINT('',(23.990821506,-39.192168662,33.517523624));
#10447=DIRECTION('',(1.,-0.,0.));
#10448=VECTOR('',#10447,0.5);
#10449=LINE('',#10446,#10448);
#10450=EDGE_CURVE('NONE',#10439,#10416,#10449,.T.);
#10451=ORIENTED_EDGE('',*,*,#10450,.T.);
#10452=ORIENTED_EDGE('',*,*,#10421,.F.);
#10453=ORIENTED_EDGE('',*,*,#9825,.F.);
#10454=EDGE_LOOP('',(#10445,#10451,#10452,#10453));
#10455=FACE_BOUND('',#10454,.T.);
#10456=ADVANCED_FACE('NONE',(#10455),#10437,.T.);
#10457=OVER_RIDING_STYLED_ITEM('',(#4815),#10456,#4734);
#10458=CARTESIAN_POINT('',(23.990821506,-39.942168662,33.017523624));
#10459=DIRECTION('',(1.,0.,0.));
#10460=DIRECTION('',(0.,-1.,-0.));
#10461=AXIS2_PLACEMENT_3D('',#10458,#10459,#10460);
#10462=PLANE('',#10461);
#10463=ORIENTED_EDGE('',*,*,#9817,.F.);
#10464=ORIENTED_EDGE('',*,*,#10187,.F.);
#10465=CARTESIAN_POINT('',(23.990821506,-39.192168662,33.017523624));
#10466=DIRECTION('',(-0.,-0.,1.));
#10467=VECTOR('',#10466,0.5);
#10468=LINE('',#10465,#10467);
#10469=EDGE_CURVE('NONE',#10182,#10439,#10468,.T.);
#10470=ORIENTED_EDGE('',*,*,#10469,.T.);
#10471=ORIENTED_EDGE('',*,*,#10444,.F.);
#10472=EDGE_LOOP('',(#10463,#10464,#10470,#10471));
#10473=FACE_BOUND('',#10472,.T.);
#10474=ADVANCED_FACE('NONE',(#10473),#10462,.T.);
#10475=OVER_RIDING_STYLED_ITEM('',(#4815),#10474,#4734);
#10476=CARTESIAN_POINT('',(59.490821506,-39.942168662,33.017523624));
#10477=DIRECTION('',(1.,0.,0.));
#10478=DIRECTION('',(0.,-1.,-0.));
#10479=AXIS2_PLACEMENT_3D('',#10476,#10477,#10478);
#10480=PLANE('',#10479);
#10481=CARTESIAN_POINT('',(59.490821506,-39.192168662,33.017523624));
#10482=VERTEX_POINT('',#10481);
#10483=CARTESIAN_POINT('',(59.490821506,-39.942168662,33.017523624));
#10484=DIRECTION('',(-0.,1.,0.));
#10485=VECTOR('',#10484,0.75);
#10486=LINE('',#10483,#10485);
#10487=EDGE_CURVE('NONE',#9977,#10482,#10486,.T.);
#10488=ORIENTED_EDGE('',*,*,#10487,.F.);
#10489=ORIENTED_EDGE('',*,*,#10068,.T.);
#10490=CARTESIAN_POINT('',(59.490821506,-39.192168662,33.517523624));
#10491=VERTEX_POINT('',#10490);
#10492=CARTESIAN_POINT('',(59.490821506,-39.192168662,33.517523624));
#10493=DIRECTION('',(0.,-1.,-0.));
#10494=VECTOR('',#10493,0.75);
#10495=LINE('',#10492,#10494);
#10496=EDGE_CURVE('NONE',#10491,#10057,#10495,.T.);
#10497=ORIENTED_EDGE('',*,*,#10496,.F.);
#10498=CARTESIAN_POINT('',(59.490821506,-39.192168662,33.017523624));
#10499=DIRECTION('',(-0.,-0.,1.));
#10500=VECTOR('',#10499,0.5);
#10501=LINE('',#10498,#10500);
#10502=EDGE_CURVE('NONE',#10482,#10491,#10501,.T.);
#10503=ORIENTED_EDGE('',*,*,#10502,.F.);
#10504=EDGE_LOOP('',(#10488,#10489,#10497,#10503));
#10505=FACE_BOUND('',#10504,.T.);
#10506=ADVANCED_FACE('NONE',(#10505),#10480,.F.);
#10507=OVER_RIDING_STYLED_ITEM('',(#4815),#10506,#4734);
#10508=CARTESIAN_POINT('',(57.990821506,-39.942168662,33.017523624));
#10509=DIRECTION('',(0.,0.,-1.));
#10510=DIRECTION('',(0.,-1.,-0.));
#10511=AXIS2_PLACEMENT_3D('',#10508,#10509,#10510);
#10512=PLANE('',#10511);
#10513=ORIENTED_EDGE('',*,*,#9982,.T.);
#10514=ORIENTED_EDGE('',*,*,#10487,.T.);
#10515=CARTESIAN_POINT('',(58.990821506,-39.192168662,33.017523624));
#10516=VERTEX_POINT('',#10515);
#10517=CARTESIAN_POINT('',(58.990821506,-39.192168662,33.017523624));
#10518=DIRECTION('',(1.,-0.,0.));
#10519=VECTOR('',#10518,0.5);
#10520=LINE('',#10517,#10519);
#10521=EDGE_CURVE('NONE',#10516,#10482,#10520,.T.);
#10522=ORIENTED_EDGE('',*,*,#10521,.F.);
#10523=CARTESIAN_POINT('',(58.990821506,-39.942168662,33.017523624));
#10524=DIRECTION('',(-0.,1.,0.));
#10525=VECTOR('',#10524,0.75);
#10526=LINE('',#10523,#10525);
#10527=EDGE_CURVE('NONE',#9975,#10516,#10526,.T.);
#10528=ORIENTED_EDGE('',*,*,#10527,.F.);
#10529=EDGE_LOOP('',(#10513,#10514,#10522,#10528));
#10530=FACE_BOUND('',#10529,.T.);
#10531=ADVANCED_FACE('NONE',(#10530),#10512,.F.);
#10532=OVER_RIDING_STYLED_ITEM('',(#4815),#10531,#4734);
#10533=CARTESIAN_POINT('',(58.990821506,-39.942168662,32.517523624));
#10534=DIRECTION('',(1.,0.,0.));
#10535=DIRECTION('',(0.,-1.,-0.));
#10536=AXIS2_PLACEMENT_3D('',#10533,#10534,#10535);
#10537=PLANE('',#10536);
#10538=CARTESIAN_POINT('',(58.990821506,-39.192168662,32.517523624));
#10539=VERTEX_POINT('',#10538);
#10540=CARTESIAN_POINT('',(58.990821506,-39.192168662,32.517523624));
#10541=DIRECTION('',(-0.,-0.,1.));
#10542=VECTOR('',#10541,0.5);
#10543=LINE('',#10540,#10542);
#10544=EDGE_CURVE('NONE',#10539,#10516,#10543,.T.);
#10545=ORIENTED_EDGE('',*,*,#10544,.F.);
#10546=CARTESIAN_POINT('',(58.990821506,-39.942168662,32.517523624));
#10547=DIRECTION('',(-0.,1.,0.));
#10548=VECTOR('',#10547,0.75);
#10549=LINE('',#10546,#10548);
#10550=EDGE_CURVE('NONE',#9985,#10539,#10549,.T.);
#10551=ORIENTED_EDGE('',*,*,#10550,.F.);
#10552=ORIENTED_EDGE('',*,*,#9990,.T.);
#10553=ORIENTED_EDGE('',*,*,#10527,.T.);
#10554=EDGE_LOOP('',(#10545,#10551,#10552,#10553));
#10555=FACE_BOUND('',#10554,.T.);
#10556=ADVANCED_FACE('NONE',(#10555),#10537,.F.);
#10557=OVER_RIDING_STYLED_ITEM('',(#4815),#10556,#4734);
#10558=CARTESIAN_POINT('',(58.490821506,-39.942168662,32.517523624));
#10559=DIRECTION('',(0.,0.,-1.));
#10560=DIRECTION('',(0.,-1.,-0.));
#10561=AXIS2_PLACEMENT_3D('',#10558,#10559,#10560);
#10562=PLANE('',#10561);
#10563=CARTESIAN_POINT('',(58.490821506,-39.192168662,32.517523624));
#10564=VERTEX_POINT('',#10563);
#10565=CARTESIAN_POINT('',(58.490821506,-39.942168662,32.517523624));
#10566=DIRECTION('',(-0.,1.,0.));
#10567=VECTOR('',#10566,0.75);
#10568=LINE('',#10565,#10567);
#10569=EDGE_CURVE('NONE',#9993,#10564,#10568,.T.);
#10570=ORIENTED_EDGE('',*,*,#10569,.F.);
#10571=ORIENTED_EDGE('',*,*,#9998,.T.);
#10572=ORIENTED_EDGE('',*,*,#10550,.T.);
#10573=CARTESIAN_POINT('',(58.490821506,-39.192168662,32.517523624));
#10574=DIRECTION('',(1.,-0.,0.));
#10575=VECTOR('',#10574,0.5);
#10576=LINE('',#10573,#10575);
#10577=EDGE_CURVE('NONE',#10564,#10539,#10576,.T.);
#10578=ORIENTED_EDGE('',*,*,#10577,.F.);
#10579=EDGE_LOOP('',(#10570,#10571,#10572,#10578));
#10580=FACE_BOUND('',#10579,.T.);
#10581=ADVANCED_FACE('NONE',(#10580),#10562,.F.);
#10582=OVER_RIDING_STYLED_ITEM('',(#4815),#10581,#4734);
#10583=CARTESIAN_POINT('',(58.490821506,-39.942168662,34.017523624));
#10584=DIRECTION('',(-1.,0.,-0.));
#10585=DIRECTION('',(-0.,1.,0.));
#10586=AXIS2_PLACEMENT_3D('',#10583,#10584,#10585);
#10587=PLANE('',#10586);
#10588=ORIENTED_EDGE('',*,*,#10006,.T.);
#10589=ORIENTED_EDGE('',*,*,#10569,.T.);
#10590=CARTESIAN_POINT('',(58.490821506,-39.192168662,33.017523624));
#10591=VERTEX_POINT('',#10590);
#10592=CARTESIAN_POINT('',(58.490821506,-39.192168662,33.017523624));
#10593=DIRECTION('',(0.,0.,-1.));
#10594=VECTOR('',#10593,0.5);
#10595=LINE('',#10592,#10594);
#10596=EDGE_CURVE('NONE',#10591,#10564,#10595,.T.);
#10597=ORIENTED_EDGE('',*,*,#10596,.F.);
#10598=CARTESIAN_POINT('',(58.490821506,-39.942168662,33.017523624));
#10599=DIRECTION('',(-0.,1.,0.));
#10600=VECTOR('',#10599,0.75);
#10601=LINE('',#10598,#10600);
#10602=EDGE_CURVE('NONE',#10001,#10591,#10601,.T.);
#10603=ORIENTED_EDGE('',*,*,#10602,.F.);
#10604=EDGE_LOOP('',(#10588,#10589,#10597,#10603));
#10605=FACE_BOUND('',#10604,.T.);
#10606=ADVANCED_FACE('NONE',(#10605),#10587,.F.);
#10607=OVER_RIDING_STYLED_ITEM('',(#4815),#10606,#4734);
#10608=CARTESIAN_POINT('',(57.990821506,-39.942168662,33.017523624));
#10609=DIRECTION('',(0.,0.,-1.));
#10610=DIRECTION('',(0.,-1.,-0.));
#10611=AXIS2_PLACEMENT_3D('',#10608,#10609,#10610);
#10612=PLANE('',#10611);
#10613=CARTESIAN_POINT('',(57.990821506,-39.192168662,33.017523624));
#10614=VERTEX_POINT('',#10613);
#10615=CARTESIAN_POINT('',(57.990821506,-39.192168662,33.017523624));
#10616=DIRECTION('',(1.,-0.,0.));
#10617=VECTOR('',#10616,0.5);
#10618=LINE('',#10615,#10617);
#10619=EDGE_CURVE('NONE',#10614,#10591,#10618,.T.);
#10620=ORIENTED_EDGE('',*,*,#10619,.F.);
#10621=CARTESIAN_POINT('',(57.990821506,-39.942168662,33.017523624));
#10622=DIRECTION('',(-0.,1.,0.));
#10623=VECTOR('',#10622,0.75);
#10624=LINE('',#10621,#10623);
#10625=EDGE_CURVE('NONE',#10009,#10614,#10624,.T.);
#10626=ORIENTED_EDGE('',*,*,#10625,.F.);
#10627=ORIENTED_EDGE('',*,*,#10014,.T.);
#10628=ORIENTED_EDGE('',*,*,#10602,.T.);
#10629=EDGE_LOOP('',(#10620,#10626,#10627,#10628));
#10630=FACE_BOUND('',#10629,.T.);
#10631=ADVANCED_FACE('NONE',(#10630),#10612,.F.);
#10632=OVER_RIDING_STYLED_ITEM('',(#4815),#10631,#4734);
#10633=CARTESIAN_POINT('',(57.990821506,-39.942168662,33.517523624));
#10634=DIRECTION('',(-1.,0.,-0.));
#10635=DIRECTION('',(-0.,1.,0.));
#10636=AXIS2_PLACEMENT_3D('',#10633,#10634,#10635);
#10637=PLANE('',#10636);
#10638=CARTESIAN_POINT('',(57.990821506,-39.192168662,33.517523624));
#10639=VERTEX_POINT('',#10638);
#10640=CARTESIAN_POINT('',(57.990821506,-39.942168662,33.517523624));
#10641=DIRECTION('',(-0.,1.,0.));
#10642=VECTOR('',#10641,0.75);
#10643=LINE('',#10640,#10642);
#10644=EDGE_CURVE('NONE',#10017,#10639,#10643,.T.);
#10645=ORIENTED_EDGE('',*,*,#10644,.F.);
#10646=ORIENTED_EDGE('',*,*,#10022,.T.);
#10647=ORIENTED_EDGE('',*,*,#10625,.T.);
#10648=CARTESIAN_POINT('',(57.990821506,-39.192168662,33.517523624));
#10649=DIRECTION('',(0.,0.,-1.));
#10650=VECTOR('',#10649,0.5);
#10651=LINE('',#10648,#10650);
#10652=EDGE_CURVE('NONE',#10639,#10614,#10651,.T.);
#10653=ORIENTED_EDGE('',*,*,#10652,.F.);
#10654=EDGE_LOOP('',(#10645,#10646,#10647,#10653));
#10655=FACE_BOUND('',#10654,.T.);
#10656=ADVANCED_FACE('NONE',(#10655),#10637,.F.);
#10657=OVER_RIDING_STYLED_ITEM('',(#4815),#10656,#4734);
#10658=CARTESIAN_POINT('',(59.490821506,-39.942168662,33.517523624));
#10659=DIRECTION('',(-0.,-0.,1.));
#10660=DIRECTION('',(-0.,1.,0.));
#10661=AXIS2_PLACEMENT_3D('',#10658,#10659,#10660);
#10662=PLANE('',#10661);
#10663=ORIENTED_EDGE('',*,*,#10030,.T.);
#10664=ORIENTED_EDGE('',*,*,#10644,.T.);
#10665=CARTESIAN_POINT('',(58.490821506,-39.192168662,33.517523624));
#10666=VERTEX_POINT('',#10665);
#10667=CARTESIAN_POINT('',(58.490821506,-39.192168662,33.517523624));
#10668=DIRECTION('',(-1.,0.,-0.));
#10669=VECTOR('',#10668,0.5);
#10670=LINE('',#10667,#10669);
#10671=EDGE_CURVE('NONE',#10666,#10639,#10670,.T.);
#10672=ORIENTED_EDGE('',*,*,#10671,.F.);
#10673=CARTESIAN_POINT('',(58.490821506,-39.942168662,33.517523624));
#10674=DIRECTION('',(-0.,1.,0.));
#10675=VECTOR('',#10674,0.75);
#10676=LINE('',#10673,#10675);
#10677=EDGE_CURVE('NONE',#10025,#10666,#10676,.T.);
#10678=ORIENTED_EDGE('',*,*,#10677,.F.);
#10679=EDGE_LOOP('',(#10663,#10664,#10672,#10678));
#10680=FACE_BOUND('',#10679,.T.);
#10681=ADVANCED_FACE('NONE',(#10680),#10662,.F.);
#10682=OVER_RIDING_STYLED_ITEM('',(#4815),#10681,#4734);
#10683=CARTESIAN_POINT('',(58.490821506,-39.942168662,34.017523624));
#10684=DIRECTION('',(-1.,0.,-0.));
#10685=DIRECTION('',(-0.,1.,0.));
#10686=AXIS2_PLACEMENT_3D('',#10683,#10684,#10685);
#10687=PLANE('',#10686);
#10688=CARTESIAN_POINT('',(58.490821506,-39.192168662,34.017523624));
#10689=VERTEX_POINT('',#10688);
#10690=CARTESIAN_POINT('',(58.490821506,-39.192168662,34.017523624));
#10691=DIRECTION('',(0.,0.,-1.));
#10692=VECTOR('',#10691,0.5);
#10693=LINE('',#10690,#10692);
#10694=EDGE_CURVE('NONE',#10689,#10666,#10693,.T.);
#10695=ORIENTED_EDGE('',*,*,#10694,.F.);
#10696=CARTESIAN_POINT('',(58.490821506,-39.942168662,34.017523624));
#10697=DIRECTION('',(-0.,1.,0.));
#10698=VECTOR('',#10697,0.75);
#10699=LINE('',#10696,#10698);
#10700=EDGE_CURVE('NONE',#10033,#10689,#10699,.T.);
#10701=ORIENTED_EDGE('',*,*,#10700,.F.);
#10702=ORIENTED_EDGE('',*,*,#10038,.T.);
#10703=ORIENTED_EDGE('',*,*,#10677,.T.);
#10704=EDGE_LOOP('',(#10695,#10701,#10702,#10703));
#10705=FACE_BOUND('',#10704,.T.);
#10706=ADVANCED_FACE('NONE',(#10705),#10687,.F.);
#10707=OVER_RIDING_STYLED_ITEM('',(#4815),#10706,#4734);
#10708=CARTESIAN_POINT('',(58.990821506,-39.942168662,34.017523624));
#10709=DIRECTION('',(-0.,-0.,1.));
#10710=DIRECTION('',(-0.,1.,0.));
#10711=AXIS2_PLACEMENT_3D('',#10708,#10709,#10710);
#10712=PLANE('',#10711);
#10713=CARTESIAN_POINT('',(58.990821506,-39.192168662,34.017523624));
#10714=VERTEX_POINT('',#10713);
#10715=CARTESIAN_POINT('',(58.990821506,-39.942168662,34.017523624));
#10716=DIRECTION('',(-0.,1.,0.));
#10717=VECTOR('',#10716,0.75);
#10718=LINE('',#10715,#10717);
#10719=EDGE_CURVE('NONE',#10041,#10714,#10718,.T.);
#10720=ORIENTED_EDGE('',*,*,#10719,.F.);
#10721=ORIENTED_EDGE('',*,*,#10046,.T.);
#10722=ORIENTED_EDGE('',*,*,#10700,.T.);
#10723=CARTESIAN_POINT('',(58.990821506,-39.192168662,34.017523624));
#10724=DIRECTION('',(-1.,0.,-0.));
#10725=VECTOR('',#10724,0.5);
#10726=LINE('',#10723,#10725);
#10727=EDGE_CURVE('NONE',#10714,#10689,#10726,.T.);
#10728=ORIENTED_EDGE('',*,*,#10727,.F.);
#10729=EDGE_LOOP('',(#10720,#10721,#10722,#10728));
#10730=FACE_BOUND('',#10729,.T.);
#10731=ADVANCED_FACE('NONE',(#10730),#10712,.F.);
#10732=OVER_RIDING_STYLED_ITEM('',(#4815),#10731,#4734);
#10733=CARTESIAN_POINT('',(58.990821506,-39.942168662,32.517523624));
#10734=DIRECTION('',(1.,0.,0.));
#10735=DIRECTION('',(0.,-1.,-0.));
#10736=AXIS2_PLACEMENT_3D('',#10733,#10734,#10735);
#10737=PLANE('',#10736);
#10738=ORIENTED_EDGE('',*,*,#10054,.T.);
#10739=ORIENTED_EDGE('',*,*,#10719,.T.);
#10740=CARTESIAN_POINT('',(58.990821506,-39.192168662,33.517523624));
#10741=VERTEX_POINT('',#10740);
#10742=CARTESIAN_POINT('',(58.990821506,-39.192168662,33.517523624));
#10743=DIRECTION('',(-0.,-0.,1.));
#10744=VECTOR('',#10743,0.5);
#10745=LINE('',#10742,#10744);
#10746=EDGE_CURVE('NONE',#10741,#10714,#10745,.T.);
#10747=ORIENTED_EDGE('',*,*,#10746,.F.);
#10748=CARTESIAN_POINT('',(58.990821506,-39.942168662,33.517523624));
#10749=DIRECTION('',(-0.,1.,0.));
#10750=VECTOR('',#10749,0.75);
#10751=LINE('',#10748,#10750);
#10752=EDGE_CURVE('NONE',#10049,#10741,#10751,.T.);
#10753=ORIENTED_EDGE('',*,*,#10752,.F.);
#10754=EDGE_LOOP('',(#10738,#10739,#10747,#10753));
#10755=FACE_BOUND('',#10754,.T.);
#10756=ADVANCED_FACE('NONE',(#10755),#10737,.F.);
#10757=OVER_RIDING_STYLED_ITEM('',(#4815),#10756,#4734);
#10758=CARTESIAN_POINT('',(59.490821506,-39.942168662,33.517523624));
#10759=DIRECTION('',(-0.,-0.,1.));
#10760=DIRECTION('',(-0.,1.,0.));
#10761=AXIS2_PLACEMENT_3D('',#10758,#10759,#10760);
#10762=PLANE('',#10761);
#10763=CARTESIAN_POINT('',(59.490821506,-39.192168662,33.517523624));
#10764=DIRECTION('',(-1.,0.,-0.));
#10765=VECTOR('',#10764,0.5);
#10766=LINE('',#10763,#10765);
#10767=EDGE_CURVE('NONE',#10491,#10741,#10766,.T.);
#10768=ORIENTED_EDGE('',*,*,#10767,.F.);
#10769=ORIENTED_EDGE('',*,*,#10496,.T.);
#10770=ORIENTED_EDGE('',*,*,#10062,.T.);
#10771=ORIENTED_EDGE('',*,*,#10752,.T.);
#10772=EDGE_LOOP('',(#10768,#10769,#10770,#10771));
#10773=FACE_BOUND('',#10772,.T.);
#10774=ADVANCED_FACE('NONE',(#10773),#10762,.F.);
#10775=OVER_RIDING_STYLED_ITEM('',(#4815),#10774,#4734);
#10776=CARTESIAN_POINT('',(25.553321506,-1.492168662,26.357523624));
#10777=DIRECTION('',(-0.,1.,0.));
#10778=DIRECTION('',(1.,-0.,0.));
#10779=AXIS2_PLACEMENT_3D('',#10776,#10777,#10778);
#10780=PLANE('',#10779);
#10781=ORIENTED_EDGE('',*,*,#5451,.T.);
#10782=CARTESIAN_POINT('',(31.515821506,-1.492168662,26.357523624));
#10783=DIRECTION('',(-0.,-1.,-0.));
#10784=DIRECTION('',(-1.,0.,-0.));
#10785=AXIS2_PLACEMENT_3D('',#10782,#10783,#10784);
#10786=CIRCLE('',#10785,5.);
#10787=EDGE_CURVE('NONE',#5437,#5445,#10786,.T.);
#10788=ORIENTED_EDGE('',*,*,#10787,.T.);
#10789=EDGE_LOOP('',(#10781,#10788));
#10790=FACE_BOUND('',#10789,.T.);
#10791=ORIENTED_EDGE('',*,*,#5392,.F.);
#10792=ORIENTED_EDGE('',*,*,#10169,.F.);
#10793=EDGE_LOOP('',(#10791,#10792));
#10794=FACE_BOUND('',#10793,.T.);
#10795=ADVANCED_FACE('NONE',(#10790,#10794),#10780,.T.);
#10796=CARTESIAN_POINT('',(24.740821506,-39.192168662,33.267523624));
#10797=DIRECTION('',(-0.,1.,0.));
#10798=DIRECTION('',(1.,-0.,0.));
#10799=AXIS2_PLACEMENT_3D('',#10796,#10797,#10798);
#10800=PLANE('',#10799);
#10801=ORIENTED_EDGE('',*,*,#10469,.F.);
#10802=ORIENTED_EDGE('',*,*,#10202,.F.);
#10803=ORIENTED_EDGE('',*,*,#10225,.F.);
#10804=ORIENTED_EDGE('',*,*,#10251,.F.);
#10805=ORIENTED_EDGE('',*,*,#10277,.F.);
#10806=ORIENTED_EDGE('',*,*,#10300,.F.);
#10807=ORIENTED_EDGE('',*,*,#10326,.F.);
#10808=ORIENTED_EDGE('',*,*,#10352,.F.);
#10809=ORIENTED_EDGE('',*,*,#10375,.F.);
#10810=ORIENTED_EDGE('',*,*,#10401,.F.);
#10811=ORIENTED_EDGE('',*,*,#10427,.F.);
#10812=ORIENTED_EDGE('',*,*,#10450,.F.);
#10813=EDGE_LOOP('',(#10801,#10802,#10803,#10804,#10805,#10806,#10807,#10808,#10809,#10810,#10811,#10812));
#10814=FACE_BOUND('',#10813,.T.);
#10815=ADVANCED_FACE('NONE',(#10814),#10800,.F.);
#10816=OVER_RIDING_STYLED_ITEM('',(#4815),#10815,#4734);
#10817=CARTESIAN_POINT('',(58.740821506,-39.192168662,33.267523624));
#10818=DIRECTION('',(0.,-1.,-0.));
#10819=DIRECTION('',(-1.,0.,-0.));
#10820=AXIS2_PLACEMENT_3D('',#10817,#10818,#10819);
#10821=PLANE('',#10820);
#10822=ORIENTED_EDGE('',*,*,#10521,.T.);
#10823=ORIENTED_EDGE('',*,*,#10502,.T.);
#10824=ORIENTED_EDGE('',*,*,#10767,.T.);
#10825=ORIENTED_EDGE('',*,*,#10746,.T.);
#10826=ORIENTED_EDGE('',*,*,#10727,.T.);
#10827=ORIENTED_EDGE('',*,*,#10694,.T.);
#10828=ORIENTED_EDGE('',*,*,#10671,.T.);
#10829=ORIENTED_EDGE('',*,*,#10652,.T.);
#10830=ORIENTED_EDGE('',*,*,#10619,.T.);
#10831=ORIENTED_EDGE('',*,*,#10596,.T.);
#10832=ORIENTED_EDGE('',*,*,#10577,.T.);
#10833=ORIENTED_EDGE('',*,*,#10544,.T.);
#10834=EDGE_LOOP('',(#10822,#10823,#10824,#10825,#10826,#10827,#10828,#10829,#10830,#10831,#10832,#10833));
#10835=FACE_BOUND('',#10834,.T.);
#10836=ADVANCED_FACE('NONE',(#10835),#10821,.T.);
#10837=OVER_RIDING_STYLED_ITEM('',(#4815),#10836,#4734);
#10838=CARTESIAN_POINT('',(31.515821506,-1.432168662,26.357523624));
#10839=DIRECTION('',(-0.,-1.,-0.));
#10840=DIRECTION('',(-1.,0.,-0.));
#10841=AXIS2_PLACEMENT_3D('',#10838,#10839,#10840);
#10842=CYLINDRICAL_SURFACE('',#10841,5.);
#10843=ORIENTED_EDGE('',*,*,#5442,.F.);
#10844=CARTESIAN_POINT('',(31.515821506,-1.372168662,26.357523624));
#10845=DIRECTION('',(-0.,-1.,-0.));
#10846=DIRECTION('',(-1.,0.,-0.));
#10847=AXIS2_PLACEMENT_3D('',#10844,#10845,#10846);
#10848=CIRCLE('',#10847,5.);
#10849=EDGE_CURVE('NONE',#5428,#5426,#10848,.T.);
#10850=ORIENTED_EDGE('',*,*,#10849,.T.);
#10851=ORIENTED_EDGE('',*,*,#5457,.T.);
#10852=ORIENTED_EDGE('',*,*,#10787,.F.);
#10853=EDGE_LOOP('',(#10843,#10850,#10851,#10852));
#10854=FACE_BOUND('',#10853,.T.);
#10855=ADVANCED_FACE('NONE',(#10854),#10842,.T.);
#10856=CARTESIAN_POINT('',(27.742274277,-1.372168662,26.357523624));
#10857=DIRECTION('',(-0.,1.,0.));
#10858=DIRECTION('',(1.,-0.,0.));
#10859=AXIS2_PLACEMENT_3D('',#10856,#10857,#10858);
#10860=PLANE('',#10859);
#10861=CARTESIAN_POINT('',(29.179597683,-1.372168662,27.372288832));
#10862=VERTEX_POINT('',#10861);
#10863=CARTESIAN_POINT('',(29.063466931,-1.372168662,27.848833478));
#10864=VERTEX_POINT('',#10863);
#10865=CARTESIAN_POINT('',(29.179597683,-1.372168662,27.372288832));
#10866=DIRECTION('',(-0.23676442,-0.,0.971567089));
#10867=VECTOR('',#10866,0.490490724);
#10868=LINE('',#10865,#10867);
#10869=EDGE_CURVE('NONE',#10862,#10864,#10868,.T.);
#10870=ORIENTED_EDGE('',*,*,#10869,.F.);
#10871=CARTESIAN_POINT('',(28.752056308,-1.372168662,27.131894317));
#10872=VERTEX_POINT('',#10871);
#10873=CARTESIAN_POINT('',(29.179597683,-1.372168662,27.372288832));
#10874=DIRECTION('',(-0.87166047,0.,-0.490110217));
#10875=VECTOR('',#10874,0.490490724);
#10876=LINE('',#10873,#10875);
#10877=EDGE_CURVE('NONE',#10862,#10872,#10876,.T.);
#10878=ORIENTED_EDGE('',*,*,#10877,.T.);
#10879=CARTESIAN_POINT('',(28.992450823,-1.372168662,26.704352942));
#10880=VERTEX_POINT('',#10879);
#10881=CARTESIAN_POINT('',(28.992450823,-1.372168662,26.704352942));
#10882=DIRECTION('',(-0.490110217,-0.,0.87166047));
#10883=VECTOR('',#10882,0.490490724);
#10884=LINE('',#10881,#10883);
#10885=EDGE_CURVE('NONE',#10880,#10872,#10884,.T.);
#10886=ORIENTED_EDGE('',*,*,#10885,.F.);
#10887=CARTESIAN_POINT('',(28.645621506,-1.372168662,26.357523624));
#10888=VERTEX_POINT('',#10887);
#10889=CARTESIAN_POINT('',(28.645621506,-1.372168662,26.357523624));
#10890=DIRECTION('',(0.707106781,-0.,0.707106781));
#10891=VECTOR('',#10890,0.490490724);
#10892=LINE('',#10889,#10891);
#10893=EDGE_CURVE('NONE',#10888,#10880,#10892,.T.);
#10894=ORIENTED_EDGE('',*,*,#10893,.F.);
#10895=CARTESIAN_POINT('',(28.992450823,-1.372168662,26.010694307));
#10896=VERTEX_POINT('',#10895);
#10897=CARTESIAN_POINT('',(28.992450823,-1.372168662,26.010694307));
#10898=DIRECTION('',(-0.707106781,-0.,0.707106781));
#10899=VECTOR('',#10898,0.490490724);
#10900=LINE('',#10897,#10899);
#10901=EDGE_CURVE('NONE',#10896,#10888,#10900,.T.);
#10902=ORIENTED_EDGE('',*,*,#10901,.F.);
#10903=CARTESIAN_POINT('',(28.752056308,-1.372168662,25.583152932));
#10904=VERTEX_POINT('',#10903);
#10905=CARTESIAN_POINT('',(28.752056308,-1.372168662,25.583152932));
#10906=DIRECTION('',(0.490110217,-0.,0.87166047));
#10907=VECTOR('',#10906,0.490490724);
#10908=LINE('',#10905,#10907);
#10909=EDGE_CURVE('NONE',#10904,#10896,#10908,.T.);
#10910=ORIENTED_EDGE('',*,*,#10909,.F.);
#10911=CARTESIAN_POINT('',(29.179597683,-1.372168662,25.342758416));
#10912=VERTEX_POINT('',#10911);
#10913=CARTESIAN_POINT('',(29.179597683,-1.372168662,25.342758416));
#10914=DIRECTION('',(-0.87166047,-0.,0.490110217));
#10915=VECTOR('',#10914,0.490490724);
#10916=LINE('',#10913,#10915);
#10917=EDGE_CURVE('NONE',#10912,#10904,#10916,.T.);
#10918=ORIENTED_EDGE('',*,*,#10917,.F.);
#10919=CARTESIAN_POINT('',(29.063466931,-1.372168662,24.866213771));
#10920=VERTEX_POINT('',#10919);
#10921=CARTESIAN_POINT('',(29.063466931,-1.372168662,24.866213771));
#10922=DIRECTION('',(0.23676442,-0.,0.971567089));
#10923=VECTOR('',#10922,0.490490724);
#10924=LINE('',#10921,#10923);
#10925=EDGE_CURVE('NONE',#10920,#10912,#10924,.T.);
#10926=ORIENTED_EDGE('',*,*,#10925,.F.);
#10927=CARTESIAN_POINT('',(29.540011576,-1.372168662,24.750083019));
#10928=VERTEX_POINT('',#10927);
#10929=CARTESIAN_POINT('',(29.540011576,-1.372168662,24.750083019));
#10930=DIRECTION('',(-0.971567089,-0.,0.23676442));
#10931=VECTOR('',#10930,0.490490724);
#10932=LINE('',#10929,#10931);
#10933=EDGE_CURVE('NONE',#10928,#10920,#10932,.T.);
#10934=ORIENTED_EDGE('',*,*,#10933,.F.);
#10935=CARTESIAN_POINT('',(29.556757474,-1.372168662,24.25987824));
#10936=VERTEX_POINT('',#10935);
#10937=CARTESIAN_POINT('',(29.556757474,-1.372168662,24.25987824));
#10938=DIRECTION('',(-0.03414111,-0.,0.999417022));
#10939=VECTOR('',#10938,0.490490724);
#10940=LINE('',#10937,#10939);
#10941=EDGE_CURVE('NONE',#10936,#10928,#10940,.T.);
#10942=ORIENTED_EDGE('',*,*,#10941,.F.);
#10943=CARTESIAN_POINT('',(30.046962253,-1.372168662,24.276624138));
#10944=VERTEX_POINT('',#10943);
#10945=CARTESIAN_POINT('',(30.046962253,-1.372168662,24.276624138));
#10946=DIRECTION('',(-0.999417022,0.,-0.03414111));
#10947=VECTOR('',#10946,0.490490724);
#10948=LINE('',#10945,#10947);
#10949=EDGE_CURVE('NONE',#10944,#10936,#10948,.T.);
#10950=ORIENTED_EDGE('',*,*,#10949,.F.);
#10951=CARTESIAN_POINT('',(30.195342834,-1.372168662,23.809115471));
#10952=VERTEX_POINT('',#10951);
#10953=CARTESIAN_POINT('',(30.195342834,-1.372168662,23.809115471));
#10954=DIRECTION('',(-0.302514551,-0.,0.953144767));
#10955=VECTOR('',#10954,0.490490724);
#10956=LINE('',#10953,#10955);
#10957=EDGE_CURVE('NONE',#10952,#10944,#10956,.T.);
#10958=ORIENTED_EDGE('',*,*,#10957,.F.);
#10959=CARTESIAN_POINT('',(30.662851501,-1.372168662,23.957496052));
#10960=VERTEX_POINT('',#10959);
#10961=CARTESIAN_POINT('',(30.662851501,-1.372168662,23.957496052));
#10962=DIRECTION('',(-0.953144767,0.,-0.302514551));
#10963=VECTOR('',#10962,0.490490724);
#10964=LINE('',#10961,#10963);
#10965=EDGE_CURVE('NONE',#10960,#10952,#10964,.T.);
#10966=ORIENTED_EDGE('',*,*,#10965,.F.);
#10967=CARTESIAN_POINT('',(30.931862057,-1.372168662,23.547356476));
#10968=VERTEX_POINT('',#10967);
#10969=CARTESIAN_POINT('',(30.931862057,-1.372168662,23.547356476));
#10970=DIRECTION('',(-0.548451871,-0.,0.836182124));
#10971=VECTOR('',#10970,0.490490724);
#10972=LINE('',#10969,#10971);
#10973=EDGE_CURVE('NONE',#10968,#10960,#10972,.T.);
#10974=ORIENTED_EDGE('',*,*,#10973,.F.);
#10975=CARTESIAN_POINT('',(31.342001633,-1.372168662,23.816367032));
#10976=VERTEX_POINT('',#10975);
#10977=CARTESIAN_POINT('',(31.342001633,-1.372168662,23.816367032));
#10978=DIRECTION('',(-0.836182124,0.,-0.548451871));
#10979=VECTOR('',#10978,0.490490724);
#10980=LINE('',#10977,#10979);
#10981=EDGE_CURVE('NONE',#10976,#10968,#10980,.T.);
#10982=ORIENTED_EDGE('',*,*,#10981,.F.);
#10983=CARTESIAN_POINT('',(31.71169088,-1.372168662,23.494014723));
#10984=VERTEX_POINT('',#10983);
#10985=CARTESIAN_POINT('',(31.71169088,-1.372168662,23.494014723));
#10986=DIRECTION('',(-0.753713025,-0.,0.657203679));
#10987=VECTOR('',#10986,0.490490724);
#10988=LINE('',#10985,#10987);
#10989=EDGE_CURVE('NONE',#10984,#10976,#10988,.T.);
#10990=ORIENTED_EDGE('',*,*,#10989,.F.);
#10991=CARTESIAN_POINT('',(32.034043189,-1.372168662,23.863703971));
#10992=VERTEX_POINT('',#10991);
#10993=CARTESIAN_POINT('',(32.034043189,-1.372168662,23.863703971));
#10994=DIRECTION('',(-0.657203679,0.,-0.753713025));
#10995=VECTOR('',#10994,0.490490724);
#10996=LINE('',#10993,#10995);
#10997=EDGE_CURVE('NONE',#10992,#10984,#10996,.T.);
#10998=ORIENTED_EDGE('',*,*,#10997,.F.);
#10999=CARTESIAN_POINT('',(32.476992969,-1.372168662,23.653046326));
#11000=VERTEX_POINT('',#10999);
#11001=CARTESIAN_POINT('',(32.476992969,-1.372168662,23.653046326));
#11002=DIRECTION('',(-0.903074732,-0.,0.429483443));
#11003=VECTOR('',#11002,0.490490724);
#11004=LINE('',#11001,#11003);
#11005=EDGE_CURVE('NONE',#11000,#10992,#11004,.T.);
#11006=ORIENTED_EDGE('',*,*,#11005,.F.);
#11007=CARTESIAN_POINT('',(32.687650614,-1.372168662,24.095996105));
#11008=VERTEX_POINT('',#11007);
#11009=CARTESIAN_POINT('',(32.687650614,-1.372168662,24.095996105));
#11010=DIRECTION('',(-0.429483443,0.,-0.903074732));
#11011=VECTOR('',#11010,0.490490724);
#11012=LINE('',#11009,#11011);
#11013=EDGE_CURVE('NONE',#11008,#11000,#11012,.T.);
#11014=ORIENTED_EDGE('',*,*,#11013,.F.);
#11015=CARTESIAN_POINT('',(33.171009366,-1.372168662,24.012656638));
#11016=VERTEX_POINT('',#11015);
#11017=CARTESIAN_POINT('',(33.171009366,-1.372168662,24.012656638));
#11018=DIRECTION('',(-0.985459518,-0.,0.169910385));
#11019=VECTOR('',#11018,0.490490724);
#11020=LINE('',#11017,#11019);
#11021=EDGE_CURVE('NONE',#11016,#11008,#11020,.T.);
#11022=ORIENTED_EDGE('',*,*,#11021,.F.);
#11023=CARTESIAN_POINT('',(33.254348834,-1.372168662,24.49601539));
#11024=VERTEX_POINT('',#11023);
#11025=CARTESIAN_POINT('',(33.254348834,-1.372168662,24.49601539));
#11026=DIRECTION('',(-0.169910385,0.,-0.985459518));
#11027=VECTOR('',#11026,0.490490724);
#11028=LINE('',#11025,#11027);
#11029=EDGE_CURVE('NONE',#11024,#11016,#11028,.T.);
#11030=ORIENTED_EDGE('',*,*,#11029,.F.);
#11031=CARTESIAN_POINT('',(33.742268052,-1.372168662,24.546175007));
#11032=VERTEX_POINT('',#11031);
#11033=CARTESIAN_POINT('',(33.742268052,-1.372168662,24.546175007));
#11034=DIRECTION('',(-0.994757279,0.,-0.102264149));
#11035=VECTOR('',#11034,0.490490724);
#11036=LINE('',#11033,#11035);
#11037=EDGE_CURVE('NONE',#11032,#11024,#11036,.T.);
#11038=ORIENTED_EDGE('',*,*,#11037,.F.);
#11039=CARTESIAN_POINT('',(33.692108436,-1.372168662,25.034094225));
#11040=VERTEX_POINT('',#11039);
#11041=CARTESIAN_POINT('',(33.692108436,-1.372168662,25.034094225));
#11042=DIRECTION('',(0.102264149,0.,-0.994757279));
#11043=VECTOR('',#11042,0.490490724);
#11044=LINE('',#11041,#11043);
#11045=EDGE_CURVE('NONE',#11040,#11032,#11044,.T.);
#11046=ORIENTED_EDGE('',*,*,#11045,.F.);
#11047=CARTESIAN_POINT('',(34.148401383,-1.372168662,25.214032816));
#11048=VERTEX_POINT('',#11047);
#11049=CARTESIAN_POINT('',(34.148401383,-1.372168662,25.214032816));
#11050=DIRECTION('',(-0.930278443,0.,-0.366854219));
#11051=VECTOR('',#11050,0.490490724);
#11052=LINE('',#11049,#11051);
#11053=EDGE_CURVE('NONE',#11048,#11040,#11052,.T.);
#11054=ORIENTED_EDGE('',*,*,#11053,.F.);
#11055=CARTESIAN_POINT('',(33.968462792,-1.372168662,25.670325764));
#11056=VERTEX_POINT('',#11055);
#11057=CARTESIAN_POINT('',(33.968462792,-1.372168662,25.670325764));
#11058=DIRECTION('',(0.366854219,0.,-0.930278443));
#11059=VECTOR('',#11058,0.490490724);
#11060=LINE('',#11057,#11059);
#11061=EDGE_CURVE('NONE',#11056,#11048,#11060,.T.);
#11062=ORIENTED_EDGE('',*,*,#11061,.F.);
#11063=CARTESIAN_POINT('',(34.359288308,-1.372168662,25.966698108));
#11064=VERTEX_POINT('',#11063);
#11065=CARTESIAN_POINT('',(34.359288308,-1.372168662,25.966698108));
#11066=DIRECTION('',(-0.796805111,0.,-0.60423639));
#11067=VECTOR('',#11066,0.490490724);
#11068=LINE('',#11065,#11067);
#11069=EDGE_CURVE('NONE',#11064,#11056,#11068,.T.);
#11070=ORIENTED_EDGE('',*,*,#11069,.F.);
#11071=CARTESIAN_POINT('',(34.062915964,-1.372168662,26.357523624));
#11072=VERTEX_POINT('',#11071);
#11073=CARTESIAN_POINT('',(34.062915964,-1.372168662,26.357523624));
#11074=DIRECTION('',(0.60423639,0.,-0.796805111));
#11075=VECTOR('',#11074,0.490490724);
#11076=LINE('',#11073,#11075);
#11077=EDGE_CURVE('NONE',#11072,#11064,#11076,.T.);
#11078=ORIENTED_EDGE('',*,*,#11077,.F.);
#11079=CARTESIAN_POINT('',(34.359288308,-1.372168662,26.748349141));
#11080=VERTEX_POINT('',#11079);
#11081=CARTESIAN_POINT('',(34.359288308,-1.372168662,26.748349141));
#11082=DIRECTION('',(-0.60423639,0.,-0.796805111));
#11083=VECTOR('',#11082,0.490490724);
#11084=LINE('',#11081,#11083);
#11085=EDGE_CURVE('NONE',#11080,#11072,#11084,.T.);
#11086=ORIENTED_EDGE('',*,*,#11085,.F.);
#11087=CARTESIAN_POINT('',(33.968462792,-1.372168662,27.044721485));
#11088=VERTEX_POINT('',#11087);
#11089=CARTESIAN_POINT('',(33.968462792,-1.372168662,27.044721485));
#11090=DIRECTION('',(0.796805111,0.,-0.60423639));
#11091=VECTOR('',#11090,0.490490724);
#11092=LINE('',#11089,#11091);
#11093=EDGE_CURVE('NONE',#11088,#11080,#11092,.T.);
#11094=ORIENTED_EDGE('',*,*,#11093,.F.);
#11095=CARTESIAN_POINT('',(34.148401383,-1.372168662,27.501014433));
#11096=VERTEX_POINT('',#11095);
#11097=CARTESIAN_POINT('',(34.148401383,-1.372168662,27.501014433));
#11098=DIRECTION('',(-0.366854219,0.,-0.930278443));
#11099=VECTOR('',#11098,0.490490724);
#11100=LINE('',#11097,#11099);
#11101=EDGE_CURVE('NONE',#11096,#11088,#11100,.T.);
#11102=ORIENTED_EDGE('',*,*,#11101,.F.);
#11103=CARTESIAN_POINT('',(33.692108436,-1.372168662,27.680953024));
#11104=VERTEX_POINT('',#11103);
#11105=CARTESIAN_POINT('',(33.692108436,-1.372168662,27.680953024));
#11106=DIRECTION('',(0.930278443,0.,-0.366854219));
#11107=VECTOR('',#11106,0.490490724);
#11108=LINE('',#11105,#11107);
#11109=EDGE_CURVE('NONE',#11104,#11096,#11108,.T.);
#11110=ORIENTED_EDGE('',*,*,#11109,.F.);
#11111=CARTESIAN_POINT('',(33.742268052,-1.372168662,28.168872242));
#11112=VERTEX_POINT('',#11111);
#11113=CARTESIAN_POINT('',(33.742268052,-1.372168662,28.168872242));
#11114=DIRECTION('',(-0.102264149,0.,-0.994757279));
#11115=VECTOR('',#11114,0.490490724);
#11116=LINE('',#11113,#11115);
#11117=EDGE_CURVE('NONE',#11112,#11104,#11116,.T.);
#11118=ORIENTED_EDGE('',*,*,#11117,.F.);
#11119=CARTESIAN_POINT('',(33.254348834,-1.372168662,28.219031859));
#11120=VERTEX_POINT('',#11119);
#11121=CARTESIAN_POINT('',(33.254348834,-1.372168662,28.219031859));
#11122=DIRECTION('',(0.994757279,0.,-0.102264149));
#11123=VECTOR('',#11122,0.490490724);
#11124=LINE('',#11121,#11123);
#11125=EDGE_CURVE('NONE',#11120,#11112,#11124,.T.);
#11126=ORIENTED_EDGE('',*,*,#11125,.F.);
#11127=CARTESIAN_POINT('',(33.171009366,-1.372168662,28.702390611));
#11128=VERTEX_POINT('',#11127);
#11129=CARTESIAN_POINT('',(33.171009366,-1.372168662,28.702390611));
#11130=DIRECTION('',(0.169910385,0.,-0.985459518));
#11131=VECTOR('',#11130,0.490490724);
#11132=LINE('',#11129,#11131);
#11133=EDGE_CURVE('NONE',#11128,#11120,#11132,.T.);
#11134=ORIENTED_EDGE('',*,*,#11133,.F.);
#11135=CARTESIAN_POINT('',(32.687650614,-1.372168662,28.619051144));
#11136=VERTEX_POINT('',#11135);
#11137=CARTESIAN_POINT('',(32.687650614,-1.372168662,28.619051144));
#11138=DIRECTION('',(0.985459518,-0.,0.169910385));
#11139=VECTOR('',#11138,0.490490724);
#11140=LINE('',#11137,#11139);
#11141=EDGE_CURVE('NONE',#11136,#11128,#11140,.T.);
#11142=ORIENTED_EDGE('',*,*,#11141,.F.);
#11143=CARTESIAN_POINT('',(32.476992969,-1.372168662,29.062000923));
#11144=VERTEX_POINT('',#11143);
#11145=CARTESIAN_POINT('',(32.476992969,-1.372168662,29.062000923));
#11146=DIRECTION('',(0.429483443,0.,-0.903074732));
#11147=VECTOR('',#11146,0.490490724);
#11148=LINE('',#11145,#11147);
#11149=EDGE_CURVE('NONE',#11144,#11136,#11148,.T.);
#11150=ORIENTED_EDGE('',*,*,#11149,.F.);
#11151=CARTESIAN_POINT('',(32.034043189,-1.372168662,28.851343278));
#11152=VERTEX_POINT('',#11151);
#11153=CARTESIAN_POINT('',(32.034043189,-1.372168662,28.851343278));
#11154=DIRECTION('',(0.903074732,-0.,0.429483443));
#11155=VECTOR('',#11154,0.490490724);
#11156=LINE('',#11153,#11155);
#11157=EDGE_CURVE('NONE',#11152,#11144,#11156,.T.);
#11158=ORIENTED_EDGE('',*,*,#11157,.F.);
#11159=CARTESIAN_POINT('',(31.71169088,-1.372168662,29.221032526));
#11160=VERTEX_POINT('',#11159);
#11161=CARTESIAN_POINT('',(31.71169088,-1.372168662,29.221032526));
#11162=DIRECTION('',(0.657203679,0.,-0.753713025));
#11163=VECTOR('',#11162,0.490490724);
#11164=LINE('',#11161,#11163);
#11165=EDGE_CURVE('NONE',#11160,#11152,#11164,.T.);
#11166=ORIENTED_EDGE('',*,*,#11165,.F.);
#11167=CARTESIAN_POINT('',(31.342001633,-1.372168662,28.898680217));
#11168=VERTEX_POINT('',#11167);
#11169=CARTESIAN_POINT('',(31.342001633,-1.372168662,28.898680217));
#11170=DIRECTION('',(0.753713025,-0.,0.657203679));
#11171=VECTOR('',#11170,0.490490724);
#11172=LINE('',#11169,#11171);
#11173=EDGE_CURVE('NONE',#11168,#11160,#11172,.T.);
#11174=ORIENTED_EDGE('',*,*,#11173,.F.);
#11175=CARTESIAN_POINT('',(30.931862057,-1.372168662,29.167690773));
#11176=VERTEX_POINT('',#11175);
#11177=CARTESIAN_POINT('',(30.931862057,-1.372168662,29.167690773));
#11178=DIRECTION('',(0.836182124,0.,-0.548451871));
#11179=VECTOR('',#11178,0.490490724);
#11180=LINE('',#11177,#11179);
#11181=EDGE_CURVE('NONE',#11176,#11168,#11180,.T.);
#11182=ORIENTED_EDGE('',*,*,#11181,.F.);
#11183=CARTESIAN_POINT('',(30.662851501,-1.372168662,28.757551197));
#11184=VERTEX_POINT('',#11183);
#11185=CARTESIAN_POINT('',(30.662851501,-1.372168662,28.757551197));
#11186=DIRECTION('',(0.548451871,-0.,0.836182124));
#11187=VECTOR('',#11186,0.490490724);
#11188=LINE('',#11185,#11187);
#11189=EDGE_CURVE('NONE',#11184,#11176,#11188,.T.);
#11190=ORIENTED_EDGE('',*,*,#11189,.F.);
#11191=CARTESIAN_POINT('',(30.195342834,-1.372168662,28.905931778));
#11192=VERTEX_POINT('',#11191);
#11193=CARTESIAN_POINT('',(30.195342834,-1.372168662,28.905931778));
#11194=DIRECTION('',(0.953144767,0.,-0.302514551));
#11195=VECTOR('',#11194,0.490490724);
#11196=LINE('',#11193,#11195);
#11197=EDGE_CURVE('NONE',#11192,#11184,#11196,.T.);
#11198=ORIENTED_EDGE('',*,*,#11197,.F.);
#11199=CARTESIAN_POINT('',(30.046962253,-1.372168662,28.438423111));
#11200=VERTEX_POINT('',#11199);
#11201=CARTESIAN_POINT('',(30.046962253,-1.372168662,28.438423111));
#11202=DIRECTION('',(0.302514551,-0.,0.953144767));
#11203=VECTOR('',#11202,0.490490724);
#11204=LINE('',#11201,#11203);
#11205=EDGE_CURVE('NONE',#11200,#11192,#11204,.T.);
#11206=ORIENTED_EDGE('',*,*,#11205,.F.);
#11207=CARTESIAN_POINT('',(29.556757474,-1.372168662,28.455169009));
#11208=VERTEX_POINT('',#11207);
#11209=CARTESIAN_POINT('',(29.556757474,-1.372168662,28.455169009));
#11210=DIRECTION('',(0.999417022,0.,-0.03414111));
#11211=VECTOR('',#11210,0.490490724);
#11212=LINE('',#11209,#11211);
#11213=EDGE_CURVE('NONE',#11208,#11200,#11212,.T.);
#11214=ORIENTED_EDGE('',*,*,#11213,.F.);
#11215=CARTESIAN_POINT('',(29.540011576,-1.372168662,27.96496423));
#11216=VERTEX_POINT('',#11215);
#11217=CARTESIAN_POINT('',(29.540011576,-1.372168662,27.96496423));
#11218=DIRECTION('',(0.03414111,-0.,0.999417022));
#11219=VECTOR('',#11218,0.490490724);
#11220=LINE('',#11217,#11219);
#11221=EDGE_CURVE('NONE',#11216,#11208,#11220,.T.);
#11222=ORIENTED_EDGE('',*,*,#11221,.F.);
#11223=CARTESIAN_POINT('',(29.063466931,-1.372168662,27.848833478));
#11224=DIRECTION('',(0.971567089,-0.,0.23676442));
#11225=VECTOR('',#11224,0.490490724);
#11226=LINE('',#11223,#11225);
#11227=EDGE_CURVE('NONE',#10864,#11216,#11226,.T.);
#11228=ORIENTED_EDGE('',*,*,#11227,.F.);
#11229=EDGE_LOOP('',(#10870,#10878,#10886,#10894,#10902,#10910,#10918,#10926,#10934,#10942,#10950,#10958,#10966,#10974,#10982,#10990,#10998,#11006,#11014,#11022,#11030,#11038,#11046,#11054,#11062,#11070,
#11078,#11086,#11094,#11102,#11110,#11118,#11126,#11134,#11142,#11150,#11158,#11166,#11174,#11182,#11190,#11198,#11206,#11214,#11222,#11228));
#11230=FACE_BOUND('',#11229,.T.);
#11231=ORIENTED_EDGE('',*,*,#5434,.F.);
#11232=ORIENTED_EDGE('',*,*,#10849,.F.);
#11233=EDGE_LOOP('',(#11231,#11232));
#11234=FACE_BOUND('',#11233,.T.);
#11235=ADVANCED_FACE('NONE',(#11230,#11234),#10860,.T.);
#11236=CARTESIAN_POINT('',(28.752056308,1.827831338,27.131894317));
#11237=DIRECTION('',(-0.490110217,0.,0.87166047));
#11238=DIRECTION('',(-0.87166047,0.,-0.490110217));
#11239=AXIS2_PLACEMENT_3D('',#11236,#11237,#11238);
#11240=PLANE('',#11239);
#11241=CARTESIAN_POINT('',(29.179597683,1.827831338,27.372288832));
#11242=VERTEX_POINT('',#11241);
#11243=CARTESIAN_POINT('',(28.752056308,1.827831338,27.131894317));
#11244=VERTEX_POINT('',#11243);
#11245=CARTESIAN_POINT('',(29.179597683,1.827831338,27.372288832));
#11246=DIRECTION('',(-0.87166047,0.,-0.490110217));
#11247=VECTOR('',#11246,0.490490724);
#11248=LINE('',#11245,#11247);
#11249=EDGE_CURVE('NONE',#11242,#11244,#11248,.T.);
#11250=ORIENTED_EDGE('',*,*,#11249,.T.);
#11251=CARTESIAN_POINT('',(28.752056308,1.827831338,27.131894317));
#11252=DIRECTION('',(-0.,-1.,-0.));
#11253=VECTOR('',#11252,3.2);
#11254=LINE('',#11251,#11253);
#11255=EDGE_CURVE('NONE',#11244,#10872,#11254,.T.);
#11256=ORIENTED_EDGE('',*,*,#11255,.T.);
#11257=ORIENTED_EDGE('',*,*,#10877,.F.);
#11258=CARTESIAN_POINT('',(29.179597683,-1.372168662,27.372288832));
#11259=DIRECTION('',(0.,1.,0.));
#11260=VECTOR('',#11259,3.2);
#11261=LINE('',#11258,#11260);
#11262=EDGE_CURVE('NONE',#10862,#11242,#11261,.T.);
#11263=ORIENTED_EDGE('',*,*,#11262,.T.);
#11264=EDGE_LOOP('',(#11250,#11256,#11257,#11263));
#11265=FACE_BOUND('',#11264,.T.);
#11266=ADVANCED_FACE('NONE',(#11265),#11240,.T.);
#11267=OVER_RIDING_STYLED_ITEM('',(#3068),#11266,#4734);
#11268=CARTESIAN_POINT('',(28.992450823,1.827831338,26.704352942));
#11269=DIRECTION('',(-0.87166047,0.,-0.490110217));
#11270=DIRECTION('',(0.490110217,0.,-0.87166047));
#11271=AXIS2_PLACEMENT_3D('',#11268,#11269,#11270);
#11272=PLANE('',#11271);
#11273=CARTESIAN_POINT('',(28.992450823,1.827831338,26.704352942));
#11274=VERTEX_POINT('',#11273);
#11275=CARTESIAN_POINT('',(28.752056308,1.827831338,27.131894317));
#11276=DIRECTION('',(0.490110217,0.,-0.87166047));
#11277=VECTOR('',#11276,0.490490724);
#11278=LINE('',#11275,#11277);
#11279=EDGE_CURVE('NONE',#11244,#11274,#11278,.T.);
#11280=ORIENTED_EDGE('',*,*,#11279,.T.);
#11281=CARTESIAN_POINT('',(28.992450823,1.827831338,26.704352942));
#11282=DIRECTION('',(-0.,-1.,-0.));
#11283=VECTOR('',#11282,3.2);
#11284=LINE('',#11281,#11283);
#11285=EDGE_CURVE('NONE',#11274,#10880,#11284,.T.);
#11286=ORIENTED_EDGE('',*,*,#11285,.T.);
#11287=ORIENTED_EDGE('',*,*,#10885,.T.);
#11288=ORIENTED_EDGE('',*,*,#11255,.F.);
#11289=EDGE_LOOP('',(#11280,#11286,#11287,#11288));
#11290=FACE_BOUND('',#11289,.T.);
#11291=ADVANCED_FACE('NONE',(#11290),#11272,.T.);
#11292=OVER_RIDING_STYLED_ITEM('',(#3068),#11291,#4734);
#11293=CARTESIAN_POINT('',(29.714962155,1.827831338,26.357523624));
#11294=DIRECTION('',(-0.,1.,0.));
#11295=DIRECTION('',(1.,-0.,0.));
#11296=AXIS2_PLACEMENT_3D('',#11293,#11294,#11295);
#11297=PLANE('',#11296);
#11298=CARTESIAN_POINT('',(31.515821506,1.827831338,26.357523624));
#11299=DIRECTION('',(-0.,-1.,-0.));
#11300=DIRECTION('',(-1.,0.,-0.));
#11301=AXIS2_PLACEMENT_3D('',#11298,#11299,#11300);
#11302=CIRCLE('',#11301,1.054624244);
#11303=EDGE_CURVE('NONE',#5470,#5468,#11302,.T.);
#11304=ORIENTED_EDGE('',*,*,#11303,.T.);
#11305=ORIENTED_EDGE('',*,*,#5476,.T.);
#11306=EDGE_LOOP('',(#11304,#11305));
#11307=FACE_BOUND('',#11306,.T.);
#11308=CARTESIAN_POINT('',(28.752056308,1.827831338,25.583152932));
#11309=VERTEX_POINT('',#11308);
#11310=CARTESIAN_POINT('',(29.179597683,1.827831338,25.342758416));
#11311=VERTEX_POINT('',#11310);
#11312=CARTESIAN_POINT('',(28.752056308,1.827831338,25.583152932));
#11313=DIRECTION('',(0.87166047,0.,-0.490110217));
#11314=VECTOR('',#11313,0.490490724);
#11315=LINE('',#11312,#11314);
#11316=EDGE_CURVE('NONE',#11309,#11311,#11315,.T.);
#11317=ORIENTED_EDGE('',*,*,#11316,.F.);
#11318=CARTESIAN_POINT('',(28.992450823,1.827831338,26.010694307));
#11319=VERTEX_POINT('',#11318);
#11320=CARTESIAN_POINT('',(28.992450823,1.827831338,26.010694307));
#11321=DIRECTION('',(-0.490110217,0.,-0.87166047));
#11322=VECTOR('',#11321,0.490490724);
#11323=LINE('',#11320,#11322);
#11324=EDGE_CURVE('NONE',#11319,#11309,#11323,.T.);
#11325=ORIENTED_EDGE('',*,*,#11324,.F.);
#11326=CARTESIAN_POINT('',(28.645621506,1.827831338,26.357523624));
#11327=VERTEX_POINT('',#11326);
#11328=CARTESIAN_POINT('',(28.645621506,1.827831338,26.357523624));
#11329=DIRECTION('',(0.707106781,0.,-0.707106781));
#11330=VECTOR('',#11329,0.490490724);
#11331=LINE('',#11328,#11330);
#11332=EDGE_CURVE('NONE',#11327,#11319,#11331,.T.);
#11333=ORIENTED_EDGE('',*,*,#11332,.F.);
#11334=CARTESIAN_POINT('',(28.645621506,1.827831338,26.357523624));
#11335=DIRECTION('',(0.707106781,-0.,0.707106781));
#11336=VECTOR('',#11335,0.490490724);
#11337=LINE('',#11334,#11336);
#11338=EDGE_CURVE('NONE',#11327,#11274,#11337,.T.);
#11339=ORIENTED_EDGE('',*,*,#11338,.T.);
#11340=ORIENTED_EDGE('',*,*,#11279,.F.);
#11341=ORIENTED_EDGE('',*,*,#11249,.F.);
#11342=CARTESIAN_POINT('',(29.063466931,1.827831338,27.848833478));
#11343=VERTEX_POINT('',#11342);
#11344=CARTESIAN_POINT('',(29.179597683,1.827831338,27.372288832));
#11345=DIRECTION('',(-0.23676442,-0.,0.971567089));
#11346=VECTOR('',#11345,0.490490724);
#11347=LINE('',#11344,#11346);
#11348=EDGE_CURVE('NONE',#11242,#11343,#11347,.T.);
#11349=ORIENTED_EDGE('',*,*,#11348,.T.);
#11350=CARTESIAN_POINT('',(29.540011576,1.827831338,27.96496423));
#11351=VERTEX_POINT('',#11350);
#11352=CARTESIAN_POINT('',(29.540011576,1.827831338,27.96496423));
#11353=DIRECTION('',(-0.971567089,0.,-0.23676442));
#11354=VECTOR('',#11353,0.490490724);
#11355=LINE('',#11352,#11354);
#11356=EDGE_CURVE('NONE',#11351,#11343,#11355,.T.);
#11357=ORIENTED_EDGE('',*,*,#11356,.F.);
#11358=CARTESIAN_POINT('',(29.556757474,1.827831338,28.455169009));
#11359=VERTEX_POINT('',#11358);
#11360=CARTESIAN_POINT('',(29.556757474,1.827831338,28.455169009));
#11361=DIRECTION('',(-0.03414111,0.,-0.999417022));
#11362=VECTOR('',#11361,0.490490724);
#11363=LINE('',#11360,#11362);
#11364=EDGE_CURVE('NONE',#11359,#11351,#11363,.T.);
#11365=ORIENTED_EDGE('',*,*,#11364,.F.);
#11366=CARTESIAN_POINT('',(30.046962253,1.827831338,28.438423111));
#11367=VERTEX_POINT('',#11366);
#11368=CARTESIAN_POINT('',(30.046962253,1.827831338,28.438423111));
#11369=DIRECTION('',(-0.999417022,-0.,0.03414111));
#11370=VECTOR('',#11369,0.490490724);
#11371=LINE('',#11368,#11370);
#11372=EDGE_CURVE('NONE',#11367,#11359,#11371,.T.);
#11373=ORIENTED_EDGE('',*,*,#11372,.F.);
#11374=CARTESIAN_POINT('',(30.195342834,1.827831338,28.905931778));
#11375=VERTEX_POINT('',#11374);
#11376=CARTESIAN_POINT('',(30.195342834,1.827831338,28.905931778));
#11377=DIRECTION('',(-0.302514551,0.,-0.953144767));
#11378=VECTOR('',#11377,0.490490724);
#11379=LINE('',#11376,#11378);
#11380=EDGE_CURVE('NONE',#11375,#11367,#11379,.T.);
#11381=ORIENTED_EDGE('',*,*,#11380,.F.);
#11382=CARTESIAN_POINT('',(30.662851501,1.827831338,28.757551197));
#11383=VERTEX_POINT('',#11382);
#11384=CARTESIAN_POINT('',(30.662851501,1.827831338,28.757551197));
#11385=DIRECTION('',(-0.953144767,-0.,0.302514551));
#11386=VECTOR('',#11385,0.490490724);
#11387=LINE('',#11384,#11386);
#11388=EDGE_CURVE('NONE',#11383,#11375,#11387,.T.);
#11389=ORIENTED_EDGE('',*,*,#11388,.F.);
#11390=CARTESIAN_POINT('',(30.931862057,1.827831338,29.167690773));
#11391=VERTEX_POINT('',#11390);
#11392=CARTESIAN_POINT('',(30.931862057,1.827831338,29.167690773));
#11393=DIRECTION('',(-0.548451871,0.,-0.836182124));
#11394=VECTOR('',#11393,0.490490724);
#11395=LINE('',#11392,#11394);
#11396=EDGE_CURVE('NONE',#11391,#11383,#11395,.T.);
#11397=ORIENTED_EDGE('',*,*,#11396,.F.);
#11398=CARTESIAN_POINT('',(31.342001633,1.827831338,28.898680217));
#11399=VERTEX_POINT('',#11398);
#11400=CARTESIAN_POINT('',(31.342001633,1.827831338,28.898680217));
#11401=DIRECTION('',(-0.836182124,-0.,0.548451871));
#11402=VECTOR('',#11401,0.490490724);
#11403=LINE('',#11400,#11402);
#11404=EDGE_CURVE('NONE',#11399,#11391,#11403,.T.);
#11405=ORIENTED_EDGE('',*,*,#11404,.F.);
#11406=CARTESIAN_POINT('',(31.71169088,1.827831338,29.221032526));
#11407=VERTEX_POINT('',#11406);
#11408=CARTESIAN_POINT('',(31.71169088,1.827831338,29.221032526));
#11409=DIRECTION('',(-0.753713025,0.,-0.657203679));
#11410=VECTOR('',#11409,0.490490724);
#11411=LINE('',#11408,#11410);
#11412=EDGE_CURVE('NONE',#11407,#11399,#11411,.T.);
#11413=ORIENTED_EDGE('',*,*,#11412,.F.);
#11414=CARTESIAN_POINT('',(32.034043189,1.827831338,28.851343278));
#11415=VERTEX_POINT('',#11414);
#11416=CARTESIAN_POINT('',(32.034043189,1.827831338,28.851343278));
#11417=DIRECTION('',(-0.657203679,-0.,0.753713025));
#11418=VECTOR('',#11417,0.490490724);
#11419=LINE('',#11416,#11418);
#11420=EDGE_CURVE('NONE',#11415,#11407,#11419,.T.);
#11421=ORIENTED_EDGE('',*,*,#11420,.F.);
#11422=CARTESIAN_POINT('',(32.476992969,1.827831338,29.062000923));
#11423=VERTEX_POINT('',#11422);
#11424=CARTESIAN_POINT('',(32.476992969,1.827831338,29.062000923));
#11425=DIRECTION('',(-0.903074732,0.,-0.429483443));
#11426=VECTOR('',#11425,0.490490724);
#11427=LINE('',#11424,#11426);
#11428=EDGE_CURVE('NONE',#11423,#11415,#11427,.T.);
#11429=ORIENTED_EDGE('',*,*,#11428,.F.);
#11430=CARTESIAN_POINT('',(32.687650614,1.827831338,28.619051144));
#11431=VERTEX_POINT('',#11430);
#11432=CARTESIAN_POINT('',(32.687650614,1.827831338,28.619051144));
#11433=DIRECTION('',(-0.429483443,-0.,0.903074732));
#11434=VECTOR('',#11433,0.490490724);
#11435=LINE('',#11432,#11434);
#11436=EDGE_CURVE('NONE',#11431,#11423,#11435,.T.);
#11437=ORIENTED_EDGE('',*,*,#11436,.F.);
#11438=CARTESIAN_POINT('',(33.171009366,1.827831338,28.702390611));
#11439=VERTEX_POINT('',#11438);
#11440=CARTESIAN_POINT('',(33.171009366,1.827831338,28.702390611));
#11441=DIRECTION('',(-0.985459518,0.,-0.169910385));
#11442=VECTOR('',#11441,0.490490724);
#11443=LINE('',#11440,#11442);
#11444=EDGE_CURVE('NONE',#11439,#11431,#11443,.T.);
#11445=ORIENTED_EDGE('',*,*,#11444,.F.);
#11446=CARTESIAN_POINT('',(33.254348834,1.827831338,28.219031859));
#11447=VERTEX_POINT('',#11446);
#11448=CARTESIAN_POINT('',(33.254348834,1.827831338,28.219031859));
#11449=DIRECTION('',(-0.169910385,-0.,0.985459518));
#11450=VECTOR('',#11449,0.490490724);
#11451=LINE('',#11448,#11450);
#11452=EDGE_CURVE('NONE',#11447,#11439,#11451,.T.);
#11453=ORIENTED_EDGE('',*,*,#11452,.F.);
#11454=CARTESIAN_POINT('',(33.742268052,1.827831338,28.168872242));
#11455=VERTEX_POINT('',#11454);
#11456=CARTESIAN_POINT('',(33.742268052,1.827831338,28.168872242));
#11457=DIRECTION('',(-0.994757279,-0.,0.102264149));
#11458=VECTOR('',#11457,0.490490724);
#11459=LINE('',#11456,#11458);
#11460=EDGE_CURVE('NONE',#11455,#11447,#11459,.T.);
#11461=ORIENTED_EDGE('',*,*,#11460,.F.);
#11462=CARTESIAN_POINT('',(33.692108436,1.827831338,27.680953024));
#11463=VERTEX_POINT('',#11462);
#11464=CARTESIAN_POINT('',(33.692108436,1.827831338,27.680953024));
#11465=DIRECTION('',(0.102264149,-0.,0.994757279));
#11466=VECTOR('',#11465,0.490490724);
#11467=LINE('',#11464,#11466);
#11468=EDGE_CURVE('NONE',#11463,#11455,#11467,.T.);
#11469=ORIENTED_EDGE('',*,*,#11468,.F.);
#11470=CARTESIAN_POINT('',(34.148401383,1.827831338,27.501014433));
#11471=VERTEX_POINT('',#11470);
#11472=CARTESIAN_POINT('',(34.148401383,1.827831338,27.501014433));
#11473=DIRECTION('',(-0.930278443,-0.,0.366854219));
#11474=VECTOR('',#11473,0.490490724);
#11475=LINE('',#11472,#11474);
#11476=EDGE_CURVE('NONE',#11471,#11463,#11475,.T.);
#11477=ORIENTED_EDGE('',*,*,#11476,.F.);
#11478=CARTESIAN_POINT('',(33.968462792,1.827831338,27.044721485));
#11479=VERTEX_POINT('',#11478);
#11480=CARTESIAN_POINT('',(33.968462792,1.827831338,27.044721485));
#11481=DIRECTION('',(0.366854219,-0.,0.930278443));
#11482=VECTOR('',#11481,0.490490724);
#11483=LINE('',#11480,#11482);
#11484=EDGE_CURVE('NONE',#11479,#11471,#11483,.T.);
#11485=ORIENTED_EDGE('',*,*,#11484,.F.);
#11486=CARTESIAN_POINT('',(34.359288308,1.827831338,26.748349141));
#11487=VERTEX_POINT('',#11486);
#11488=CARTESIAN_POINT('',(34.359288308,1.827831338,26.748349141));
#11489=DIRECTION('',(-0.796805111,-0.,0.60423639));
#11490=VECTOR('',#11489,0.490490724);
#11491=LINE('',#11488,#11490);
#11492=EDGE_CURVE('NONE',#11487,#11479,#11491,.T.);
#11493=ORIENTED_EDGE('',*,*,#11492,.F.);
#11494=CARTESIAN_POINT('',(34.062915964,1.827831338,26.357523624));
#11495=VERTEX_POINT('',#11494);
#11496=CARTESIAN_POINT('',(34.062915964,1.827831338,26.357523624));
#11497=DIRECTION('',(0.60423639,-0.,0.796805111));
#11498=VECTOR('',#11497,0.490490724);
#11499=LINE('',#11496,#11498);
#11500=EDGE_CURVE('NONE',#11495,#11487,#11499,.T.);
#11501=ORIENTED_EDGE('',*,*,#11500,.F.);
#11502=CARTESIAN_POINT('',(34.359288308,1.827831338,25.966698108));
#11503=VERTEX_POINT('',#11502);
#11504=CARTESIAN_POINT('',(34.359288308,1.827831338,25.966698108));
#11505=DIRECTION('',(-0.60423639,-0.,0.796805111));
#11506=VECTOR('',#11505,0.490490724);
#11507=LINE('',#11504,#11506);
#11508=EDGE_CURVE('NONE',#11503,#11495,#11507,.T.);
#11509=ORIENTED_EDGE('',*,*,#11508,.F.);
#11510=CARTESIAN_POINT('',(33.968462792,1.827831338,25.670325764));
#11511=VERTEX_POINT('',#11510);
#11512=CARTESIAN_POINT('',(33.968462792,1.827831338,25.670325764));
#11513=DIRECTION('',(0.796805111,-0.,0.60423639));
#11514=VECTOR('',#11513,0.490490724);
#11515=LINE('',#11512,#11514);
#11516=EDGE_CURVE('NONE',#11511,#11503,#11515,.T.);
#11517=ORIENTED_EDGE('',*,*,#11516,.F.);
#11518=CARTESIAN_POINT('',(34.148401383,1.827831338,25.214032816));
#11519=VERTEX_POINT('',#11518);
#11520=CARTESIAN_POINT('',(34.148401383,1.827831338,25.214032816));
#11521=DIRECTION('',(-0.366854219,-0.,0.930278443));
#11522=VECTOR('',#11521,0.490490724);
#11523=LINE('',#11520,#11522);
#11524=EDGE_CURVE('NONE',#11519,#11511,#11523,.T.);
#11525=ORIENTED_EDGE('',*,*,#11524,.F.);
#11526=CARTESIAN_POINT('',(33.692108436,1.827831338,25.034094225));
#11527=VERTEX_POINT('',#11526);
#11528=CARTESIAN_POINT('',(33.692108436,1.827831338,25.034094225));
#11529=DIRECTION('',(0.930278443,-0.,0.366854219));
#11530=VECTOR('',#11529,0.490490724);
#11531=LINE('',#11528,#11530);
#11532=EDGE_CURVE('NONE',#11527,#11519,#11531,.T.);
#11533=ORIENTED_EDGE('',*,*,#11532,.F.);
#11534=CARTESIAN_POINT('',(33.742268052,1.827831338,24.546175007));
#11535=VERTEX_POINT('',#11534);
#11536=CARTESIAN_POINT('',(33.742268052,1.827831338,24.546175007));
#11537=DIRECTION('',(-0.102264149,-0.,0.994757279));
#11538=VECTOR('',#11537,0.490490724);
#11539=LINE('',#11536,#11538);
#11540=EDGE_CURVE('NONE',#11535,#11527,#11539,.T.);
#11541=ORIENTED_EDGE('',*,*,#11540,.F.);
#11542=CARTESIAN_POINT('',(33.254348834,1.827831338,24.49601539));
#11543=VERTEX_POINT('',#11542);
#11544=CARTESIAN_POINT('',(33.254348834,1.827831338,24.49601539));
#11545=DIRECTION('',(0.994757279,-0.,0.102264149));
#11546=VECTOR('',#11545,0.490490724);
#11547=LINE('',#11544,#11546);
#11548=EDGE_CURVE('NONE',#11543,#11535,#11547,.T.);
#11549=ORIENTED_EDGE('',*,*,#11548,.F.);
#11550=CARTESIAN_POINT('',(33.171009366,1.827831338,24.012656638));
#11551=VERTEX_POINT('',#11550);
#11552=CARTESIAN_POINT('',(33.171009366,1.827831338,24.012656638));
#11553=DIRECTION('',(0.169910385,-0.,0.985459518));
#11554=VECTOR('',#11553,0.490490724);
#11555=LINE('',#11552,#11554);
#11556=EDGE_CURVE('NONE',#11551,#11543,#11555,.T.);
#11557=ORIENTED_EDGE('',*,*,#11556,.F.);
#11558=CARTESIAN_POINT('',(32.687650614,1.827831338,24.095996105));
#11559=VERTEX_POINT('',#11558);
#11560=CARTESIAN_POINT('',(32.687650614,1.827831338,24.095996105));
#11561=DIRECTION('',(0.985459518,0.,-0.169910385));
#11562=VECTOR('',#11561,0.490490724);
#11563=LINE('',#11560,#11562);
#11564=EDGE_CURVE('NONE',#11559,#11551,#11563,.T.);
#11565=ORIENTED_EDGE('',*,*,#11564,.F.);
#11566=CARTESIAN_POINT('',(32.476992969,1.827831338,23.653046326));
#11567=VERTEX_POINT('',#11566);
#11568=CARTESIAN_POINT('',(32.476992969,1.827831338,23.653046326));
#11569=DIRECTION('',(0.429483443,-0.,0.903074732));
#11570=VECTOR('',#11569,0.490490724);
#11571=LINE('',#11568,#11570);
#11572=EDGE_CURVE('NONE',#11567,#11559,#11571,.T.);
#11573=ORIENTED_EDGE('',*,*,#11572,.F.);
#11574=CARTESIAN_POINT('',(32.034043189,1.827831338,23.863703971));
#11575=VERTEX_POINT('',#11574);
#11576=CARTESIAN_POINT('',(32.034043189,1.827831338,23.863703971));
#11577=DIRECTION('',(0.903074732,0.,-0.429483443));
#11578=VECTOR('',#11577,0.490490724);
#11579=LINE('',#11576,#11578);
#11580=EDGE_CURVE('NONE',#11575,#11567,#11579,.T.);
#11581=ORIENTED_EDGE('',*,*,#11580,.F.);
#11582=CARTESIAN_POINT('',(31.71169088,1.827831338,23.494014723));
#11583=VERTEX_POINT('',#11582);
#11584=CARTESIAN_POINT('',(31.71169088,1.827831338,23.494014723));
#11585=DIRECTION('',(0.657203679,-0.,0.753713025));
#11586=VECTOR('',#11585,0.490490724);
#11587=LINE('',#11584,#11586);
#11588=EDGE_CURVE('NONE',#11583,#11575,#11587,.T.);
#11589=ORIENTED_EDGE('',*,*,#11588,.F.);
#11590=CARTESIAN_POINT('',(31.342001633,1.827831338,23.816367032));
#11591=VERTEX_POINT('',#11590);
#11592=CARTESIAN_POINT('',(31.342001633,1.827831338,23.816367032));
#11593=DIRECTION('',(0.753713025,0.,-0.657203679));
#11594=VECTOR('',#11593,0.490490724);
#11595=LINE('',#11592,#11594);
#11596=EDGE_CURVE('NONE',#11591,#11583,#11595,.T.);
#11597=ORIENTED_EDGE('',*,*,#11596,.F.);
#11598=CARTESIAN_POINT('',(30.931862057,1.827831338,23.547356476));
#11599=VERTEX_POINT('',#11598);
#11600=CARTESIAN_POINT('',(30.931862057,1.827831338,23.547356476));
#11601=DIRECTION('',(0.836182124,-0.,0.548451871));
#11602=VECTOR('',#11601,0.490490724);
#11603=LINE('',#11600,#11602);
#11604=EDGE_CURVE('NONE',#11599,#11591,#11603,.T.);
#11605=ORIENTED_EDGE('',*,*,#11604,.F.);
#11606=CARTESIAN_POINT('',(30.662851501,1.827831338,23.957496052));
#11607=VERTEX_POINT('',#11606);
#11608=CARTESIAN_POINT('',(30.662851501,1.827831338,23.957496052));
#11609=DIRECTION('',(0.548451871,0.,-0.836182124));
#11610=VECTOR('',#11609,0.490490724);
#11611=LINE('',#11608,#11610);
#11612=EDGE_CURVE('NONE',#11607,#11599,#11611,.T.);
#11613=ORIENTED_EDGE('',*,*,#11612,.F.);
#11614=CARTESIAN_POINT('',(30.195342834,1.827831338,23.809115471));
#11615=VERTEX_POINT('',#11614);
#11616=CARTESIAN_POINT('',(30.195342834,1.827831338,23.809115471));
#11617=DIRECTION('',(0.953144767,-0.,0.302514551));
#11618=VECTOR('',#11617,0.490490724);
#11619=LINE('',#11616,#11618);
#11620=EDGE_CURVE('NONE',#11615,#11607,#11619,.T.);
#11621=ORIENTED_EDGE('',*,*,#11620,.F.);
#11622=CARTESIAN_POINT('',(30.046962253,1.827831338,24.276624138));
#11623=VERTEX_POINT('',#11622);
#11624=CARTESIAN_POINT('',(30.046962253,1.827831338,24.276624138));
#11625=DIRECTION('',(0.302514551,0.,-0.953144767));
#11626=VECTOR('',#11625,0.490490724);
#11627=LINE('',#11624,#11626);
#11628=EDGE_CURVE('NONE',#11623,#11615,#11627,.T.);
#11629=ORIENTED_EDGE('',*,*,#11628,.F.);
#11630=CARTESIAN_POINT('',(29.556757474,1.827831338,24.25987824));
#11631=VERTEX_POINT('',#11630);
#11632=CARTESIAN_POINT('',(29.556757474,1.827831338,24.25987824));
#11633=DIRECTION('',(0.999417022,-0.,0.03414111));
#11634=VECTOR('',#11633,0.490490724);
#11635=LINE('',#11632,#11634);
#11636=EDGE_CURVE('NONE',#11631,#11623,#11635,.T.);
#11637=ORIENTED_EDGE('',*,*,#11636,.F.);
#11638=CARTESIAN_POINT('',(29.540011576,1.827831338,24.750083019));
#11639=VERTEX_POINT('',#11638);
#11640=CARTESIAN_POINT('',(29.540011576,1.827831338,24.750083019));
#11641=DIRECTION('',(0.03414111,0.,-0.999417022));
#11642=VECTOR('',#11641,0.490490724);
#11643=LINE('',#11640,#11642);
#11644=EDGE_CURVE('NONE',#11639,#11631,#11643,.T.);
#11645=ORIENTED_EDGE('',*,*,#11644,.F.);
#11646=CARTESIAN_POINT('',(29.063466931,1.827831338,24.866213771));
#11647=VERTEX_POINT('',#11646);
#11648=CARTESIAN_POINT('',(29.063466931,1.827831338,24.866213771));
#11649=DIRECTION('',(0.971567089,0.,-0.23676442));
#11650=VECTOR('',#11649,0.490490724);
#11651=LINE('',#11648,#11650);
#11652=EDGE_CURVE('NONE',#11647,#11639,#11651,.T.);
#11653=ORIENTED_EDGE('',*,*,#11652,.F.);
#11654=CARTESIAN_POINT('',(29.179597683,1.827831338,25.342758416));
#11655=DIRECTION('',(-0.23676442,0.,-0.971567089));
#11656=VECTOR('',#11655,0.490490724);
#11657=LINE('',#11654,#11656);
#11658=EDGE_CURVE('NONE',#11311,#11647,#11657,.T.);
#11659=ORIENTED_EDGE('',*,*,#11658,.F.);
#11660=EDGE_LOOP('',(#11317,#11325,#11333,#11339,#11340,#11341,#11349,#11357,#11365,#11373,#11381,#11389,#11397,#11405,#11413,#11421,#11429,#11437,#11445,#11453,#11461,#11469,#11477,#11485,#11493,#11501,
#11509,#11517,#11525,#11533,#11541,#11549,#11557,#11565,#11573,#11581,#11589,#11597,#11605,#11613,#11621,#11629,#11637,#11645,#11653,#11659));
#11661=FACE_BOUND('',#11660,.T.);
#11662=ADVANCED_FACE('NONE',(#11307,#11661),#11297,.T.);
#11663=OVER_RIDING_STYLED_ITEM('',(#3068),#11662,#4734);
#11664=CARTESIAN_POINT('',(29.179597683,1.827831338,27.372288832));
#11665=DIRECTION('',(-0.971567089,0.,-0.23676442));
#11666=DIRECTION('',(0.23676442,0.,-0.971567089));
#11667=AXIS2_PLACEMENT_3D('',#11664,#11665,#11666);
#11668=PLANE('',#11667);
#11669=ORIENTED_EDGE('',*,*,#11348,.F.);
#11670=ORIENTED_EDGE('',*,*,#11262,.F.);
#11671=ORIENTED_EDGE('',*,*,#10869,.T.);
#11672=CARTESIAN_POINT('',(29.063466931,-1.372168662,27.848833478));
#11673=DIRECTION('',(0.,1.,0.));
#11674=VECTOR('',#11673,3.2);
#11675=LINE('',#11672,#11674);
#11676=EDGE_CURVE('NONE',#10864,#11343,#11675,.T.);
#11677=ORIENTED_EDGE('',*,*,#11676,.T.);
#11678=EDGE_LOOP('',(#11669,#11670,#11671,#11677));
#11679=FACE_BOUND('',#11678,.T.);
#11680=ADVANCED_FACE('NONE',(#11679),#11668,.T.);
#11681=OVER_RIDING_STYLED_ITEM('',(#3068),#11680,#4734);
#11682=CARTESIAN_POINT('',(28.645621506,1.827831338,26.357523624));
#11683=DIRECTION('',(-0.707106781,0.,0.707106781));
#11684=DIRECTION('',(-0.707106781,0.,-0.707106781));
#11685=AXIS2_PLACEMENT_3D('',#11682,#11683,#11684);
#11686=PLANE('',#11685);
#11687=ORIENTED_EDGE('',*,*,#11338,.F.);
#11688=CARTESIAN_POINT('',(28.645621506,1.827831338,26.357523624));
#11689=DIRECTION('',(-0.,-1.,-0.));
#11690=VECTOR('',#11689,3.2);
#11691=LINE('',#11688,#11690);
#11692=EDGE_CURVE('NONE',#11327,#10888,#11691,.T.);
#11693=ORIENTED_EDGE('',*,*,#11692,.T.);
#11694=ORIENTED_EDGE('',*,*,#10893,.T.);
#11695=ORIENTED_EDGE('',*,*,#11285,.F.);
#11696=EDGE_LOOP('',(#11687,#11693,#11694,#11695));
#11697=FACE_BOUND('',#11696,.T.);
#11698=ADVANCED_FACE('NONE',(#11697),#11686,.T.);
#11699=OVER_RIDING_STYLED_ITEM('',(#3068),#11698,#4734);
#11700=CARTESIAN_POINT('',(31.515821506,-1.757168662,26.357523624));
#11701=DIRECTION('',(-0.,-1.,-0.));
#11702=DIRECTION('',(-1.,0.,-0.));
#11703=AXIS2_PLACEMENT_3D('',#11700,#11701,#11702);
#11704=CYLINDRICAL_SURFACE('',#11703,1.054624244);
#11705=ORIENTED_EDGE('',*,*,#5484,.F.);
#11706=ORIENTED_EDGE('',*,*,#11303,.F.);
#11707=ORIENTED_EDGE('',*,*,#5499,.T.);
#11708=CARTESIAN_POINT('',(31.515821506,-5.342168662,26.357523624));
#11709=DIRECTION('',(0.,1.,0.));
#11710=DIRECTION('',(-1.,0.,-0.));
#11711=AXIS2_PLACEMENT_3D('',#11708,#11709,#11710);
#11712=CIRCLE('',#11711,1.054624244);
#11713=EDGE_CURVE('NONE',#5479,#5487,#11712,.T.);
#11714=ORIENTED_EDGE('',*,*,#11713,.F.);
#11715=EDGE_LOOP('',(#11705,#11706,#11707,#11714));
#11716=FACE_BOUND('',#11715,.T.);
#11717=ADVANCED_FACE('NONE',(#11716),#11704,.F.);
#11718=OVER_RIDING_STYLED_ITEM('',(#3068),#11717,#4734);
#11719=CARTESIAN_POINT('',(29.063466931,1.827831338,27.848833478));
#11720=DIRECTION('',(-0.23676442,0.,0.971567089));
#11721=DIRECTION('',(-0.971567089,0.,-0.23676442));
#11722=AXIS2_PLACEMENT_3D('',#11719,#11720,#11721);
#11723=PLANE('',#11722);
#11724=ORIENTED_EDGE('',*,*,#11356,.T.);
#11725=ORIENTED_EDGE('',*,*,#11676,.F.);
#11726=ORIENTED_EDGE('',*,*,#11227,.T.);
#11727=CARTESIAN_POINT('',(29.540011576,-1.372168662,27.96496423));
#11728=DIRECTION('',(0.,1.,0.));
#11729=VECTOR('',#11728,3.2);
#11730=LINE('',#11727,#11729);
#11731=EDGE_CURVE('NONE',#11216,#11351,#11730,.T.);
#11732=ORIENTED_EDGE('',*,*,#11731,.T.);
#11733=EDGE_LOOP('',(#11724,#11725,#11726,#11732));
#11734=FACE_BOUND('',#11733,.T.);
#11735=ADVANCED_FACE('NONE',(#11734),#11723,.T.);
#11736=OVER_RIDING_STYLED_ITEM('',(#3068),#11735,#4734);
#11737=CARTESIAN_POINT('',(28.992450823,1.827831338,26.010694307));
#11738=DIRECTION('',(-0.707106781,0.,-0.707106781));
#11739=DIRECTION('',(0.707106781,0.,-0.707106781));
#11740=AXIS2_PLACEMENT_3D('',#11737,#11738,#11739);
#11741=PLANE('',#11740);
#11742=ORIENTED_EDGE('',*,*,#11332,.T.);
#11743=CARTESIAN_POINT('',(28.992450823,1.827831338,26.010694307));
#11744=DIRECTION('',(-0.,-1.,-0.));
#11745=VECTOR('',#11744,3.2);
#11746=LINE('',#11743,#11745);
#11747=EDGE_CURVE('NONE',#11319,#10896,#11746,.T.);
#11748=ORIENTED_EDGE('',*,*,#11747,.T.);
#11749=ORIENTED_EDGE('',*,*,#10901,.T.);
#11750=ORIENTED_EDGE('',*,*,#11692,.F.);
#11751=EDGE_LOOP('',(#11742,#11748,#11749,#11750));
#11752=FACE_BOUND('',#11751,.T.);
#11753=ADVANCED_FACE('NONE',(#11752),#11741,.T.);
#11754=OVER_RIDING_STYLED_ITEM('',(#3068),#11753,#4734);
#11755=CARTESIAN_POINT('',(30.988509384,-5.342168662,26.357523624));
#11756=DIRECTION('',(-0.,1.,0.));
#11757=DIRECTION('',(1.,-0.,0.));
#11758=AXIS2_PLACEMENT_3D('',#11755,#11756,#11757);
#11759=PLANE('',#11758);
#11760=ORIENTED_EDGE('',*,*,#5493,.T.);
#11761=ORIENTED_EDGE('',*,*,#11713,.T.);
#11762=EDGE_LOOP('',(#11760,#11761));
#11763=FACE_BOUND('',#11762,.T.);
#11764=ADVANCED_FACE('NONE',(#11763),#11759,.T.);
#11765=CARTESIAN_POINT('',(29.540011576,1.827831338,27.96496423));
#11766=DIRECTION('',(-0.999417022,0.,0.03414111));
#11767=DIRECTION('',(-0.03414111,0.,-0.999417022));
#11768=AXIS2_PLACEMENT_3D('',#11765,#11766,#11767);
#11769=PLANE('',#11768);
#11770=ORIENTED_EDGE('',*,*,#11364,.T.);
#11771=ORIENTED_EDGE('',*,*,#11731,.F.);
#11772=ORIENTED_EDGE('',*,*,#11221,.T.);
#11773=CARTESIAN_POINT('',(29.556757474,-1.372168662,28.455169009));
#11774=DIRECTION('',(0.,1.,0.));
#11775=VECTOR('',#11774,3.2);
#11776=LINE('',#11773,#11775);
#11777=EDGE_CURVE('NONE',#11208,#11359,#11776,.T.);
#11778=ORIENTED_EDGE('',*,*,#11777,.T.);
#11779=EDGE_LOOP('',(#11770,#11771,#11772,#11778));
#11780=FACE_BOUND('',#11779,.T.);
#11781=ADVANCED_FACE('NONE',(#11780),#11769,.T.);
#11782=OVER_RIDING_STYLED_ITEM('',(#3068),#11781,#4734);
#11783=CARTESIAN_POINT('',(28.752056308,1.827831338,25.583152932));
#11784=DIRECTION('',(-0.87166047,0.,0.490110217));
#11785=DIRECTION('',(-0.490110217,0.,-0.87166047));
#11786=AXIS2_PLACEMENT_3D('',#11783,#11784,#11785);
#11787=PLANE('',#11786);
#11788=ORIENTED_EDGE('',*,*,#11324,.T.);
#11789=CARTESIAN_POINT('',(28.752056308,1.827831338,25.583152932));
#11790=DIRECTION('',(-0.,-1.,-0.));
#11791=VECTOR('',#11790,3.2);
#11792=LINE('',#11789,#11791);
#11793=EDGE_CURVE('NONE',#11309,#10904,#11792,.T.);
#11794=ORIENTED_EDGE('',*,*,#11793,.T.);
#11795=ORIENTED_EDGE('',*,*,#10909,.T.);
#11796=ORIENTED_EDGE('',*,*,#11747,.F.);
#11797=EDGE_LOOP('',(#11788,#11794,#11795,#11796));
#11798=FACE_BOUND('',#11797,.T.);
#11799=ADVANCED_FACE('NONE',(#11798),#11787,.T.);
#11800=OVER_RIDING_STYLED_ITEM('',(#3068),#11799,#4734);
#11801=CARTESIAN_POINT('',(29.556757474,1.827831338,28.455169009));
#11802=DIRECTION('',(0.03414111,-0.,0.999417022));
#11803=DIRECTION('',(-0.999417022,-0.,0.03414111));
#11804=AXIS2_PLACEMENT_3D('',#11801,#11802,#11803);
#11805=PLANE('',#11804);
#11806=ORIENTED_EDGE('',*,*,#11372,.T.);
#11807=ORIENTED_EDGE('',*,*,#11777,.F.);
#11808=ORIENTED_EDGE('',*,*,#11213,.T.);
#11809=CARTESIAN_POINT('',(30.046962253,-1.372168662,28.438423111));
#11810=DIRECTION('',(-0.,1.,0.));
#11811=VECTOR('',#11810,3.2);
#11812=LINE('',#11809,#11811);
#11813=EDGE_CURVE('NONE',#11200,#11367,#11812,.T.);
#11814=ORIENTED_EDGE('',*,*,#11813,.T.);
#11815=EDGE_LOOP('',(#11806,#11807,#11808,#11814));
#11816=FACE_BOUND('',#11815,.T.);
#11817=ADVANCED_FACE('NONE',(#11816),#11805,.T.);
#11818=OVER_RIDING_STYLED_ITEM('',(#3068),#11817,#4734);
#11819=CARTESIAN_POINT('',(29.179597683,1.827831338,25.342758416));
#11820=DIRECTION('',(-0.490110217,0.,-0.87166047));
#11821=DIRECTION('',(0.87166047,0.,-0.490110217));
#11822=AXIS2_PLACEMENT_3D('',#11819,#11820,#11821);
#11823=PLANE('',#11822);
#11824=ORIENTED_EDGE('',*,*,#11316,.T.);
#11825=CARTESIAN_POINT('',(29.179597683,1.827831338,25.342758416));
#11826=DIRECTION('',(-0.,-1.,-0.));
#11827=VECTOR('',#11826,3.2);
#11828=LINE('',#11825,#11827);
#11829=EDGE_CURVE('NONE',#11311,#10912,#11828,.T.);
#11830=ORIENTED_EDGE('',*,*,#11829,.T.);
#11831=ORIENTED_EDGE('',*,*,#10917,.T.);
#11832=ORIENTED_EDGE('',*,*,#11793,.F.);
#11833=EDGE_LOOP('',(#11824,#11830,#11831,#11832));
#11834=FACE_BOUND('',#11833,.T.);
#11835=ADVANCED_FACE('NONE',(#11834),#11823,.T.);
#11836=OVER_RIDING_STYLED_ITEM('',(#3068),#11835,#4734);
#11837=CARTESIAN_POINT('',(30.046962253,1.827831338,28.438423111));
#11838=DIRECTION('',(-0.953144767,0.,0.302514551));
#11839=DIRECTION('',(-0.302514551,0.,-0.953144767));
#11840=AXIS2_PLACEMENT_3D('',#11837,#11838,#11839);
#11841=PLANE('',#11840);
#11842=ORIENTED_EDGE('',*,*,#11380,.T.);
#11843=ORIENTED_EDGE('',*,*,#11813,.F.);
#11844=ORIENTED_EDGE('',*,*,#11205,.T.);
#11845=CARTESIAN_POINT('',(30.195342834,-1.372168662,28.905931778));
#11846=DIRECTION('',(0.,1.,0.));
#11847=VECTOR('',#11846,3.2);
#11848=LINE('',#11845,#11847);
#11849=EDGE_CURVE('NONE',#11192,#11375,#11848,.T.);
#11850=ORIENTED_EDGE('',*,*,#11849,.T.);
#11851=EDGE_LOOP('',(#11842,#11843,#11844,#11850));
#11852=FACE_BOUND('',#11851,.T.);
#11853=ADVANCED_FACE('NONE',(#11852),#11841,.T.);
#11854=OVER_RIDING_STYLED_ITEM('',(#3068),#11853,#4734);
#11855=CARTESIAN_POINT('',(29.063466931,1.827831338,24.866213771));
#11856=DIRECTION('',(-0.971567089,0.,0.23676442));
#11857=DIRECTION('',(-0.23676442,0.,-0.971567089));
#11858=AXIS2_PLACEMENT_3D('',#11855,#11856,#11857);
#11859=PLANE('',#11858);
#11860=ORIENTED_EDGE('',*,*,#11658,.T.);
#11861=CARTESIAN_POINT('',(29.063466931,1.827831338,24.866213771));
#11862=DIRECTION('',(-0.,-1.,-0.));
#11863=VECTOR('',#11862,3.2);
#11864=LINE('',#11861,#11863);
#11865=EDGE_CURVE('NONE',#11647,#10920,#11864,.T.);
#11866=ORIENTED_EDGE('',*,*,#11865,.T.);
#11867=ORIENTED_EDGE('',*,*,#10925,.T.);
#11868=ORIENTED_EDGE('',*,*,#11829,.F.);
#11869=EDGE_LOOP('',(#11860,#11866,#11867,#11868));
#11870=FACE_BOUND('',#11869,.T.);
#11871=ADVANCED_FACE('NONE',(#11870),#11859,.T.);
#11872=OVER_RIDING_STYLED_ITEM('',(#3068),#11871,#4734);
#11873=CARTESIAN_POINT('',(30.195342834,1.827831338,28.905931778));
#11874=DIRECTION('',(0.302514551,0.,0.953144767));
#11875=DIRECTION('',(-0.953144767,-0.,0.302514551));
#11876=AXIS2_PLACEMENT_3D('',#11873,#11874,#11875);
#11877=PLANE('',#11876);
#11878=ORIENTED_EDGE('',*,*,#11388,.T.);
#11879=ORIENTED_EDGE('',*,*,#11849,.F.);
#11880=ORIENTED_EDGE('',*,*,#11197,.T.);
#11881=CARTESIAN_POINT('',(30.662851501,-1.372168662,28.757551197));
#11882=DIRECTION('',(-0.,1.,0.));
#11883=VECTOR('',#11882,3.2);
#11884=LINE('',#11881,#11883);
#11885=EDGE_CURVE('NONE',#11184,#11383,#11884,.T.);
#11886=ORIENTED_EDGE('',*,*,#11885,.T.);
#11887=EDGE_LOOP('',(#11878,#11879,#11880,#11886));
#11888=FACE_BOUND('',#11887,.T.);
#11889=ADVANCED_FACE('NONE',(#11888),#11877,.T.);
#11890=OVER_RIDING_STYLED_ITEM('',(#3068),#11889,#4734);
#11891=CARTESIAN_POINT('',(29.540011576,1.827831338,24.750083019));
#11892=DIRECTION('',(-0.23676442,0.,-0.971567089));
#11893=DIRECTION('',(0.971567089,0.,-0.23676442));
#11894=AXIS2_PLACEMENT_3D('',#11891,#11892,#11893);
#11895=PLANE('',#11894);
#11896=ORIENTED_EDGE('',*,*,#11652,.T.);
#11897=CARTESIAN_POINT('',(29.540011576,1.827831338,24.750083019));
#11898=DIRECTION('',(-0.,-1.,-0.));
#11899=VECTOR('',#11898,3.2);
#11900=LINE('',#11897,#11899);
#11901=EDGE_CURVE('NONE',#11639,#10928,#11900,.T.);
#11902=ORIENTED_EDGE('',*,*,#11901,.T.);
#11903=ORIENTED_EDGE('',*,*,#10933,.T.);
#11904=ORIENTED_EDGE('',*,*,#11865,.F.);
#11905=EDGE_LOOP('',(#11896,#11902,#11903,#11904));
#11906=FACE_BOUND('',#11905,.T.);
#11907=ADVANCED_FACE('NONE',(#11906),#11895,.T.);
#11908=OVER_RIDING_STYLED_ITEM('',(#3068),#11907,#4734);
#11909=CARTESIAN_POINT('',(30.662851501,1.827831338,28.757551197));
#11910=DIRECTION('',(-0.836182124,0.,0.548451871));
#11911=DIRECTION('',(-0.548451871,0.,-0.836182124));
#11912=AXIS2_PLACEMENT_3D('',#11909,#11910,#11911);
#11913=PLANE('',#11912);
#11914=ORIENTED_EDGE('',*,*,#11396,.T.);
#11915=ORIENTED_EDGE('',*,*,#11885,.F.);
#11916=ORIENTED_EDGE('',*,*,#11189,.T.);
#11917=CARTESIAN_POINT('',(30.931862057,-1.372168662,29.167690773));
#11918=DIRECTION('',(0.,1.,0.));
#11919=VECTOR('',#11918,3.2);
#11920=LINE('',#11917,#11919);
#11921=EDGE_CURVE('NONE',#11176,#11391,#11920,.T.);
#11922=ORIENTED_EDGE('',*,*,#11921,.T.);
#11923=EDGE_LOOP('',(#11914,#11915,#11916,#11922));
#11924=FACE_BOUND('',#11923,.T.);
#11925=ADVANCED_FACE('NONE',(#11924),#11913,.T.);
#11926=OVER_RIDING_STYLED_ITEM('',(#3068),#11925,#4734);
#11927=CARTESIAN_POINT('',(29.556757474,1.827831338,24.25987824));
#11928=DIRECTION('',(-0.999417022,0.,-0.03414111));
#11929=DIRECTION('',(0.03414111,0.,-0.999417022));
#11930=AXIS2_PLACEMENT_3D('',#11927,#11928,#11929);
#11931=PLANE('',#11930);
#11932=ORIENTED_EDGE('',*,*,#11644,.T.);
#11933=CARTESIAN_POINT('',(29.556757474,1.827831338,24.25987824));
#11934=DIRECTION('',(-0.,-1.,-0.));
#11935=VECTOR('',#11934,3.2);
#11936=LINE('',#11933,#11935);
#11937=EDGE_CURVE('NONE',#11631,#10936,#11936,.T.);
#11938=ORIENTED_EDGE('',*,*,#11937,.T.);
#11939=ORIENTED_EDGE('',*,*,#10941,.T.);
#11940=ORIENTED_EDGE('',*,*,#11901,.F.);
#11941=EDGE_LOOP('',(#11932,#11938,#11939,#11940));
#11942=FACE_BOUND('',#11941,.T.);
#11943=ADVANCED_FACE('NONE',(#11942),#11931,.T.);
#11944=OVER_RIDING_STYLED_ITEM('',(#3068),#11943,#4734);
#11945=CARTESIAN_POINT('',(30.931862057,1.827831338,29.167690773));
#11946=DIRECTION('',(0.548451871,0.,0.836182124));
#11947=DIRECTION('',(-0.836182124,-0.,0.548451871));
#11948=AXIS2_PLACEMENT_3D('',#11945,#11946,#11947);
#11949=PLANE('',#11948);
#11950=ORIENTED_EDGE('',*,*,#11404,.T.);
#11951=ORIENTED_EDGE('',*,*,#11921,.F.);
#11952=ORIENTED_EDGE('',*,*,#11181,.T.);
#11953=CARTESIAN_POINT('',(31.342001633,-1.372168662,28.898680217));
#11954=DIRECTION('',(-0.,1.,0.));
#11955=VECTOR('',#11954,3.2);
#11956=LINE('',#11953,#11955);
#11957=EDGE_CURVE('NONE',#11168,#11399,#11956,.T.);
#11958=ORIENTED_EDGE('',*,*,#11957,.T.);
#11959=EDGE_LOOP('',(#11950,#11951,#11952,#11958));
#11960=FACE_BOUND('',#11959,.T.);
#11961=ADVANCED_FACE('NONE',(#11960),#11949,.T.);
#11962=OVER_RIDING_STYLED_ITEM('',(#3068),#11961,#4734);
#11963=CARTESIAN_POINT('',(30.046962253,1.827831338,24.276624138));
#11964=DIRECTION('',(0.03414111,0.,-0.999417022));
#11965=DIRECTION('',(0.999417022,-0.,0.03414111));
#11966=AXIS2_PLACEMENT_3D('',#11963,#11964,#11965);
#11967=PLANE('',#11966);
#11968=ORIENTED_EDGE('',*,*,#11636,.T.);
#11969=CARTESIAN_POINT('',(30.046962253,1.827831338,24.276624138));
#11970=DIRECTION('',(0.,-1.,-0.));
#11971=VECTOR('',#11970,3.2);
#11972=LINE('',#11969,#11971);
#11973=EDGE_CURVE('NONE',#11623,#10944,#11972,.T.);
#11974=ORIENTED_EDGE('',*,*,#11973,.T.);
#11975=ORIENTED_EDGE('',*,*,#10949,.T.);
#11976=ORIENTED_EDGE('',*,*,#11937,.F.);
#11977=EDGE_LOOP('',(#11968,#11974,#11975,#11976));
#11978=FACE_BOUND('',#11977,.T.);
#11979=ADVANCED_FACE('NONE',(#11978),#11967,.T.);
#11980=OVER_RIDING_STYLED_ITEM('',(#3068),#11979,#4734);
#11981=CARTESIAN_POINT('',(31.342001633,1.827831338,28.898680217));
#11982=DIRECTION('',(-0.657203679,0.,0.753713025));
#11983=DIRECTION('',(-0.753713025,0.,-0.657203679));
#11984=AXIS2_PLACEMENT_3D('',#11981,#11982,#11983);
#11985=PLANE('',#11984);
#11986=ORIENTED_EDGE('',*,*,#11412,.T.);
#11987=ORIENTED_EDGE('',*,*,#11957,.F.);
#11988=ORIENTED_EDGE('',*,*,#11173,.T.);
#11989=CARTESIAN_POINT('',(31.71169088,-1.372168662,29.221032526));
#11990=DIRECTION('',(0.,1.,0.));
#11991=VECTOR('',#11990,3.2);
#11992=LINE('',#11989,#11991);
#11993=EDGE_CURVE('NONE',#11160,#11407,#11992,.T.);
#11994=ORIENTED_EDGE('',*,*,#11993,.T.);
#11995=EDGE_LOOP('',(#11986,#11987,#11988,#11994));
#11996=FACE_BOUND('',#11995,.T.);
#11997=ADVANCED_FACE('NONE',(#11996),#11985,.T.);
#11998=OVER_RIDING_STYLED_ITEM('',(#3068),#11997,#4734);
#11999=CARTESIAN_POINT('',(30.195342834,1.827831338,23.809115471));
#12000=DIRECTION('',(-0.953144767,0.,-0.302514551));
#12001=DIRECTION('',(0.302514551,0.,-0.953144767));
#12002=AXIS2_PLACEMENT_3D('',#11999,#12000,#12001);
#12003=PLANE('',#12002);
#12004=ORIENTED_EDGE('',*,*,#11628,.T.);
#12005=CARTESIAN_POINT('',(30.195342834,1.827831338,23.809115471));
#12006=DIRECTION('',(-0.,-1.,-0.));
#12007=VECTOR('',#12006,3.2);
#12008=LINE('',#12005,#12007);
#12009=EDGE_CURVE('NONE',#11615,#10952,#12008,.T.);
#12010=ORIENTED_EDGE('',*,*,#12009,.T.);
#12011=ORIENTED_EDGE('',*,*,#10957,.T.);
#12012=ORIENTED_EDGE('',*,*,#11973,.F.);
#12013=EDGE_LOOP('',(#12004,#12010,#12011,#12012));
#12014=FACE_BOUND('',#12013,.T.);
#12015=ADVANCED_FACE('NONE',(#12014),#12003,.T.);
#12016=OVER_RIDING_STYLED_ITEM('',(#3068),#12015,#4734);
#12017=CARTESIAN_POINT('',(31.71169088,1.827831338,29.221032526));
#12018=DIRECTION('',(0.753713025,0.,0.657203679));
#12019=DIRECTION('',(-0.657203679,-0.,0.753713025));
#12020=AXIS2_PLACEMENT_3D('',#12017,#12018,#12019);
#12021=PLANE('',#12020);
#12022=ORIENTED_EDGE('',*,*,#11420,.T.);
#12023=ORIENTED_EDGE('',*,*,#11993,.F.);
#12024=ORIENTED_EDGE('',*,*,#11165,.T.);
#12025=CARTESIAN_POINT('',(32.034043189,-1.372168662,28.851343278));
#12026=DIRECTION('',(-0.,1.,0.));
#12027=VECTOR('',#12026,3.2);
#12028=LINE('',#12025,#12027);
#12029=EDGE_CURVE('NONE',#11152,#11415,#12028,.T.);
#12030=ORIENTED_EDGE('',*,*,#12029,.T.);
#12031=EDGE_LOOP('',(#12022,#12023,#12024,#12030));
#12032=FACE_BOUND('',#12031,.T.);
#12033=ADVANCED_FACE('NONE',(#12032),#12021,.T.);
#12034=OVER_RIDING_STYLED_ITEM('',(#3068),#12033,#4734);
#12035=CARTESIAN_POINT('',(30.662851501,1.827831338,23.957496052));
#12036=DIRECTION('',(0.302514551,0.,-0.953144767));
#12037=DIRECTION('',(0.953144767,-0.,0.302514551));
#12038=AXIS2_PLACEMENT_3D('',#12035,#12036,#12037);
#12039=PLANE('',#12038);
#12040=ORIENTED_EDGE('',*,*,#11620,.T.);
#12041=CARTESIAN_POINT('',(30.662851501,1.827831338,23.957496052));
#12042=DIRECTION('',(0.,-1.,-0.));
#12043=VECTOR('',#12042,3.2);
#12044=LINE('',#12041,#12043);
#12045=EDGE_CURVE('NONE',#11607,#10960,#12044,.T.);
#12046=ORIENTED_EDGE('',*,*,#12045,.T.);
#12047=ORIENTED_EDGE('',*,*,#10965,.T.);
#12048=ORIENTED_EDGE('',*,*,#12009,.F.);
#12049=EDGE_LOOP('',(#12040,#12046,#12047,#12048));
#12050=FACE_BOUND('',#12049,.T.);
#12051=ADVANCED_FACE('NONE',(#12050),#12039,.T.);
#12052=OVER_RIDING_STYLED_ITEM('',(#3068),#12051,#4734);
#12053=CARTESIAN_POINT('',(32.034043189,1.827831338,28.851343278));
#12054=DIRECTION('',(-0.429483443,0.,0.903074732));
#12055=DIRECTION('',(-0.903074732,0.,-0.429483443));
#12056=AXIS2_PLACEMENT_3D('',#12053,#12054,#12055);
#12057=PLANE('',#12056);
#12058=ORIENTED_EDGE('',*,*,#11428,.T.);
#12059=ORIENTED_EDGE('',*,*,#12029,.F.);
#12060=ORIENTED_EDGE('',*,*,#11157,.T.);
#12061=CARTESIAN_POINT('',(32.476992969,-1.372168662,29.062000923));
#12062=DIRECTION('',(0.,1.,0.));
#12063=VECTOR('',#12062,3.2);
#12064=LINE('',#12061,#12063);
#12065=EDGE_CURVE('NONE',#11144,#11423,#12064,.T.);
#12066=ORIENTED_EDGE('',*,*,#12065,.T.);
#12067=EDGE_LOOP('',(#12058,#12059,#12060,#12066));
#12068=FACE_BOUND('',#12067,.T.);
#12069=ADVANCED_FACE('NONE',(#12068),#12057,.T.);
#12070=OVER_RIDING_STYLED_ITEM('',(#3068),#12069,#4734);
#12071=CARTESIAN_POINT('',(30.931862057,1.827831338,23.547356476));
#12072=DIRECTION('',(-0.836182124,0.,-0.548451871));
#12073=DIRECTION('',(0.548451871,0.,-0.836182124));
#12074=AXIS2_PLACEMENT_3D('',#12071,#12072,#12073);
#12075=PLANE('',#12074);
#12076=ORIENTED_EDGE('',*,*,#11612,.T.);
#12077=CARTESIAN_POINT('',(30.931862057,1.827831338,23.547356476));
#12078=DIRECTION('',(-0.,-1.,-0.));
#12079=VECTOR('',#12078,3.2);
#12080=LINE('',#12077,#12079);
#12081=EDGE_CURVE('NONE',#11599,#10968,#12080,.T.);
#12082=ORIENTED_EDGE('',*,*,#12081,.T.);
#12083=ORIENTED_EDGE('',*,*,#10973,.T.);
#12084=ORIENTED_EDGE('',*,*,#12045,.F.);
#12085=EDGE_LOOP('',(#12076,#12082,#12083,#12084));
#12086=FACE_BOUND('',#12085,.T.);
#12087=ADVANCED_FACE('NONE',(#12086),#12075,.T.);
#12088=OVER_RIDING_STYLED_ITEM('',(#3068),#12087,#4734);
#12089=CARTESIAN_POINT('',(32.476992969,1.827831338,29.062000923));
#12090=DIRECTION('',(0.903074732,0.,0.429483443));
#12091=DIRECTION('',(-0.429483443,-0.,0.903074732));
#12092=AXIS2_PLACEMENT_3D('',#12089,#12090,#12091);
#12093=PLANE('',#12092);
#12094=ORIENTED_EDGE('',*,*,#11436,.T.);
#12095=ORIENTED_EDGE('',*,*,#12065,.F.);
#12096=ORIENTED_EDGE('',*,*,#11149,.T.);
#12097=CARTESIAN_POINT('',(32.687650614,-1.372168662,28.619051144));
#12098=DIRECTION('',(-0.,1.,0.));
#12099=VECTOR('',#12098,3.2);
#12100=LINE('',#12097,#12099);
#12101=EDGE_CURVE('NONE',#11136,#11431,#12100,.T.);
#12102=ORIENTED_EDGE('',*,*,#12101,.T.);
#12103=EDGE_LOOP('',(#12094,#12095,#12096,#12102));
#12104=FACE_BOUND('',#12103,.T.);
#12105=ADVANCED_FACE('NONE',(#12104),#12093,.T.);
#12106=OVER_RIDING_STYLED_ITEM('',(#3068),#12105,#4734);
#12107=CARTESIAN_POINT('',(31.342001633,1.827831338,23.816367032));
#12108=DIRECTION('',(0.548451871,0.,-0.836182124));
#12109=DIRECTION('',(0.836182124,-0.,0.548451871));
#12110=AXIS2_PLACEMENT_3D('',#12107,#12108,#12109);
#12111=PLANE('',#12110);
#12112=ORIENTED_EDGE('',*,*,#11604,.T.);
#12113=CARTESIAN_POINT('',(31.342001633,1.827831338,23.816367032));
#12114=DIRECTION('',(0.,-1.,-0.));
#12115=VECTOR('',#12114,3.2);
#12116=LINE('',#12113,#12115);
#12117=EDGE_CURVE('NONE',#11591,#10976,#12116,.T.);
#12118=ORIENTED_EDGE('',*,*,#12117,.T.);
#12119=ORIENTED_EDGE('',*,*,#10981,.T.);
#12120=ORIENTED_EDGE('',*,*,#12081,.F.);
#12121=EDGE_LOOP('',(#12112,#12118,#12119,#12120));
#12122=FACE_BOUND('',#12121,.T.);
#12123=ADVANCED_FACE('NONE',(#12122),#12111,.T.);
#12124=OVER_RIDING_STYLED_ITEM('',(#3068),#12123,#4734);
#12125=CARTESIAN_POINT('',(32.687650614,1.827831338,28.619051144));
#12126=DIRECTION('',(-0.169910385,0.,0.985459518));
#12127=DIRECTION('',(-0.985459518,0.,-0.169910385));
#12128=AXIS2_PLACEMENT_3D('',#12125,#12126,#12127);
#12129=PLANE('',#12128);
#12130=ORIENTED_EDGE('',*,*,#11444,.T.);
#12131=ORIENTED_EDGE('',*,*,#12101,.F.);
#12132=ORIENTED_EDGE('',*,*,#11141,.T.);
#12133=CARTESIAN_POINT('',(33.171009366,-1.372168662,28.702390611));
#12134=DIRECTION('',(0.,1.,0.));
#12135=VECTOR('',#12134,3.2);
#12136=LINE('',#12133,#12135);
#12137=EDGE_CURVE('NONE',#11128,#11439,#12136,.T.);
#12138=ORIENTED_EDGE('',*,*,#12137,.T.);
#12139=EDGE_LOOP('',(#12130,#12131,#12132,#12138));
#12140=FACE_BOUND('',#12139,.T.);
#12141=ADVANCED_FACE('NONE',(#12140),#12129,.T.);
#12142=OVER_RIDING_STYLED_ITEM('',(#3068),#12141,#4734);
#12143=CARTESIAN_POINT('',(31.71169088,1.827831338,23.494014723));
#12144=DIRECTION('',(-0.657203679,0.,-0.753713025));
#12145=DIRECTION('',(0.753713025,0.,-0.657203679));
#12146=AXIS2_PLACEMENT_3D('',#12143,#12144,#12145);
#12147=PLANE('',#12146);
#12148=ORIENTED_EDGE('',*,*,#11596,.T.);
#12149=CARTESIAN_POINT('',(31.71169088,1.827831338,23.494014723));
#12150=DIRECTION('',(-0.,-1.,-0.));
#12151=VECTOR('',#12150,3.2);
#12152=LINE('',#12149,#12151);
#12153=EDGE_CURVE('NONE',#11583,#10984,#12152,.T.);
#12154=ORIENTED_EDGE('',*,*,#12153,.T.);
#12155=ORIENTED_EDGE('',*,*,#10989,.T.);
#12156=ORIENTED_EDGE('',*,*,#12117,.F.);
#12157=EDGE_LOOP('',(#12148,#12154,#12155,#12156));
#12158=FACE_BOUND('',#12157,.T.);
#12159=ADVANCED_FACE('NONE',(#12158),#12147,.T.);
#12160=OVER_RIDING_STYLED_ITEM('',(#3068),#12159,#4734);
#12161=CARTESIAN_POINT('',(33.171009366,1.827831338,28.702390611));
#12162=DIRECTION('',(0.985459518,0.,0.169910385));
#12163=DIRECTION('',(-0.169910385,-0.,0.985459518));
#12164=AXIS2_PLACEMENT_3D('',#12161,#12162,#12163);
#12165=PLANE('',#12164);
#12166=ORIENTED_EDGE('',*,*,#11452,.T.);
#12167=ORIENTED_EDGE('',*,*,#12137,.F.);
#12168=ORIENTED_EDGE('',*,*,#11133,.T.);
#12169=CARTESIAN_POINT('',(33.254348834,-1.372168662,28.219031859));
#12170=DIRECTION('',(-0.,1.,0.));
#12171=VECTOR('',#12170,3.2);
#12172=LINE('',#12169,#12171);
#12173=EDGE_CURVE('NONE',#11120,#11447,#12172,.T.);
#12174=ORIENTED_EDGE('',*,*,#12173,.T.);
#12175=EDGE_LOOP('',(#12166,#12167,#12168,#12174));
#12176=FACE_BOUND('',#12175,.T.);
#12177=ADVANCED_FACE('NONE',(#12176),#12165,.T.);
#12178=OVER_RIDING_STYLED_ITEM('',(#3068),#12177,#4734);
#12179=CARTESIAN_POINT('',(32.034043189,1.827831338,23.863703971));
#12180=DIRECTION('',(0.753713025,0.,-0.657203679));
#12181=DIRECTION('',(0.657203679,-0.,0.753713025));
#12182=AXIS2_PLACEMENT_3D('',#12179,#12180,#12181);
#12183=PLANE('',#12182);
#12184=ORIENTED_EDGE('',*,*,#11588,.T.);
#12185=CARTESIAN_POINT('',(32.034043189,1.827831338,23.863703971));
#12186=DIRECTION('',(0.,-1.,-0.));
#12187=VECTOR('',#12186,3.2);
#12188=LINE('',#12185,#12187);
#12189=EDGE_CURVE('NONE',#11575,#10992,#12188,.T.);
#12190=ORIENTED_EDGE('',*,*,#12189,.T.);
#12191=ORIENTED_EDGE('',*,*,#10997,.T.);
#12192=ORIENTED_EDGE('',*,*,#12153,.F.);
#12193=EDGE_LOOP('',(#12184,#12190,#12191,#12192));
#12194=FACE_BOUND('',#12193,.T.);
#12195=ADVANCED_FACE('NONE',(#12194),#12183,.T.);
#12196=OVER_RIDING_STYLED_ITEM('',(#3068),#12195,#4734);
#12197=CARTESIAN_POINT('',(33.254348834,1.827831338,28.219031859));
#12198=DIRECTION('',(0.102264149,0.,0.994757279));
#12199=DIRECTION('',(-0.994757279,-0.,0.102264149));
#12200=AXIS2_PLACEMENT_3D('',#12197,#12198,#12199);
#12201=PLANE('',#12200);
#12202=ORIENTED_EDGE('',*,*,#11460,.T.);
#12203=ORIENTED_EDGE('',*,*,#12173,.F.);
#12204=ORIENTED_EDGE('',*,*,#11125,.T.);
#12205=CARTESIAN_POINT('',(33.742268052,-1.372168662,28.168872242));
#12206=DIRECTION('',(-0.,1.,0.));
#12207=VECTOR('',#12206,3.2);
#12208=LINE('',#12205,#12207);
#12209=EDGE_CURVE('NONE',#11112,#11455,#12208,.T.);
#12210=ORIENTED_EDGE('',*,*,#12209,.T.);
#12211=EDGE_LOOP('',(#12202,#12203,#12204,#12210));
#12212=FACE_BOUND('',#12211,.T.);
#12213=ADVANCED_FACE('NONE',(#12212),#12201,.T.);
#12214=OVER_RIDING_STYLED_ITEM('',(#3068),#12213,#4734);
#12215=CARTESIAN_POINT('',(32.476992969,1.827831338,23.653046326));
#12216=DIRECTION('',(-0.429483443,0.,-0.903074732));
#12217=DIRECTION('',(0.903074732,0.,-0.429483443));
#12218=AXIS2_PLACEMENT_3D('',#12215,#12216,#12217);
#12219=PLANE('',#12218);
#12220=ORIENTED_EDGE('',*,*,#11580,.T.);
#12221=CARTESIAN_POINT('',(32.476992969,1.827831338,23.653046326));
#12222=DIRECTION('',(-0.,-1.,-0.));
#12223=VECTOR('',#12222,3.2);
#12224=LINE('',#12221,#12223);
#12225=EDGE_CURVE('NONE',#11567,#11000,#12224,.T.);
#12226=ORIENTED_EDGE('',*,*,#12225,.T.);
#12227=ORIENTED_EDGE('',*,*,#11005,.T.);
#12228=ORIENTED_EDGE('',*,*,#12189,.F.);
#12229=EDGE_LOOP('',(#12220,#12226,#12227,#12228));
#12230=FACE_BOUND('',#12229,.T.);
#12231=ADVANCED_FACE('NONE',(#12230),#12219,.T.);
#12232=OVER_RIDING_STYLED_ITEM('',(#3068),#12231,#4734);
#12233=CARTESIAN_POINT('',(33.742268052,1.827831338,28.168872242));
#12234=DIRECTION('',(0.994757279,0.,-0.102264149));
#12235=DIRECTION('',(0.102264149,-0.,0.994757279));
#12236=AXIS2_PLACEMENT_3D('',#12233,#12234,#12235);
#12237=PLANE('',#12236);
#12238=ORIENTED_EDGE('',*,*,#11468,.T.);
#12239=ORIENTED_EDGE('',*,*,#12209,.F.);
#12240=ORIENTED_EDGE('',*,*,#11117,.T.);
#12241=CARTESIAN_POINT('',(33.692108436,-1.372168662,27.680953024));
#12242=DIRECTION('',(-0.,1.,0.));
#12243=VECTOR('',#12242,3.2);
#12244=LINE('',#12241,#12243);
#12245=EDGE_CURVE('NONE',#11104,#11463,#12244,.T.);
#12246=ORIENTED_EDGE('',*,*,#12245,.T.);
#12247=EDGE_LOOP('',(#12238,#12239,#12240,#12246));
#12248=FACE_BOUND('',#12247,.T.);
#12249=ADVANCED_FACE('NONE',(#12248),#12237,.T.);
#12250=OVER_RIDING_STYLED_ITEM('',(#3068),#12249,#4734);
#12251=CARTESIAN_POINT('',(32.687650614,1.827831338,24.095996105));
#12252=DIRECTION('',(0.903074732,0.,-0.429483443));
#12253=DIRECTION('',(0.429483443,-0.,0.903074732));
#12254=AXIS2_PLACEMENT_3D('',#12251,#12252,#12253);
#12255=PLANE('',#12254);
#12256=ORIENTED_EDGE('',*,*,#11572,.T.);
#12257=CARTESIAN_POINT('',(32.687650614,1.827831338,24.095996105));
#12258=DIRECTION('',(0.,-1.,-0.));
#12259=VECTOR('',#12258,3.2);
#12260=LINE('',#12257,#12259);
#12261=EDGE_CURVE('NONE',#11559,#11008,#12260,.T.);
#12262=ORIENTED_EDGE('',*,*,#12261,.T.);
#12263=ORIENTED_EDGE('',*,*,#11013,.T.);
#12264=ORIENTED_EDGE('',*,*,#12225,.F.);
#12265=EDGE_LOOP('',(#12256,#12262,#12263,#12264));
#12266=FACE_BOUND('',#12265,.T.);
#12267=ADVANCED_FACE('NONE',(#12266),#12255,.T.);
#12268=OVER_RIDING_STYLED_ITEM('',(#3068),#12267,#4734);
#12269=CARTESIAN_POINT('',(33.692108436,1.827831338,27.680953024));
#12270=DIRECTION('',(0.366854219,0.,0.930278443));
#12271=DIRECTION('',(-0.930278443,-0.,0.366854219));
#12272=AXIS2_PLACEMENT_3D('',#12269,#12270,#12271);
#12273=PLANE('',#12272);
#12274=ORIENTED_EDGE('',*,*,#11476,.T.);
#12275=ORIENTED_EDGE('',*,*,#12245,.F.);
#12276=ORIENTED_EDGE('',*,*,#11109,.T.);
#12277=CARTESIAN_POINT('',(34.148401383,-1.372168662,27.501014433));
#12278=DIRECTION('',(-0.,1.,0.));
#12279=VECTOR('',#12278,3.2);
#12280=LINE('',#12277,#12279);
#12281=EDGE_CURVE('NONE',#11096,#11471,#12280,.T.);
#12282=ORIENTED_EDGE('',*,*,#12281,.T.);
#12283=EDGE_LOOP('',(#12274,#12275,#12276,#12282));
#12284=FACE_BOUND('',#12283,.T.);
#12285=ADVANCED_FACE('NONE',(#12284),#12273,.T.);
#12286=OVER_RIDING_STYLED_ITEM('',(#3068),#12285,#4734);
#12287=CARTESIAN_POINT('',(33.171009366,1.827831338,24.012656638));
#12288=DIRECTION('',(-0.169910385,0.,-0.985459518));
#12289=DIRECTION('',(0.985459518,0.,-0.169910385));
#12290=AXIS2_PLACEMENT_3D('',#12287,#12288,#12289);
#12291=PLANE('',#12290);
#12292=ORIENTED_EDGE('',*,*,#11564,.T.);
#12293=CARTESIAN_POINT('',(33.171009366,1.827831338,24.012656638));
#12294=DIRECTION('',(-0.,-1.,-0.));
#12295=VECTOR('',#12294,3.2);
#12296=LINE('',#12293,#12295);
#12297=EDGE_CURVE('NONE',#11551,#11016,#12296,.T.);
#12298=ORIENTED_EDGE('',*,*,#12297,.T.);
#12299=ORIENTED_EDGE('',*,*,#11021,.T.);
#12300=ORIENTED_EDGE('',*,*,#12261,.F.);
#12301=EDGE_LOOP('',(#12292,#12298,#12299,#12300));
#12302=FACE_BOUND('',#12301,.T.);
#12303=ADVANCED_FACE('NONE',(#12302),#12291,.T.);
#12304=OVER_RIDING_STYLED_ITEM('',(#3068),#12303,#4734);
#12305=CARTESIAN_POINT('',(34.148401383,1.827831338,27.501014433));
#12306=DIRECTION('',(0.930278443,0.,-0.366854219));
#12307=DIRECTION('',(0.366854219,-0.,0.930278443));
#12308=AXIS2_PLACEMENT_3D('',#12305,#12306,#12307);
#12309=PLANE('',#12308);
#12310=ORIENTED_EDGE('',*,*,#11484,.T.);
#12311=ORIENTED_EDGE('',*,*,#12281,.F.);
#12312=ORIENTED_EDGE('',*,*,#11101,.T.);
#12313=CARTESIAN_POINT('',(33.968462792,-1.372168662,27.044721485));
#12314=DIRECTION('',(-0.,1.,0.));
#12315=VECTOR('',#12314,3.2);
#12316=LINE('',#12313,#12315);
#12317=EDGE_CURVE('NONE',#11088,#11479,#12316,.T.);
#12318=ORIENTED_EDGE('',*,*,#12317,.T.);
#12319=EDGE_LOOP('',(#12310,#12311,#12312,#12318));
#12320=FACE_BOUND('',#12319,.T.);
#12321=ADVANCED_FACE('NONE',(#12320),#12309,.T.);
#12322=OVER_RIDING_STYLED_ITEM('',(#3068),#12321,#4734);
#12323=CARTESIAN_POINT('',(33.254348834,1.827831338,24.49601539));
#12324=DIRECTION('',(0.985459518,0.,-0.169910385));
#12325=DIRECTION('',(0.169910385,-0.,0.985459518));
#12326=AXIS2_PLACEMENT_3D('',#12323,#12324,#12325);
#12327=PLANE('',#12326);
#12328=ORIENTED_EDGE('',*,*,#11556,.T.);
#12329=CARTESIAN_POINT('',(33.254348834,1.827831338,24.49601539));
#12330=DIRECTION('',(0.,-1.,-0.));
#12331=VECTOR('',#12330,3.2);
#12332=LINE('',#12329,#12331);
#12333=EDGE_CURVE('NONE',#11543,#11024,#12332,.T.);
#12334=ORIENTED_EDGE('',*,*,#12333,.T.);
#12335=ORIENTED_EDGE('',*,*,#11029,.T.);
#12336=ORIENTED_EDGE('',*,*,#12297,.F.);
#12337=EDGE_LOOP('',(#12328,#12334,#12335,#12336));
#12338=FACE_BOUND('',#12337,.T.);
#12339=ADVANCED_FACE('NONE',(#12338),#12327,.T.);
#12340=OVER_RIDING_STYLED_ITEM('',(#3068),#12339,#4734);
#12341=CARTESIAN_POINT('',(33.968462792,1.827831338,27.044721485));
#12342=DIRECTION('',(0.60423639,0.,0.796805111));
#12343=DIRECTION('',(-0.796805111,-0.,0.60423639));
#12344=AXIS2_PLACEMENT_3D('',#12341,#12342,#12343);
#12345=PLANE('',#12344);
#12346=ORIENTED_EDGE('',*,*,#11492,.T.);
#12347=ORIENTED_EDGE('',*,*,#12317,.F.);
#12348=ORIENTED_EDGE('',*,*,#11093,.T.);
#12349=CARTESIAN_POINT('',(34.359288308,-1.372168662,26.748349141));
#12350=DIRECTION('',(-0.,1.,0.));
#12351=VECTOR('',#12350,3.2);
#12352=LINE('',#12349,#12351);
#12353=EDGE_CURVE('NONE',#11080,#11487,#12352,.T.);
#12354=ORIENTED_EDGE('',*,*,#12353,.T.);
#12355=EDGE_LOOP('',(#12346,#12347,#12348,#12354));
#12356=FACE_BOUND('',#12355,.T.);
#12357=ADVANCED_FACE('NONE',(#12356),#12345,.T.);
#12358=OVER_RIDING_STYLED_ITEM('',(#3068),#12357,#4734);
#12359=CARTESIAN_POINT('',(33.742268052,1.827831338,24.546175007));
#12360=DIRECTION('',(0.102264149,0.,-0.994757279));
#12361=DIRECTION('',(0.994757279,-0.,0.102264149));
#12362=AXIS2_PLACEMENT_3D('',#12359,#12360,#12361);
#12363=PLANE('',#12362);
#12364=ORIENTED_EDGE('',*,*,#11548,.T.);
#12365=CARTESIAN_POINT('',(33.742268052,1.827831338,24.546175007));
#12366=DIRECTION('',(0.,-1.,-0.));
#12367=VECTOR('',#12366,3.2);
#12368=LINE('',#12365,#12367);
#12369=EDGE_CURVE('NONE',#11535,#11032,#12368,.T.);
#12370=ORIENTED_EDGE('',*,*,#12369,.T.);
#12371=ORIENTED_EDGE('',*,*,#11037,.T.);
#12372=ORIENTED_EDGE('',*,*,#12333,.F.);
#12373=EDGE_LOOP('',(#12364,#12370,#12371,#12372));
#12374=FACE_BOUND('',#12373,.T.);
#12375=ADVANCED_FACE('NONE',(#12374),#12363,.T.);
#12376=OVER_RIDING_STYLED_ITEM('',(#3068),#12375,#4734);
#12377=CARTESIAN_POINT('',(34.359288308,1.827831338,26.748349141));
#12378=DIRECTION('',(0.796805111,0.,-0.60423639));
#12379=DIRECTION('',(0.60423639,-0.,0.796805111));
#12380=AXIS2_PLACEMENT_3D('',#12377,#12378,#12379);
#12381=PLANE('',#12380);
#12382=ORIENTED_EDGE('',*,*,#11500,.T.);
#12383=ORIENTED_EDGE('',*,*,#12353,.F.);
#12384=ORIENTED_EDGE('',*,*,#11085,.T.);
#12385=CARTESIAN_POINT('',(34.062915964,-1.372168662,26.357523624));
#12386=DIRECTION('',(-0.,1.,0.));
#12387=VECTOR('',#12386,3.2);
#12388=LINE('',#12385,#12387);
#12389=EDGE_CURVE('NONE',#11072,#11495,#12388,.T.);
#12390=ORIENTED_EDGE('',*,*,#12389,.T.);
#12391=EDGE_LOOP('',(#12382,#12383,#12384,#12390));
#12392=FACE_BOUND('',#12391,.T.);
#12393=ADVANCED_FACE('NONE',(#12392),#12381,.T.);
#12394=OVER_RIDING_STYLED_ITEM('',(#3068),#12393,#4734);
#12395=CARTESIAN_POINT('',(33.692108436,1.827831338,25.034094225));
#12396=DIRECTION('',(0.994757279,0.,0.102264149));
#12397=DIRECTION('',(-0.102264149,-0.,0.994757279));
#12398=AXIS2_PLACEMENT_3D('',#12395,#12396,#12397);
#12399=PLANE('',#12398);
#12400=ORIENTED_EDGE('',*,*,#11540,.T.);
#12401=CARTESIAN_POINT('',(33.692108436,1.827831338,25.034094225));
#12402=DIRECTION('',(0.,-1.,-0.));
#12403=VECTOR('',#12402,3.2);
#12404=LINE('',#12401,#12403);
#12405=EDGE_CURVE('NONE',#11527,#11040,#12404,.T.);
#12406=ORIENTED_EDGE('',*,*,#12405,.T.);
#12407=ORIENTED_EDGE('',*,*,#11045,.T.);
#12408=ORIENTED_EDGE('',*,*,#12369,.F.);
#12409=EDGE_LOOP('',(#12400,#12406,#12407,#12408));
#12410=FACE_BOUND('',#12409,.T.);
#12411=ADVANCED_FACE('NONE',(#12410),#12399,.T.);
#12412=OVER_RIDING_STYLED_ITEM('',(#3068),#12411,#4734);
#12413=CARTESIAN_POINT('',(34.062915964,1.827831338,26.357523624));
#12414=DIRECTION('',(0.796805111,0.,0.60423639));
#12415=DIRECTION('',(-0.60423639,-0.,0.796805111));
#12416=AXIS2_PLACEMENT_3D('',#12413,#12414,#12415);
#12417=PLANE('',#12416);
#12418=ORIENTED_EDGE('',*,*,#11508,.T.);
#12419=ORIENTED_EDGE('',*,*,#12389,.F.);
#12420=ORIENTED_EDGE('',*,*,#11077,.T.);
#12421=CARTESIAN_POINT('',(34.359288308,-1.372168662,25.966698108));
#12422=DIRECTION('',(-0.,1.,0.));
#12423=VECTOR('',#12422,3.2);
#12424=LINE('',#12421,#12423);
#12425=EDGE_CURVE('NONE',#11064,#11503,#12424,.T.);
#12426=ORIENTED_EDGE('',*,*,#12425,.T.);
#12427=EDGE_LOOP('',(#12418,#12419,#12420,#12426));
#12428=FACE_BOUND('',#12427,.T.);
#12429=ADVANCED_FACE('NONE',(#12428),#12417,.T.);
#12430=OVER_RIDING_STYLED_ITEM('',(#3068),#12429,#4734);
#12431=CARTESIAN_POINT('',(34.148401383,1.827831338,25.214032816));
#12432=DIRECTION('',(0.366854219,0.,-0.930278443));
#12433=DIRECTION('',(0.930278443,-0.,0.366854219));
#12434=AXIS2_PLACEMENT_3D('',#12431,#12432,#12433);
#12435=PLANE('',#12434);
#12436=ORIENTED_EDGE('',*,*,#11532,.T.);
#12437=CARTESIAN_POINT('',(34.148401383,1.827831338,25.214032816));
#12438=DIRECTION('',(0.,-1.,-0.));
#12439=VECTOR('',#12438,3.2);
#12440=LINE('',#12437,#12439);
#12441=EDGE_CURVE('NONE',#11519,#11048,#12440,.T.);
#12442=ORIENTED_EDGE('',*,*,#12441,.T.);
#12443=ORIENTED_EDGE('',*,*,#11053,.T.);
#12444=ORIENTED_EDGE('',*,*,#12405,.F.);
#12445=EDGE_LOOP('',(#12436,#12442,#12443,#12444));
#12446=FACE_BOUND('',#12445,.T.);
#12447=ADVANCED_FACE('NONE',(#12446),#12435,.T.);
#12448=OVER_RIDING_STYLED_ITEM('',(#3068),#12447,#4734);
#12449=CARTESIAN_POINT('',(34.359288308,1.827831338,25.966698108));
#12450=DIRECTION('',(0.60423639,0.,-0.796805111));
#12451=DIRECTION('',(0.796805111,-0.,0.60423639));
#12452=AXIS2_PLACEMENT_3D('',#12449,#12450,#12451);
#12453=PLANE('',#12452);
#12454=ORIENTED_EDGE('',*,*,#11516,.T.);
#12455=ORIENTED_EDGE('',*,*,#12425,.F.);
#12456=ORIENTED_EDGE('',*,*,#11069,.T.);
#12457=CARTESIAN_POINT('',(33.968462792,-1.372168662,25.670325764));
#12458=DIRECTION('',(-0.,1.,0.));
#12459=VECTOR('',#12458,3.2);
#12460=LINE('',#12457,#12459);
#12461=EDGE_CURVE('NONE',#11056,#11511,#12460,.T.);
#12462=ORIENTED_EDGE('',*,*,#12461,.T.);
#12463=EDGE_LOOP('',(#12454,#12455,#12456,#12462));
#12464=FACE_BOUND('',#12463,.T.);
#12465=ADVANCED_FACE('NONE',(#12464),#12453,.T.);
#12466=OVER_RIDING_STYLED_ITEM('',(#3068),#12465,#4734);
#12467=CARTESIAN_POINT('',(33.968462792,1.827831338,25.670325764));
#12468=DIRECTION('',(0.930278443,0.,0.366854219));
#12469=DIRECTION('',(-0.366854219,-0.,0.930278443));
#12470=AXIS2_PLACEMENT_3D('',#12467,#12468,#12469);
#12471=PLANE('',#12470);
#12472=ORIENTED_EDGE('',*,*,#11524,.T.);
#12473=ORIENTED_EDGE('',*,*,#12461,.F.);
#12474=ORIENTED_EDGE('',*,*,#11061,.T.);
#12475=ORIENTED_EDGE('',*,*,#12441,.F.);
#12476=EDGE_LOOP('',(#12472,#12473,#12474,#12475));
#12477=FACE_BOUND('',#12476,.T.);
#12478=ADVANCED_FACE('NONE',(#12477),#12471,.T.);
#12479=OVER_RIDING_STYLED_ITEM('',(#3068),#12478,#4734);
#12480=CLOSED_SHELL('',(#4808,#4890,#4965,#5040,#5073,#5112,#5145,#5184,#5227,#5269,#5319,#5369,#5419,#5461,#5503,#5576,#5643,#5694,#5725,#5784,#5843,#5964,#5995,#6120,#6201,#6257,
#6324,#6342,#6375,#6400,#6418,#6527,#6545,#6557,#6575,#6600,#6649,#6774,#6798,#6872,#6921,#6953,#6977,#7002,#7026,#7051,#7075,#7100,#7117,#7180,#7215,
#7250,#7267,#7291,#7316,#7348,#7402,#7424,#7462,#7506,#7536,#7559,#7583,#7623,#7640,#7657,#7687,#7706,#7723,#7741,#7758,#7783,#7808,#7831,#7843,#7873,
#7898,#7922,#7947,#7979,#8033,#8055,#8072,#8089,#8111,#8146,#8231,#8248,#8265,#8277,#8289,#8301,#8313,#8330,#8348,#8391,#8403,#8511,#8620,#8633,#8651,
#8663,#8675,#8687,#8704,#8716,#8728,#8768,#8793,#8833,#8887,#8905,#8935,#8954,#8973,#8992,#9024,#9049,#9074,#9099,#9124,#9149,#9174,#9199,#9224,#9249,
#9274,#9292,#9324,#9349,#9374,#9399,#9424,#9449,#9474,#9499,#9524,#9549,#9574,#9592,#9623,#9690,#9702,#9765,#9777,#9787,#9895,#9906,#9916,#9926,#9946,
#9967,#10076,#10094,#10111,#10128,#10145,#10157,#10175,#10206,#10231,#10256,#10281,#10306,#10331,#10356,#10381,#10406,#10431,#10456,#10474,#10506,#10531,#10556,#10581,#10606,
#10631,#10656,#10681,#10706,#10731,#10756,#10774,#10795,#10815,#10836,#10855,#11235,#11266,#11291,#11662,#11680,#11698,#11717,#11735,#11753,#11764,#11781,#11799,#11817,#11835,
#11853,#11871,#11889,#11907,#11925,#11943,#11961,#11979,#11997,#12015,#12033,#12051,#12069,#12087,#12105,#12123,#12141,#12159,#12177,#12195,#12213,#12231,#12249,#12267,#12285,
#12303,#12321,#12339,#12357,#12375,#12393,#12411,#12429,#12447,#12465,#12478));
#12481=MANIFOLD_SOLID_BREP('39197 TETRIX 485HB Standard Servo-1-solid1',#12480);
#4734=STYLED_ITEM('',(#1160),#12481);
#4715=SHAPE_REPRESENTATION('39177_CRServo.step',(#4714),#4709);
#4716=ADVANCED_BREP_SHAPE_REPRESENTATION('39177_CRServo.step',(#12481),#4709);
#12489=SHAPE_REPRESENTATION_RELATIONSHIP('','',#4715,#4716);
#12490=APPLICATION_CONTEXT('configuration controlled 3D design of mechanical parts and assemblies');
#12491=APPLICATION_PROTOCOL_DEFINITION('international standard','configuration_control_3d_design_ed2_mim',2004,#12490);
#12492=PRODUCT_CONTEXT('',#12490,'mechanical');
#12493=PRODUCT_DEFINITION_CONTEXT('part definition',#12490,'design');
#4723=PRODUCT('0','0','',(#12492));
#12494=PRODUCT_RELATED_PRODUCT_CATEGORY('part','',(#4723));
#12495=PRODUCT_DEFINITION_FORMATION_WITH_SPECIFIED_SOURCE('','',#4723,.NOT_KNOWN.);
#4724=PRODUCT_DEFINITION('design','',#12495,#12493);
#4722=PRODUCT_DEFINITION_SHAPE('','',#4724);
#12496=SHAPE_DEFINITION_REPRESENTATION(#4722,#4715);
#4710=DRAUGHTING_MODEL('',(),#4709);
#16=SHAPE_REPRESENTATION('root',(#15,#4728),#10);
#17=ADVANCED_BREP_SHAPE_REPRESENTATION('root',(#176,#327,#1153,#3061,#3689,#3969,#4120,#4271,#4422,#4639),#10);
#12504=SHAPE_REPRESENTATION_RELATIONSHIP('','',#16,#17);
#18=GEOMETRICALLY_BOUNDED_WIREFRAME_SHAPE_REPRESENTATION('root',(#3720,#3731,#3747,#4700,#4701),#10);
#12512=SHAPE_REPRESENTATION_RELATIONSHIP('','',#16,#18);
#21=MANIFOLD_SURFACE_SHAPE_REPRESENTATION('root',(#2970),#10);
#12520=SHAPE_REPRESENTATION_RELATIONSHIP('','',#16,#21);
#24=PRODUCT('root','root','',(#12492));
#12521=PRODUCT_RELATED_PRODUCT_CATEGORY('part','',(#24));
#12522=PRODUCT_DEFINITION_FORMATION_WITH_SPECIFIED_SOURCE('','',#24,.NOT_KNOWN.);
#25=PRODUCT_DEFINITION('design','',#12522,#12493);
#23=PRODUCT_DEFINITION_SHAPE('','',#25);
#12523=SHAPE_DEFINITION_REPRESENTATION(#23,#16);
#11=DRAUGHTING_MODEL('',(),#10);
#1=MECHANICAL_DESIGN_GEOMETRIC_PRESENTATION_REPRESENTATION('',(#26,#177,#328,#1161,#3059,#2971,#3074,#3753,#3970,#4121,#4272,#4423,#4816,#4891,#4966,#5041,#5074,#5113,#5146,#5185,#5277,#5327,#5377,#5504,#6343,#6558,
#7688,#7874,#8349,#8512,#8621,#8634,#8936,#8955,#8974,#8993,#9025,#9050,#9075,#9100,#9125,#9150,#9175,#9200,#9225,#9250,#9275,#9293,#9325,#9350,#9375,
#9400,#9425,#9450,#9475,#9500,#9525,#9550,#9575,#9593,#9624,#9896,#9947,#9968,#10077,#10207,#10232,#10257,#10282,#10307,#10332,#10357,#10382,#10407,#10432,#10457,
#10475,#10507,#10532,#10557,#10582,#10607,#10632,#10657,#10682,#10707,#10732,#10757,#10775,#10816,#10837,#11267,#11292,#11663,#11681,#11699,#11718,#11736,#11754,#11782,#11800,
#11818,#11836,#11854,#11872,#11890,#11908,#11926,#11944,#11962,#11980,#11998,#12016,#12034,#12052,#12070,#12088,#12106,#12124,#12142,#12160,#12178,#12196,#12214,#12232,#12250,
#12268,#12286,#12304,#12322,#12340,#12358,#12376,#12394,#12412,#12430,#12448,#12466,#12479,#4734),#10);
ENDSEC;
END-ISO-10303-21;
